Case ID;Actual;Prefix Length;Prediction;Prediction Probability;SHAP Subset Stability;SHAP Weight Stability;SHAP Adjusted Weight Stability;LIME Subset Stability;LIME Weight Stability;LIME Adjusted Weight Stability
1008_11;1;11;0;1.0;1.0;0.999552481867803;0.999552481867803;0.15329178905256358;0.8411453123023886;0.8411453123023886
1028_11;1;11;1;1.0;0.9647018208469716;-1.0352789658336934;-1.0352789658336934;0.13823439059980025;0.8830204826883619;0.8830204826883619
1034_11;0;11;1;1.0;0.9647018208469716;-0.5023644483139151;-0.5023644483139151;0.14594661416074006;0.8028375353245175;0.8028375353245175
1038_11;0;11;0;1.0;1.0;0.35196893486981884;0.35196893486981884;0.13584285165685783;0.8494764865933766;0.8494764865933766
1095_11;0;11;1;1.0;0.9820376382876382;-0.3209591103749108;-0.3209591103749108;0.13908501630975623;0.8381184937435816;0.8381184937435816
1140_11;0;11;1;1.0;0.6923004297923565;-1.9751930911078082;-1.9751930911078082;0.1536414032510398;0.8821279665237579;0.8821279665237579
926_11;1;11;1;1.0;1.0;0.14004648225949667;0.14004648225949667;0.1508879686625627;0.8479159270124674;0.8479159270124674
980_11;1;11;1;1.0;0.9820376382876382;-0.6155760662793499;-0.6155760662793499;0.13885317845877077;0.37918320467930033;0.37918320467930033
