Case ID;Actual;Prefix Length;Prediction;Prediction Probability;SHAP Subset Stability;SHAP Weight Stability;SHAP Adjusted Weight Stability;LIME Subset Stability;LIME Weight Stability;LIME Adjusted Weight Stability
1030_9;1;9;1;1.0;0.7092332630094103;-0.7889525679171829;-0.7889525679171829;0.16800561260480829;0.7121001199359216;0.7121001199359216
1038_9;0;9;0;1.0;1.0;0.9995542826404986;0.9995542826404986;0.18985409167737333;0.827315969510893;0.827315969510893
1119_9;1;9;1;1.0;0.9281594700026904;-1.7231317122238412;-1.7231317122238412;0.1669953184273255;0.8429115225581777;0.8429115225581777
1140_9;0;9;0;1.0;1.0;-0.6617969400268418;-0.6617969400268418;0.1674380084766406;0.8779086121227963;0.8779086121227963
1142_9;0;9;1;1.0;0.92109770680111;-1.4149063788139076;-1.4149063788139076;0.16973949402881805;0.8351772599968404;0.8351772599968404
916_9;0;9;1;1.0;0.6734714873603762;-2.0045134858147793;-2.0045134858147793;0.16522243748018461;0.8610887834274557;0.8610887834274557
941_9;1;9;1;1.0;0.6908969234386587;-2.126277582743808;-2.126277582743808;0.16080189365122322;0.8675469065837174;0.8675469065837174
969_9;1;9;1;1.0;0.6734714873603762;-2.8892843733314546;-2.8892843733314546;0.16371772241054683;0.7512395568746018;0.7512395568746018
