Case ID;Actual;Prefix Length;Prediction;Prediction Probability;SHAP Subset Stability;SHAP Weight Stability;SHAP Adjusted Weight Stability
1031_12;0;12;0;1.0;1.0;0.711936617325781;0.711936617325781
1057_12;1;12;1;1.0;1.0;0.8256001436935086;0.8256001436935086
1098_12;0;12;1;1.0;0.9675437783452601;0.013694048827361027;0.013694048827361027
1118_12;0;12;1;1.0;0.728664027709055;-0.8137019810224697;-0.8137019810224697
1136_12;0;12;1;1.0;1.0;0.7870919804073087;0.7870919804073087
1139_12;1;12;1;1.0;0.9675437783452601;0.35396836689227906;0.35396836689227906
978_12;1;12;1;1.0;0.9528277053810326;0.527481345359253;0.527481345359253
986_12;1;12;1;1.0;0.9835074886233341;0.46147703297708;0.46147703297708
