Case ID;Actual;Prefix Length;Prediction;Prediction Probability;SHAP Subset Stability;SHAP Weight Stability;SHAP Adjusted Weight Stability
972.0;0.0;1.0;0.0;1.0;1.0;0.9999862648543066;0.9999862648543066
991.0;1.0;1.0;0.0;1.0;1.0;0.9999792663756608;0.9999792663756608
1042.0;1.0;1.0;0.0;1.0;1.0;0.9999889744425398;0.9999889744425398
1088.0;0.0;1.0;0.0;1.0;1.0;0.999980895233315;0.999980895233315
1090.0;1.0;1.0;1.0;1.0;1.0;0.9999647291859303;0.9999647291859303
1102.0;0.0;1.0;1.0;1.0;1.0;0.9999635190803758;0.9999635190803758
1133.0;0.0;1.0;0.0;1.0;1.0;0.9999607896022012;0.9999607896022012
1137.0;1.0;1.0;1.0;1.0;1.0;0.9999673031543331;0.9999673031543331
