Case ID;Actual;Prefix Length;Prediction;Prediction Probability;SHAP Subset Stability;SHAP Weight Stability;SHAP Adjusted Weight Stability;LIME Subset Stability;LIME Weight Stability;LIME Adjusted Weight Stability
1020_13;1;13;1;1.0;1.0;0.9981099358349704;0.9981099358349704;0.16017238071703077;0.8055793015655709;0.8055793015655709
1023_13;0;13;1;1.0;0.9847552360607192;0.12462140171944748;0.12462140171944748;0.1574381690660761;0.7201567691121129;0.7201567691121129
1031_13;0;13;0;1.0;1.0;0.9997948784724412;0.9997948784724412;0.1828560754022609;0.8187377566929526;0.8187377566929526
1113_13;1;13;1;1.0;0.9847552360607192;0.3947586454834706;0.3947586454834706;0.16779037949274722;0.7598403391390273;0.7598403391390273
1120_13;1;13;1;1.0;1.0;0.997143068770071;0.997143068770071;0.15753969628100428;0.8094065789086232;0.8094065789086232
940_13;0;13;0;1.0;1.0;0.9947147454977764;0.9947147454977764;0.16821250587987913;0.8232143226526991;0.8232143226526991
957_13;1;13;1;1.0;1.0;0.999285149508588;0.999285149508588;0.17541452598026097;0.6115865108052124;0.6115865108052124
970_13;0;13;1;1.0;1.0;0.9882749482733444;0.9882749482733444;0.159798755404024;0.831807126852922;0.831807126852922
