Case ID;Actual;Prefix Length;Prediction;Prediction Probability;SHAP Subset Stability;SHAP Weight Stability;SHAP Adjusted Weight Stability
1080_4;0;4;1;1.0;0.8331590869489458;-5.118887871043089;-5.118887871043089
1081_4;1;4;0;1.0;1.0;0.5483821006124479;0.5483821006124479
1084_4;0;4;1;1.0;0.5618899250479343;-8.638221750700836;-8.638221750700836
921_4;0;4;1;1.0;0.1993031358885018;-7.828459551773138;-7.828459551773138
949_4;1;4;0;1.0;0.39947735191637634;-7.870717341822729;-7.870717341822729
953_4;0;4;0;1.0;1.0;0.9608312541246173;0.9608312541246173
981_4;1;4;1;1.0;0.3805198406178114;-2.281429031407196;-2.281429031407196
990_4;1;4;1;1.0;0.7854528705870637;-4.96106084397891;-4.96106084397891
