Case ID;Actual;Prefix Length;Prediction;Prediction Probability;SHAP Subset Stability;SHAP Weight Stability;SHAP Adjusted Weight Stability
1011_10;0;10;1;1.0;0.4981771984091914;-2.3456746264876056;-2.3456746264876056
1028_10;1;10;1;1.0;0.9613170511543145;-0.9010753135734615;-0.9010753135734615
1079_10;0;10;1;1.0;0.4996695671329442;-0.2733237828573716;-0.2733237828573716
1132_10;1;10;1;1.0;0.7145265004876773;-0.42701771523331633;-0.42701771523331633
923_10;0;10;1;1.0;0.7487833204291561;-0.5561161324264792;-0.5561161324264792
932_10;0;10;1;1.0;0.28078790553961597;-0.5402783800928652;-0.5402783800928652
938_10;1;10;1;1.0;0.7249187743216274;-0.6239912933086533;-0.6239912933086533
943_10;1;10;1;1.0;0.9359760394644115;-1.0292901741879348;-1.0292901741879348
