Case ID;Actual;Prefix Length;Prediction;Prediction Probability;SHAP Subset Stability;SHAP Weight Stability;SHAP Adjusted Weight Stability
1015_8;0;8;0;1.0;0.8994314592545799;-3.136829647648087;-3.136829647648087
1029_8;0;8;0;1.0;0.21754253308128524;-2.9057383352082375;-2.9057383352082375
1036_8;1;8;1;1.0;0.7273726904010815;-2.358775489900312;-2.358775489900312
1064_8;1;8;1;1.0;0.4827039156545906;-3.9176883208121955;-3.9176883208121955
1066_8;1;8;1;1.0;0.6562537370945668;-2.164014722975442;-2.164014722975442
1091_8;1;8;1;1.0;0.1795506081220366;-4.895383054813607;-4.895383054813607
1108_8;0;8;1;1.0;0.3320746800923011;-4.294232404768771;-4.294232404768771
1124_8;0;8;1;1.0;0.44946887497508126;-3.8827973348439047;-3.8827973348439047
