Case ID;Actual;Prefix Length;Prediction;Prediction Probability
1032_3;1;3;1;1.0
1049_3;1;3;1;0.9999999999990905
1062_3;1;3;1;1.0
1088_3;0;3;1;1.0
1106_3;0;3;0;0.9999994165493146
1140_3;0;3;0;1.0
913_3;1;3;1;1.0
948_3;0;3;1;0.9999998466514743
