Case ID;Actual;Prefix Length;Prediction;Prediction Probability;SHAP Subset Stability;SHAP Weight Stability;SHAP Adjusted Weight Stability
1010_14;0;14;1;1.0;0.7866241951733484;0.6184087332061654;0.6184087332061654
1022_14;0;14;1;1.0;0.9720428982735089;0.31537985201416907;0.31537985201416907
1040_14;1;14;1;1.0;0.9720428982735089;0.01883196779718166;0.01883196779718166
1057_14;1;14;1;1.0;0.7151440513509479;0.010323686493787121;0.010323686493787121
919_14;0;14;1;1.0;0.7866241951733484;0.6549983806874657;0.6549983806874657
954_14;1;14;1;1.0;0.7103419278256937;-0.4532491763612303;-0.4532491763612303
967_14;0;14;0;1.0;1.0;0.814789824836226;0.814789824836226
995_14;1;14;1;1.0;0.9602572333605562;0.6789769271823036;0.6789769271823036
