Case ID;Actual;Prefix Length;Prediction;Prediction Probability;SHAP Subset Stability;SHAP Weight Stability;SHAP Adjusted Weight Stability
1008_11;1;11;0;1.0;1.0;0.999552481867803;0.999552481867803
1028_11;1;11;1;1.0;0.9647018208469716;-1.0352789658336934;-1.0352789658336934
1034_11;0;11;1;1.0;0.9647018208469716;-0.5023644483139151;-0.5023644483139151
1038_11;0;11;0;1.0;1.0;0.35196893486981884;0.35196893486981884
1095_11;0;11;1;1.0;0.9820376382876382;-0.32095911037491076;-0.32095911037491076
1140_11;0;11;1;1.0;0.6923004297923565;-1.975193091107808;-1.975193091107808
926_11;1;11;1;1.0;1.0;0.14004648225949667;0.14004648225949667
980_11;1;11;1;1.0;0.9820376382876382;-0.6155760662793499;-0.6155760662793499
