Case ID;Actual;Prefix Length;Prediction;Prediction Probability;SHAP Subset Stability;SHAP Weight Stability;SHAP Adjusted Weight Stability;LIME Subset Stability;LIME Weight Stability;LIME Adjusted Weight Stability
1040_5;1;5;1;1.0;0.666189035716181;-2.8503529243612524;-2.8503529243612524;0.4117758395536826;0.8380691339878166;0.8380691339878166
1048_5;0;5;1;0.9999988811106852;0.16467463479415667;-4.407735519025602;-4.407735519025602;0.41341419695853987;0.9261482501332876;0.9261482501332876
1066_5;1;5;1;1.0;0.311624482648838;-5.4200180902234685;-5.4200180902234685;0.4114006439209691;0.8052803656788439;0.8052803656788439
1076_5;1;5;1;1.0;0.3995226730310264;-4.200856048227715;-4.200856048227715;0.4237289189410608;0.2689850061552328;0.2689850061552328
1111_5;0;5;0;1.0;0.2480873445967485;-3.5068572432772593;-3.5068572432772593;0.4360965200026474;0.8055440804532003;0.8055440804532003
1137_5;1;5;1;1.0;0.3326967960959051;-2.6508534611216117;-2.6508534611216117;0.4241500239949795;0.8356578385684497;0.8356578385684497
933_5;0;5;1;1.0;0.24904489016236864;-5.339550101101554;-5.339550101101554;0.4254947473430438;0.8911550567390216;0.8911550567390216
999_5;0;5;1;1.0;0.24904489016236864;-4.998777851098258;-4.998777851098258;0.42786736991496266;0.9248722184704621;0.9248722184704621
