Case ID;Actual;Prefix Length;Prediction;Prediction Probability;SHAP Subset Stability;SHAP Weight Stability;SHAP Adjusted Weight Stability;LIME Subset Stability;LIME Weight Stability;LIME Adjusted Weight Stability
1080_4;0;4;1;1.0;0.8331590869489458;-5.118887871043089;-5.118887871043089;0.4146822101357983;0.8008840005162003;0.8008840005162003
1081_4;1;4;0;1.0;1.0;0.5483821006124479;0.5483821006124479;0.4114621865818038;0.910988854625119;0.910988854625119
1084_4;0;4;1;1.0;0.5618899250479343;-8.638221750700836;-8.638221750700836;0.41408143333527225;0.9178964691173128;0.9178964691173128
921_4;0;4;1;1.0;0.1993031358885018;-7.828459551773138;-7.828459551773138;0.42593446451517736;0.9065074920281649;0.9065074920281649
949_4;1;4;0;1.0;0.3994773519163763;-7.870717341822729;-7.870717341822729;0.43996425194954836;0.922235069428023;0.922235069428023
953_4;0;4;0;1.0;1.0;0.9608312541246172;0.9608312541246172;0.42390428910524414;0.9125821109368765;0.9125821109368765
981_4;1;4;1;1.0;0.3805198406178114;-2.281429031407196;-2.281429031407196;0.42311660540604457;0.9249238732220724;0.9249238732220724
990_4;1;4;1;1.0;0.7854528705870637;-4.961060843978911;-4.961060843978911;0.42577836893398546;0.9291592234239521;0.9291592234239521
