Case ID;Actual;Prefix Length;Prediction;Prediction Probability;SHAP Subset Stability;SHAP Weight Stability;SHAP Adjusted Weight Stability;LIME Subset Stability;LIME Weight Stability;LIME Adjusted Weight Stability
1011_10;0;10;1;1.0;0.4981771984091914;-2.3456746264876056;-2.3456746264876056;0.16947950049684302;0.8111634306207792;0.8111634306207792
1028_10;1;10;1;1.0;0.9613170511543144;-0.9010753135734616;-0.9010753135734616;0.16480630498005455;0.84693603662097;0.84693603662097
1079_10;0;10;1;1.0;0.4996695671329442;-0.2733237828573716;-0.2733237828573716;0.15178648754264223;0.8383718048078243;0.8383718048078243
1132_10;1;10;1;1.0;0.7145265004876773;-0.4270177152333163;-0.4270177152333163;0.15612184401166773;0.7857265180607991;0.7857265180607991
923_10;0;10;1;1.0;0.7487833204291561;-0.5561161324264792;-0.5561161324264792;0.1657468384203924;0.8146933750252965;0.8146933750252965
932_10;0;10;1;1.0;0.280787905539616;-0.5402783800928652;-0.5402783800928652;0.1548688598686928;0.7240472736085807;0.7240472736085807
938_10;1;10;1;1.0;0.7249187743216274;-0.6239912933086533;-0.6239912933086533;0.16279234325908853;0.720581249083935;0.720581249083935
943_10;1;10;1;1.0;0.9359760394644115;-1.0292901741879348;-1.0292901741879348;0.15131615975205293;0.8037663866923833;0.8037663866923833
