Case ID;Actual;Prefix Length;Prediction;Prediction Probability;SHAP Subset Stability;SHAP Weight Stability;SHAP Adjusted Weight Stability;LIME Subset Stability;LIME Weight Stability;LIME Adjusted Weight Stability
1010_14;0;14;1;1.0;0.7866241951733484;0.6184087332061654;0.6184087332061654;0.11249290153446179;0.7778498222543473;0.7778498222543473
1022_14;0;14;1;1.0;0.9720428982735088;0.3153798520141691;0.3153798520141691;0.10561631921174053;0.8246962934682496;0.8246962934682496
1040_14;1;14;1;1.0;0.9720428982735088;0.01883196779718166;0.01883196779718166;0.10658888106178888;0.8044687610753782;0.8044687610753782
1057_14;1;14;1;1.0;0.7151440513509479;0.010323686493787121;0.010323686493787121;0.1188614669680983;0.8087746830894;0.8087746830894
919_14;0;14;1;1.0;0.7866241951733484;0.6549983806874657;0.6549983806874657;0.13306041310677108;-3.709078035914388;-3.709078035914388
954_14;1;14;1;1.0;0.7103419278256937;-0.4532491763612303;-0.4532491763612303;0.11460280919884092;-2.287810563303413;-2.287810563303413
967_14;0;14;0;1.0;1.0;0.814789824836226;0.814789824836226;0.11154826369448545;0.7096418903385326;0.7096418903385326
995_14;1;14;1;1.0;0.9602572333605562;0.6789769271823036;0.6789769271823036;0.10379839786381828;0.7231594264561267;0.7231594264561267
