Case ID;Actual;Prefix Length;Prediction;Prediction Probability;SHAP Subset Stability;SHAP Weight Stability;SHAP Adjusted Weight Stability;LIME Subset Stability;LIME Weight Stability;LIME Adjusted Weight Stability
1032_3;1;3;1;1.0;0.4078442654392023;-9.790013102291027;-9.790013102291027;0.387390541887462;0.9162591824099988;0.9162591824099988
1049_3;1;3;1;0.9999999999990904;0.5996168582375478;-15.348351590385365;-15.348351590385365;0.38039756653176005;0.9348292263289935;0.9348292263289935
1062_3;1;3;1;1.0;0.27119294207901823;-4.864420834985127;-4.864420834985127;0.2728491276386914;0.9380192559719327;0.9380192559719327
1088_3;0;3;1;1.0;0.4601954070488222;-1.2139647326340093;-1.2139647326340093;0.33347542683259923;0.9436398121292231;0.9436398121292231
1106_3;0;3;0;0.9999994165493146;0.6777078707130519;-5.464109177022624;-5.464109177022624;0.3695672642946106;0.9375624618979637;0.9375624618979637
1140_3;0;3;0;1.0;1.0;0.09798055785147652;0.09798055785147652;0.36975282485875705;0.933915408470193;0.933915408470193
913_3;1;3;1;1.0;0.3321830265848671;-3.8566467337318784;-3.8566467337318784;0.37178174988393187;0.9366291613094897;0.9366291613094897
948_3;0;3;1;0.9999998466514745;0.18625407322215812;-8.547911311477751;-8.547911311477751;0.3799021975235741;0.9441979681666304;0.9441979681666304
