Case ID;Actual;Prefix Length;Prediction;Prediction Probability;SHAP Subset Stability;SHAP Weight Stability;SHAP Adjusted Weight Stability
1030_9;1;9;1;1.0;0.7092332630094103;-0.7889525679171829;-0.7889525679171829
1038_9;0;9;0;1.0;1.0;0.9995542826404986;0.9995542826404986
1119_9;1;9;1;1.0;0.9281594700026904;-1.7231317122238412;-1.7231317122238412
1140_9;0;9;0;1.0;1.0;-0.6617969400268418;-0.6617969400268418
1142_9;0;9;1;1.0;0.9210977068011099;-1.4149063788139076;-1.4149063788139076
916_9;0;9;1;1.0;0.6734714873603762;-2.004513485814779;-2.004513485814779
941_9;1;9;1;1.0;0.6908969234386587;-2.126277582743808;-2.126277582743808
969_9;1;9;1;1.0;0.6734714873603762;-2.8892843733314546;-2.8892843733314546
