Case ID;Actual;Prefix Length;Prediction;Prediction Probability;SHAP Subset Stability;SHAP Weight Stability;SHAP Adjusted Weight Stability;LIME Subset Stability;LIME Weight Stability;LIME Adjusted Weight Stability
1057_7;1;7;1;1.0;0.418029891304348;-3.5187577233370373;-3.5187577233370373;0.325814165609137;0.8442883309238011;0.8442883309238011
1058_7;1;7;1;1.0;0.972086149287129;-0.5848284206180177;-0.5848284206180177;0.326977909517429;0.8373152342407751;0.8373152342407751
1063_7;1;7;1;1.0;0.6987763426240652;-0.8786148745934912;-0.8786148745934912;0.3275372436387505;0.8536108992801714;0.8536108992801714
1069_7;0;7;0;1.0;0.8528415431213136;-4.150584760379002;-4.150584760379002;0.32173534194468767;0.8524429908122503;0.8524429908122503
1071_7;1;7;1;1.0;0.20848993240636216;-2.6103526901662035;-2.6103526901662035;0.32824638604774325;0.8855395603201746;0.8855395603201746
1106_7;0;7;1;1.0;0.6704470114239087;-2.5474675848747115;-2.5474675848747115;0.3345568899642355;0.8625143154686834;0.8625143154686834
1135_7;0;7;1;1.0;0.6499509512975237;-2.7443631231437204;-2.7443631231437204;0.321138619382179;0.8470189230249271;0.8470189230249271
934_7;0;7;1;1.0;0.6547540119679043;-2.5530583428322635;-2.5530583428322635;0.32983853622661896;0.8605187460120043;0.8605187460120043
