Case ID;Actual;Prefix Length;Prediction;Prediction Probability;SHAP Subset Stability;SHAP Weight Stability;SHAP Adjusted Weight Stability;LIME Subset Stability;LIME Weight Stability;LIME Adjusted Weight Stability
1031_12;0;12;0;1.0;1.0;0.7119366173257808;0.7119366173257808;0.15506052437650686;0.8118809744903903;0.8118809744903903
1057_12;1;12;1;1.0;1.0;0.8256001436935086;0.8256001436935086;0.1645996127042746;0.8202718927452679;0.8202718927452679
1098_12;0;12;1;1.0;0.96754377834526;0.013694048827361029;0.013694048827361029;0.15366060612712173;0.7182834934596201;0.7182834934596201
1118_12;0;12;1;1.0;0.7286640277090551;-0.8137019810224697;-0.8137019810224697;0.14971047865696296;0.8269865100232182;0.8269865100232182
1136_12;0;12;1;1.0;1.0;0.7870919804073087;0.7870919804073087;0.1444341344994634;0.32077669910506845;0.32077669910506845
1139_12;1;12;1;1.0;0.96754377834526;0.35396836689227906;0.35396836689227906;0.1556487231947572;0.7746438327209029;0.7746438327209029
978_12;1;12;1;1.0;0.9528277053810326;0.527481345359253;0.527481345359253;0.17579799626669512;0.7881505884384016;0.7881505884384016
986_12;1;12;1;1.0;0.983507488623334;0.46147703297708004;0.46147703297708004;0.1677927695598055;0.6826577822869826;0.6826577822869826
