Case ID;Actual;Prefix Length;Prediction;Prediction Probability;SHAP Subset Stability;SHAP Weight Stability;SHAP Adjusted Weight Stability
1032_3;1;3;1;1.0;0.40784426543920227;-9.790013102291029;-9.790013102291029
1049_3;1;3;1;0.9999999999990904;0.5996168582375478;-15.348351590385366;-15.348351590385366
1062_3;1;3;1;1.0;0.27119294207901823;-4.864420834985127;-4.864420834985127
1088_3;0;3;1;1.0;0.4601954070488222;-1.2139647326340093;-1.2139647326340093
1106_3;0;3;0;0.9999994165493146;0.6777078707130519;-5.464109177022624;-5.464109177022624
1140_3;0;3;0;1.0;1.0;0.09798055785147652;0.09798055785147652
913_3;1;3;1;1.0;0.3321830265848671;-3.8566467337318784;-3.8566467337318784
948_3;0;3;1;0.9999998466514745;0.18625407322215815;-8.54791131147775;-8.54791131147775
