Case ID;Actual;Prefix Length;Prediction;Prediction Probability;SHAP Subset Stability;SHAP Weight Stability;SHAP Adjusted Weight Stability;LIME Subset Stability;LIME Weight Stability;LIME Adjusted Weight Stability
972.0;0.0;1.0;0.0;1.0;1.0;0.9999862648543066;0.9999862648543066;0.4518858176181867;0.9429788725164059;0.9429788725164059
991.0;1.0;1.0;0.0;1.0;1.0;0.9999792663756608;0.9999792663756608;0.4456429659488923;0.942900351533038;0.942900351533038
1042.0;1.0;1.0;0.0;1.0;1.0;0.9999889744425398;0.9999889744425398;0.4558021672150404;0.9256808019775199;0.9256808019775199
1088.0;0.0;1.0;0.0;1.0;1.0;0.9999808952333149;0.9999808952333149;0.44204779274223704;0.942348378706445;0.942348378706445
1090.0;1.0;1.0;1.0;1.0;1.0;0.9999647291859304;0.9999647291859304;0.178244805007023;0.9412524591565983;0.9412524591565983
1102.0;0.0;1.0;1.0;1.0;1.0;0.9999635190803758;0.9999635190803758;0.18938517530230348;0.8836002749878406;0.8836002749878406
1133.0;0.0;1.0;0.0;1.0;1.0;0.9999607896022012;0.9999607896022012;0.4502813324702486;0.9405188099889884;0.9405188099889884
1137.0;1.0;1.0;1.0;1.0;1.0;0.9999673031543332;0.9999673031543332;0.29673311219856735;0.9423851491290139;0.9423851491290139
