Case ID;Actual;Prefix Length;Prediction;Prediction Probability;SHAP Subset Stability;SHAP Weight Stability;SHAP Adjusted Weight Stability
1025_6;0;6;1;1.0;0.9238751552546176;-1.5308196675399364;-1.5308196675399364
1089_6;0;6;0;1.0;0.9086501863055411;-2.3591656553142566;-2.3591656553142566
1095_6;0;6;1;1.0;0.6653456627036548;-2.905449696892466;-2.905449696892466
1115_6;1;6;1;1.0;1.0;0.7234645753315904;0.7234645753315904
1122_6;1;6;0;1.0;1.0;0.9997236106959112;0.9997236106959112
1127_6;1;6;1;1.0;0.6839375703312296;-1.783375372271364;-1.783375372271364
946_6;1;6;1;1.0;0.7189728539985327;-1.3055492768769725;-1.3055492768769725
973_6;0;6;0;1.0;1.0;0.9997425159657906;0.9997425159657906
