Case ID;Actual;Prefix Length;Prediction;Prediction Probability;SHAP Subset Stability;SHAP Weight Stability;SHAP Adjusted Weight Stability;LIME Subset Stability;LIME Weight Stability;LIME Adjusted Weight Stability
1015_8;0;8;0;1.0;0.8994314592545799;-3.1368296476480872;-3.1368296476480872;0.2535498930947412;0.6074553258599541;0.6074553258599541
1029_8;0;8;0;1.0;0.21754253308128524;-2.905738335208237;-2.905738335208237;0.27004795216475785;0.8383734918781828;0.8383734918781828
1036_8;1;8;1;1.0;0.7273726904010815;-2.358775489900312;-2.358775489900312;0.26551181550596825;0.8190866269950384;0.8190866269950384
1064_8;1;8;1;1.0;0.4827039156545906;-3.917688320812196;-3.917688320812196;0.2577105803800718;-0.7730855190456023;-0.7730855190456023
1066_8;1;8;1;1.0;0.6562537370945668;-2.1640147229754416;-2.1640147229754416;0.24803496818488802;0.608045792664313;0.608045792664313
1091_8;1;8;1;1.0;0.1795506081220366;-4.895383054813607;-4.895383054813607;0.256024896286957;0.8612316598759109;0.8612316598759109
1108_8;0;8;1;1.0;0.3320746800923011;-4.294232404768771;-4.294232404768771;0.2571763449888588;0.8572017934459799;0.8572017934459799
1124_8;0;8;1;1.0;0.4494688749750813;-3.8827973348439047;-3.8827973348439047;0.25399576570218785;0.8226694216052326;0.8226694216052326
