Case ID;Actual;Prefix Length;Prediction;Prediction Probability;SHAP Subset Stability;SHAP Weight Stability;SHAP Adjusted Weight Stability;LIME Subset Stability;LIME Weight Stability;LIME Adjusted Weight Stability
1023_2;0;2;0;1.0;1.0;0.9993866274382264;0.9993866274382264;0.3459613250680479;0.9227745606444113;0.9227745606444113
1055_2;1;2;0;0.9999999301830964;1.0;0.982328266803212;0.982328266803212;0.3326345293332428;0.9187342860899169;0.9187342860899169
1098_2;0;2;0;1.0;1.0;0.9593389003197996;0.9593389003197996;0.32659874050348914;0.833281351460845;0.833281351460845
1104_2;1;2;0;1.0;1.0;0.9264145325731056;0.9264145325731056;0.31381676194128383;0.9245204810472634;0.9245204810472634
928_2;0;2;0;1.0;1.0;0.999742239916666;0.999742239916666;0.32697898980335416;0.9102452231597491;0.9102452231597491
933_2;0;2;0;1.0;0.6492545260915867;-0.8470320138360716;-0.8470320138360716;0.31692799070847866;0.9244267025492906;0.9244267025492906
955_2;1;2;1;1.0;0.7266336135104776;0.5204394192249779;0.5204394192249779;0.3257757651606873;0.9268781937760923;0.9268781937760923
981_2;1;2;1;1.0;0.8746803750266354;0.2957414955601844;0.2957414955601844;0.13590528129003288;0.9192531372670534;0.9192531372670534
