Case ID;Actual;Prefix Length;Prediction;Prediction Probability;SHAP Subset Stability;SHAP Weight Stability;SHAP Adjusted Weight Stability;LIME Subset Stability;LIME Weight Stability;LIME Adjusted Weight Stability
1025_6;0;6;1;1.0;0.9238751552546176;-1.5308196675399364;-1.5308196675399364;0.31554821167671854;0.908346215883489;0.908346215883489
1089_6;0;6;0;1.0;0.9086501863055412;-2.3591656553142566;-2.3591656553142566;0.3091655050675206;0.8971356210371276;0.8971356210371276
1095_6;0;6;1;1.0;0.6653456627036548;-2.9054496968924663;-2.9054496968924663;0.3198148283927156;0.8974219215434515;0.8974219215434515
1115_6;1;6;1;1.0;1.0;0.7234645753315904;0.7234645753315904;0.3235572383197516;0.8577096446724108;0.8577096446724108
1122_6;1;6;0;1.0;1.0;0.9997236106959112;0.9997236106959112;0.3155209282039739;0.8720355059283648;0.8720355059283648
1127_6;1;6;1;1.0;0.6839375703312296;-1.7833753722713641;-1.7833753722713641;0.3148853858903289;0.8974837865818246;0.8974837865818246
946_6;1;6;1;1.0;0.7189728539985327;-1.3055492768769723;-1.3055492768769723;0.31923598082134663;0.8366456006452903;0.8366456006452903
973_6;0;6;0;1.0;1.0;0.9997425159657906;0.9997425159657906;0.3275092881363172;0.8959503085081607;0.8959503085081607
