Case ID,Actual,Prefix Length,Prediction,Prediction Probability
205005_2,1,2,1,0.510044039472634
206408_2,1,2,1,0.5076245110449584
207753_2,0,2,0,0.5052573003847707
208002_2,0,2,0,0.664033638480673
208997_2,1,2,1,0.5150512634749502
209341_2,0,2,1,0.5193478601285272
210362_2,0,2,1,0.5399620111444757
213873_2,1,2,1,0.5135264941319219
