Case ID;Actual;Prefix Length;Prediction;Prediction Probability;SHAP Subset Stability;SHAP Weight Stability;SHAP Adjusted Weight Stability;LIME Subset Stability;LIME Weight Stability;LIME Adjusted Weight Stability;ACV Subset Stability;ACV Weight Stability;ACV Adjusted Weight Stability;LINDA Subset Stability;LINDA Weight Stability;LINDA Adjusted Weight Stability
204703_10;1;10;0;0.992599278477718;1.0;0.9537884232839507;0.9537884232839507;0.014134061267816469;1.0;1.0;;1.0;1.0;;1.0;1.0
204718_10;1;10;1;0.8863208790929002;1.0;0.9702525870387196;0.9702525870387196;-0.14160134207716954;0.999999999999946;0.999999999999946;;1.0;1.0;;1.0;1.0
205367_10;0;10;0;0.9991451279646916;1.0;0.9479945418052416;0.9479945418052416;-0.2343450773924909;0.9999999999999992;0.9999999999999992;;1.0;1.0;;1.0;1.0
205924_10;0;10;0;0.9999999978774384;1.0;0.9650157444787996;0.9650157444787996;-0.06458335656520209;0.9999999999999992;0.9999999999999992;;1.0;1.0;;1.0;1.0
206342_10;0;10;1;0.9997767752736992;1.0;0.9831545371952364;0.9831545371952364;-0.18917002373207706;0.9999999999999956;0.9999999999999956;;1.0;1.0;;1.0;1.0
208619_10;1;10;1;0.5796677590706518;1.0;0.9756016477580892;0.9756016477580892;-0.2033625653290816;1.0;1.0;;1.0;1.0;1.0;1.0;1.0
209269_10;0;10;0;0.9999817859812278;1.0;0.9660120884946533;0.9660120884946533;-0.20936492860951272;0.9999999999999998;0.9999999999999998;;1.0;1.0;;1.0;1.0
211011_10;1;10;0;0.8964007853420601;1.0;0.9641145772921637;0.9641145772921637;0.028632089778583888;0.9999999999999998;0.9999999999999998;;1.0;1.0;1.0;1.0;1.0
