Case ID,Actual,Prefix Length,Prediction,Prediction Probability
206669_3,0,3,0,0.9150572655309335
206862_3,0,3,1,0.5318009223155241
207041_3,0,3,0,0.5760611098175745
208139_3,1,3,1,0.523205109492169
208457_3,1,3,1,0.5978076964632749
209287_3,1,3,1,0.5342508872679007
209398_3,0,3,1,0.5611317721173632
211011_3,1,3,0,0.5256838352915884
