Case ID,Actual,Prefix Length,Prediction,Prediction Probability
204679_4,0,4,0,0.6395711864355419
206111_4,0,4,1,0.7017979906129609
206579_4,0,4,1,0.7571978820034958
209505_4,1,4,1,0.6571635826765132
213088_4,1,4,1,0.9981738365878955
213126_4,1,4,1,0.5531847365657724
