Case ID,Actual,Prefix Length,Prediction,Prediction Probability
204466_4,0,4,1,0.7485951737331248
204885_4,1,4,1,0.573124807515081
205002_4,1,4,0,0.7753818706894863
207518_4,0,4,1,0.7101720348292775
210617_4,0,4,1,0.9620565341399384
211573_4,0,4,1,0.6510381332067289
212003_4,1,4,1,0.6793826842627946
214085_4,1,4,0,0.9999999996542677
