Case ID,Actual,Prefix Length,Prediction,Prediction Probability
207912_12,1,12,1,0.870643849476912
208949_12,0,12,0,0.9623245356206379
209571_12,1,12,0,0.7043254374357425
212118_12,0,12,0,0.955685766170214
213273_12,0,12,0,0.9729273457026585
213354_12,1,12,0,0.9765359447410465
