Case ID;Actual;Prefix Length;Prediction;Prediction Probability;SHAP Subset Stability;SHAP Weight Stability;SHAP Adjusted Weight Stability
204685_9;0;9;0;0.8832268965786209;1.0;0.9754734794437919;0.9754734794437919
205655_9;1;9;0;0.550907668187511;1.0;0.9786408801184927;0.9786408801184927
207518_9;0;9;1;0.8931524926778756;1.0;0.9839582830572952;0.9839582830572952
207852_9;1;9;0;0.5086311277695976;1.0;0.721956198114003;0.721956198114003
208772_9;0;9;1;0.6126981675074199;1.0;0.9845889581997413;0.9845889581997413
210107_9;0;9;0;0.5330860196963559;1.0;0.9398736690824852;0.9398736690824852
211164_9;1;9;1;0.7163618884571322;1.0;0.9826875607854715;0.9826875607854715
213234_9;1;9;0;0.9414464930030394;1.0;0.9493519859312335;0.9493519859312335
