Case ID,Actual,Prefix Length,Prediction,Prediction Probability
204993_3,0,3,0,0.5537268134097221
206883_3,1,3,0,0.6234230973851694
209269_3,0,3,0,0.543634821975354
209511_3,0,3,0,0.9013204600708161
210476_3,1,3,1,0.5071580402541425
210969_3,1,3,0,0.7750590168158603
