Case ID,Actual,Prefix Length,Prediction,Prediction Probability
205370_18,0,18,0,0.9532670470773938
205882_18,1,18,1,0.9999999999999716
212289_18,1,18,1,0.999887372867885
212947_18,0,18,0,0.999828523814535
214034_18,0,18,0,0.9099450509657424
214058_18,1,18,0,0.9929567161028511
