Case ID;Actual;Prefix Length;Prediction;Prediction Probability;SHAP Subset Stability;SHAP Weight Stability;SHAP Adjusted Weight Stability;LIME Subset Stability;LIME Weight Stability;LIME Adjusted Weight Stability;ACV Subset Stability;ACV Weight Stability;ACV Adjusted Weight Stability;LINDA Subset Stability;LINDA Weight Stability;LINDA Adjusted Weight Stability
205418.0;0.0;1.0;0.0;0.5298816318359665;1.0;0.9995676499606722;0.9995676499606722;1.0;0.9999929986613246;0.9999929986613246;;1.0;1.0;;1.0;1.0
205794.0;0.0;1.0;0.0;0.6367186607102878;1.0;0.999534308349978;0.999534308349978;0.6343085106382979;0.9999147730502522;0.9999147730502522;;1.0;1.0;;1.0;1.0
206763.0;0.0;1.0;0.0;0.5356730417985979;1.0;0.9997144364123072;0.9997144364123072;1.0;0.9999682808921028;0.9999682808921028;;1.0;1.0;;1.0;1.0
206937.0;1.0;1.0;0.0;0.5237535024752266;1.0;0.9998605473666746;0.9998605473666746;1.0;0.9985346571409078;0.9985346571409078;;1.0;1.0;;1.0;1.0
209341.0;0.0;1.0;0.0;0.5250415360557206;1.0;0.999625760887582;0.999625760887582;1.0;0.99996169923711;0.99996169923711;;1.0;1.0;;1.0;1.0
209571.0;1.0;1.0;0.0;0.5654649451909738;1.0;0.9996437361274384;0.9996437361274384;0.7805851063829787;0.9999728639875816;0.9999728639875816;;1.0;1.0;;1.0;1.0
210401.0;1.0;1.0;0.0;0.5115753393346313;1.0;0.9998221956133588;0.9998221956133588;1.0;0.9999787768709024;0.9999787768709024;;1.0;1.0;;1.0;1.0
211335.0;1.0;1.0;0.0;0.6300204943509193;1.0;0.9998033673533124;0.9998033673533124;1.0;0.9999828748354608;0.9999828748354608;;1.0;1.0;;1.0;1.0
