Case ID,Actual,Prefix Length,Prediction,Prediction Probability
205465_4,0,4,1,0.6595372916976728
206763_4,0,4,1,0.6439331490931062
207894_4,1,4,1,0.7324308834544183
209404_4,0,4,1,0.7076781659134781
210329_4,1,4,1,0.7045075607100751
211263_4,1,4,1,0.6808222279097393
211724_4,0,4,1,0.5622151318337999
212692_4,1,4,1,0.7571049163298497
