Case ID;Actual;Prefix Length;Prediction;Prediction Probability;SHAP Subset Stability;SHAP Weight Stability;SHAP Adjusted Weight Stability
205480_6;0;6;0;0.8194149921611074;1.0;0.6767035515331226;0.6767035515331226
205921_6;0;6;0;1.0;1.0;0.9756903629962125;0.9756903629962125
206745_6;0;6;0;0.9999922875117714;1.0;0.9466300402202501;0.9466300402202501
208196_6;1;6;1;1.0;1.0;0.7890405773652901;0.7890405773652901
210134_6;1;6;1;0.992922570477418;0.6851235741444868;0.8755965884725221;0.8755965884725221
212479_6;0;6;0;0.997708556572604;1.0;0.9447380226983165;0.9447380226983165
213693_6;1;6;0;0.5733787200118327;1.0;0.7998570379463066;0.7998570379463066
213720_6;1;6;0;0.8216481560664045;0.7123863790530456;0.6390671815231228;0.6390671815231228
