Case ID,Actual,Prefix Length,Prediction,Prediction Probability
205409_15,1,15,0,1.0
205849_15,0,15,0,1.0
206047_15,1,15,0,1.0
206576_15,0,15,1,1.0
206754_15,0,15,0,1.0
212737_15,0,15,0,0.9999990534430413
213624_15,1,15,1,0.9999979878391294
213873_15,1,15,1,0.9986146830687357
