Case ID;Actual;Prefix Length;Prediction;Prediction Probability;SHAP Subset Stability;SHAP Weight Stability;SHAP Adjusted Weight Stability
204703_10;1;10;0;0.992599278477718;1.0;0.9537884232839509;0.9537884232839509
204718_10;1;10;1;0.8863208790929002;1.0;0.9702525870387197;0.9702525870387197
205367_10;0;10;0;0.9991451279646916;1.0;0.9479945418052417;0.9479945418052417
205924_10;0;10;0;0.9999999978774384;1.0;0.9650157444787997;0.9650157444787997
206342_10;0;10;1;0.9997767752736992;1.0;0.9831545371952365;0.9831545371952365
208619_10;1;10;1;0.5796677590706518;1.0;0.9756016477580892;0.9756016477580892
209269_10;0;10;0;0.9999817859812278;1.0;0.9660120884946533;0.9660120884946533
211011_10;1;10;0;0.8964007853420601;1.0;0.9641145772921635;0.9641145772921635
