Case ID,Actual,Prefix Length,Prediction,Prediction Probability
204613_8,0,8,1,0.9411415347780462
208277_8,1,8,1,0.6210617960552297
209434_8,1,8,0,1.0
211360_8,0,8,0,0.9989310998105027
212052_8,1,8,0,0.9854134297978381
212524_8,0,8,1,0.9799244656181734
212674_8,1,8,0,0.9999844339500232
213705_8,0,8,0,0.9254290920571889
