Case ID;Actual;Prefix Length;Prediction;Prediction Probability;SHAP Subset Stability;SHAP Weight Stability;SHAP Adjusted Weight Stability
206086_11;0;11;1;0.6039342243523605;1.0;0.9964869061119159;0.9964869061119159
207662_11;0;11;1;0.6083688667926366;1.0;0.9941848868849696;0.9941848868849696
207780_11;1;11;0;0.7948374478506037;1.0;0.988910859472143;0.988910859472143
207810_11;0;11;1;0.5592482385118489;1.0;0.9963508840812234;0.9963508840812234
209646_11;1;11;1;0.5198002311788013;1.0;0.9967255803849728;0.9967255803849728
210704_11;1;11;0;0.5618159470845654;1.0;0.991532246064147;0.991532246064147
211784_11;0;11;1;0.8757457962781864;1.0;0.9957137678245727;0.9957137678245727
212560_11;1;11;0;0.6946462484467706;1.0;0.9865650856548317;0.9865650856548317
