Case ID;Actual;Prefix Length;Prediction;Prediction Probability;SHAP Subset Stability;SHAP Weight Stability;SHAP Adjusted Weight Stability
204691_3;1;3;0;0.6386237596978538;1.0;0.8920784900556451;0.8920784900556451
205143_3;0;3;0;0.5679581498320444;1.0;0.9577783267840295;0.9577783267840295
206579_3;0;3;1;0.5191328019908188;1.0;0.9359613582680908;0.9359613582680908
208070_3;0;3;0;0.517095812339301;1.0;0.9558557461693329;0.9558557461693329
209105_3;1;3;0;0.5950008336161895;1.0;0.9615248241883624;0.9615248241883624
210134_3;1;3;1;0.5138585703090697;1.0;0.9693187993425045;0.9693187993425045
213672_3;1;3;0;0.5255976033323164;1.0;0.9654830422068238;0.9654830422068238
214037_3;0;3;0;0.5737641937071003;1.0;0.9461287124294329;0.9461287124294329
