Case ID,Actual,Prefix Length,Prediction,Prediction Probability
205041_19,1,19,1,0.956123508234677
205065_19,1,19,0,0.9999427787578881
205514_19,0,19,1,0.9555124701003358
207125_19,0,19,1,0.977848586176622
211245_19,0,19,0,0.9997306648704921
212917_19,1,19,1,0.9512388148735558
