Case ID,Actual,Prefix Length,Prediction,Prediction Probability
206114_11,1,11,1,0.5905630278424019
206261_11,1,11,0,0.545263259505266
206672_11,0,11,0,0.8230695771106349
207047_11,1,11,0,0.6237834447871126
207359_11,0,11,1,0.5137395477220607
212184_11,0,11,0,0.5865159737394112
