Case ID,Actual,Prefix Length,Prediction,Prediction Probability
205143_5,0,5,1,0.999415468961858
205766_5,1,5,0,0.5542085515616119
206297_5,0,5,1,0.8605389604780999
206736_5,0,5,1,0.8551363996838479
206763_5,0,5,1,0.9999999999987068
206883_5,1,5,1,0.9999999999905995
207825_5,1,5,1,0.6991061206957163
213300_5,1,5,0,0.9939741526427297
