Case ID,Actual,Prefix Length,Prediction,Prediction Probability
204691_3,1,3,0,0.6386237596978538
205143_3,0,3,0,0.5679581498320444
206579_3,0,3,1,0.5191328019908188
208070_3,0,3,0,0.517095812339301
209105_3,1,3,0,0.5950008336161895
210134_3,1,3,1,0.5138585703090697
213672_3,1,3,0,0.5255976033323164
214037_3,0,3,0,0.5737641937071003
