Case ID;Actual;Prefix Length;Prediction;Prediction Probability;SHAP Subset Stability;SHAP Weight Stability;SHAP Adjusted Weight Stability
205418.0;0.0;1.0;0.0;0.5298816318359665;1.0;0.9995676499606722;0.9995676499606722
205794.0;0.0;1.0;0.0;0.6367186607102878;1.0;0.9995343083499779;0.9995343083499779
206763.0;0.0;1.0;0.0;0.5356730417985979;1.0;0.9997144364123071;0.9997144364123071
206937.0;1.0;1.0;0.0;0.5237535024752266;1.0;0.9998605473666746;0.9998605473666746
209341.0;0.0;1.0;0.0;0.5250415360557206;1.0;0.9996257608875821;0.9996257608875821
209571.0;1.0;1.0;0.0;0.5654649451909738;1.0;0.9996437361274383;0.9996437361274383
210401.0;1.0;1.0;0.0;0.5115753393346313;1.0;0.9998221956133589;0.9998221956133589
211335.0;1.0;1.0;0.0;0.6300204943509193;1.0;0.9998033673533123;0.9998033673533123
