Case ID,Actual,Prefix Length,Prediction,Prediction Probability
206357_13,0,13,1,0.9270342948322706
206504_13,0,13,0,0.974972620284237
206718_13,1,13,1,0.9835029251040599
211287_13,1,13,1,0.9038718405606196
211928_13,0,13,0,0.6169360125423176
212103_13,1,13,1,0.6937654778292746
213720_13,1,13,0,0.6218803098646559
214142_13,0,13,0,0.9339704085181243
