Case ID,Actual,Prefix Length,Prediction,Prediction Probability
205480_6,0,6,0,0.8194149921611074
205921_6,0,6,0,1.0
206745_6,0,6,0,0.9999922875117714
208196_6,1,6,1,1.0
210134_6,1,6,1,0.9929225704774179
212479_6,0,6,0,0.9977085565726039
213693_6,1,6,0,0.5733787200118327
213720_6,1,6,0,0.8216481560664045
