"Case ID;Actual;Prefix Length;Prediction;Prediction Probability;SHAP Subset Stability;SHAP Weight Stability;SHAP Adjusted Weight Stability";LIME Subset Stability;LIME Weight Stability;LIME Adjusted Weight Stability
"205819_14;0;14;1;0.5806172341467716;1.0;0.9918574303229666;0.9918574303229666";-0.14469110020315612;0.9532823828646576;0.9532823828646576
"205897_14;0;14;1;0.5960143712464527;1.0;0.9837709570008407;0.9837709570008407";1.0;0.9403762139642667;0.9403762139642667
"208655_14;1;14;0;0.8458761676462986;1.0;0.9834602314917128;0.9834602314917128";0.06861951292725577;0.9546537901693709;0.9546537901693709
"209078_14;0;14;0;0.8187022560031568;1.0;0.9720483799549623;0.9720483799549623";0.10392283614589182;0.947035498189875;0.947035498189875
"210800_14;0;14;1;0.7807852046541905;1.0;0.9880951783568095;0.9880951783568095";0.12504545218430607;0.8378566890759676;0.8378566890759676
"211606_14;1;14;1;0.983753564511222;1.0;0.9879802199986334;0.9879802199986334";-0.015786898641604097;0.9397156619718924;0.9397156619718924
"212196_14;1;14;1;0.5294353749667108;1.0;0.9901781364271058;0.9901781364271058";0.14371657754010758;0.9456363035353911;0.9456363035353911
"213468_14;1;14;0;0.6383766055717767;1.0;0.976760560856622;0.976760560856622";-0.16138709132306772;0.952337732472732;0.952337732472732
