Case ID,Actual,Prefix Length,Prediction,Prediction Probability
205849_5,0,5,1,0.7505609672340467
206372_5,0,5,1,0.6869258796351058
209087_5,0,5,1,0.9999999999999858
210008_5,1,5,1,1.0
211044_5,1,5,1,0.9386493853575166
212196_5,1,5,1,0.9999996874270414
