Case ID,Actual,Prefix Length,Prediction,Prediction Probability
205819_14,0,14,1,0.5806172341467716
205897_14,0,14,1,0.5960143712464527
208655_14,1,14,0,0.8458761676462986
209078_14,0,14,0,0.8187022560031568
210800_14,0,14,1,0.7807852046541905
211606_14,1,14,1,0.9837535645112219
212196_14,1,14,1,0.5294353749667108
213468_14,1,14,0,0.6383766055717767
