Case ID,Actual,Prefix Length,Prediction,Prediction Probability
204613_9,0,9,1,0.9226057102967423
205779_9,1,9,0,0.5988793721218294
206135_9,1,9,1,0.7630269376560571
207254_9,0,9,0,0.5672846349101037
207527_9,0,9,1,0.5656149647958447
212851_9,1,9,0,0.6395552232134066
