Case ID,Actual,Prefix Length,Prediction,Prediction Probability
206249_11,0,11,0,0.5482539762806761
206315_11,0,11,1,0.5743371634522975
208832_11,1,11,0,0.7207897826159995
210008_11,1,11,1,0.9737643516590562
210758_11,1,11,0,0.5110286877461911
212091_11,1,11,1,0.9429540505600617
214034_11,0,11,1,0.8880199093929916
214148_11,0,11,1,0.8864148391619117
