Case ID,Actual,Prefix Length,Prediction,Prediction Probability
204841_13,1,13,0,0.9988536836963154
205779_13,1,13,0,0.9318185087879205
206210_13,1,13,0,0.9961971660320508
206447_13,0,13,1,0.5735312082595729
207107_13,1,13,0,0.5626110484773018
207945_13,0,13,0,0.7344401013673947
209790_13,0,13,1,0.995023413552056
212118_13,0,13,0,0.9938033014798042
