Case ID,Actual,Prefix Length,Prediction,Prediction Probability
204859_6,1,6,1,0.9999999997773728
205062_6,0,6,0,1.0
205565_6,1,6,0,0.9999999999997158
205601_6,0,6,0,1.0
206336_6,0,6,1,1.0
208337_6,1,6,0,1.0
210251_6,1,6,0,0.9999880702592554
212512_6,0,6,1,0.7923455631365857
