Case ID,Actual,Prefix Length,Prediction,Prediction Probability
205897_6,0,6,1,1.0
207050_6,1,6,0,0.5758970854035614
207662_6,0,6,1,0.9910110885994616
209380_6,0,6,0,0.9999999999329532
209742_6,1,6,0,0.5328303481721784
213201_6,1,6,0,0.9999985543741379
