Case ID;Actual;Prefix Length;Prediction;Prediction Probability;SHAP Subset Stability;SHAP Weight Stability;SHAP Adjusted Weight Stability
205179_2;0;2;0;0.8228469099727626;1.0;0.9555156949182142;0.9555156949182142
205424_2;1;2;0;0.5330579620213505;1.0;0.9689101378417552;0.9689101378417552
207041_2;0;2;0;0.5996800871041754;1.0;0.9786879515791427;0.9786879515791427
212875_2;1;2;0;0.7919149216054296;1.0;0.9827075249864512;0.9827075249864512
212983_2;0;2;1;0.5350745982980865;1.0;0.9685939368180883;0.9685939368180883
213085_2;0;2;0;0.8375199091124113;1.0;0.9751460524665311;0.9751460524665311
213459_2;1;2;0;0.5544268720946615;1.0;0.9770436867524518;0.9770436867524518
213675_2;1;2;0;0.5483900181839326;1.0;0.9471665086019964;0.9471665086019964
