Case ID,Actual,Prefix Length,Prediction,Prediction Probability
204808_7,0,7,0,0.9351638069502206
205205_7,0,7,1,0.537568266413989
206258_7,1,7,1,0.5848457199949466
207026_7,1,7,1,0.9652784745375061
209511_7,0,7,1,0.9516077320122237
209571_7,1,7,1,0.5788161577298264
211435_7,1,7,1,0.8029979006058701
213076_7,0,7,1,0.9580490062250715
