"Case ID;Actual;Prefix Length;Prediction;Prediction Probability;SHAP Subset Stability;SHAP Weight Stability;SHAP Adjusted Weight Stability";LIME Subset Stability;LIME Weight Stability;LIME Adjusted Weight Stability
"204466_4;0;4;1;0.7485951737331248;1.0;0.9131692008984452;0.9131692008984452";0.9093365569224205;0.986602984206276;0.986602984206276
"204885_4;1;4;1;0.573124807515081;1.0;0.9462705070854617;0.9462705070854617";0.8798258181269794;0.9813956225414359;0.9813956225414359
"205002_4;1;4;0;0.7753818706894863;1.0;0.9566779539968019;0.9566779539968019";0.9338235294117647;0.9892277847825782;0.9892277847825782
"207518_4;0;4;1;0.7101720348292775;1.0;0.9470251604212975;0.9470251604212975";0.9026808990347354;0.9910677761691897;0.9910677761691897
"210617_4;0;4;1;0.9620565341399384;1.0;0.8212157744868522;0.8212157744868522";0.87608904438499;0.9886178425994092;0.9886178425994092
"211573_4;0;4;1;0.6510381332067289;1.0;0.894469272452319;0.894469272452319";0.9168918438455522;0.9883175751916629;0.9883175751916629
"212003_4;1;4;1;0.6793826842627946;1.0;0.9554443376249948;0.9554443376249948";0.9109761206535401;0.9839659280429828;0.9839659280429828
"214085_4;1;4;0;0.9999999996542676;1.0;0.7256380030855869;0.7256380030855869";0.920697118972981;0.9883397846059999;0.9883397846059999
