Case ID,Actual,Prefix Length,Prediction,Prediction Probability
204894.0,0.0,1.0,0.0,0.5503680371816947
205131.0,1.0,1.0,0.0,0.5312974838678987
211952.0,1.0,1.0,0.0,0.5171861876137918
213234.0,1.0,1.0,0.0,0.5366949571513102
213273.0,0.0,1.0,0.0,0.5283815930374355
213705.0,0.0,1.0,0.0,0.5275784662888403
