Case ID,Actual,Prefix Length,Prediction,Prediction Probability
204475_5,1,5,1,0.6429864540042749
205757_5,0,5,0,0.8692439715832587
205918_5,1,5,0,0.9994196321643988
206222_5,0,5,0,0.8776699254406671
207334_5,0,5,1,0.7334178228082006
208772_5,0,5,1,0.980052184756093
209823_5,1,5,1,0.8081636695353067
211164_5,1,5,0,0.9557805074033268
