Case ID,Actual,Prefix Length,Prediction,Prediction Probability
206132_14,0,14,0,0.8803360302424323
206913_14,0,14,1,0.9299971912679211
207969_14,0,14,0,0.9301722698052713
208190_14,1,14,1,0.89940094059639
211287_14,1,14,1,0.9125108736702578
211435_14,1,14,1,0.5119193043779874
212428_14,0,14,1,0.9965809000069081
214238_14,1,14,0,0.9653610244290834
