Case ID,Actual,Prefix Length,Prediction,Prediction Probability
205421_12,1,12,0,0.8458750118803292
206510_12,1,12,0,0.9804721741984643
208103_12,1,12,0,0.8980842324852087
208958_12,1,12,1,0.9318205050613231
209939_12,0,12,1,0.8983025040169346
210071_12,0,12,0,0.8613591719279458
211724_12,0,12,1,0.7528793881573347
212235_12,0,12,0,0.7432239549418557
