Case ID,Actual,Prefix Length,Prediction,Prediction Probability
204646_2,1,2,1,0.5227287679439974
204670_2,1,2,1,0.5153987847575292
205035_2,0,2,0,0.5520503247600236
205649_2,0,2,0,0.510035028965963
209520_2,0,2,0,0.8196822649312442
213465_2,1,2,0,0.5643841175042426
