Case ID,Actual,Prefix Length,Prediction,Prediction Probability
204703_10,1,10,0,0.9925992784777181
204718_10,1,10,1,0.8863208790929002
205367_10,0,10,0,0.9991451279646916
205924_10,0,10,0,0.9999999978774383
206342_10,0,10,1,0.9997767752736993
208619_10,1,10,1,0.5796677590706518
209269_10,0,10,0,0.9999817859812278
211011_10,1,10,0,0.8964007853420601
