Case ID,Actual,Prefix Length,Prediction,Prediction Probability
204595_7,1,7,0,0.6402206775301538
205220_7,1,7,0,0.8879551383270462
205310_7,0,7,0,0.9811183987002424
205912_7,0,7,0,0.6108666051277827
207611_7,1,7,1,0.5942679263736842
208094_7,0,7,1,0.9006896377665293
210206_7,1,7,1,0.7729502426956116
214025_7,0,7,0,0.9467552300832217
