Case ID,Actual,Prefix Length,Prediction,Prediction Probability
205349_20,0,20,0,0.9999999997896794
206576_20,0,20,1,0.9999984468199568
207050_20,1,20,1,0.999974798659
209742_20,1,20,1,0.9999999999956799
211606_20,1,20,1,1.0
214061_20,0,20,0,0.999989745686544
