Case ID,Actual,Prefix Length,Prediction,Prediction Probability
204760_16,0,16,0,0.9999950369316887
205514_16,0,16,1,0.9931942824593128
206123_16,1,16,1,0.9746913859883087
206483_16,1,16,1,0.999979649978682
209341_16,0,16,0,0.9001672927008291
212003_16,1,16,0,0.9854990565813968
