Case ID;Actual;Prefix Length;Prediction;Prediction Probability;SHAP Subset Stability;SHAP Weight Stability;SHAP Adjusted Weight Stability
206357_13;0;13;1;0.9270342948322706;1.0;0.9829692573875449;0.9829692573875449
206504_13;0;13;0;0.974972620284237;1.0;0.9824370152778321;0.9824370152778321
206718_13;1;13;1;0.98350292510406;1.0;0.9819382269009446;0.9819382269009446
211287_13;1;13;1;0.9038718405606196;1.0;0.9893482265418477;0.9893482265418477
211928_13;0;13;0;0.6169360125423176;1.0;0.9741102297282839;0.9741102297282839
212103_13;1;13;1;0.6937654778292746;1.0;0.9849847731323579;0.9849847731323579
213720_13;1;13;0;0.6218803098646559;1.0;0.9843081862413463;0.9843081862413463
214142_13;0;13;0;0.9339704085181244;1.0;0.9426644653726818;0.9426644653726818
