"Case ID;Actual;Prefix Length;Prediction;Prediction Probability;SHAP Subset Stability;SHAP Weight Stability;SHAP Adjusted Weight Stability";LIME Subset Stability;LIME Weight Stability;LIME Adjusted Weight Stability
"205421_12;1;12;0;0.8458750118803292;1.0;0.9831892652039393;0.9831892652039393";0.17101061331829215;0.9706282761343572;0.9706282761343572
"206510_12;1;12;0;0.9804721741984644;1.0;0.9865016132015455;0.9865016132015455";-0.005774918467853052;0.9683035005963833;0.9683035005963833
"208103_12;1;12;0;0.8980842324852087;1.0;0.9575174791913331;0.9575174791913331";0.2445866141732218;0.9448435098578307;0.9448435098578307
"208958_12;1;12;1;0.9318205050613232;1.0;0.9944945848929422;0.9944945848929422";0.07251964807344369;0.956759561282107;0.956759561282107
"209939_12;0;12;1;0.8983025040169346;1.0;0.9926330882781365;0.9926330882781365";0.1353346752388317;0.9776181260415174;0.9776181260415174
"210071_12;0;12;0;0.8613591719279458;1.0;0.962132669099267;0.962132669099267";0.19933325017858283;0.9366618361382074;0.9366618361382074
"211724_12;0;12;1;0.7528793881573347;1.0;0.9894409347717672;0.9894409347717672";-0.21469217247225214;0.9766174011507618;0.9766174011507618
"212235_12;0;12;0;0.7432239549418557;1.0;0.9865400336404396;0.9865400336404396";0.07004212671829713;0.9660827905116618;0.9660827905116618
