Case ID,Actual,Prefix Length,Prediction,Prediction Probability
205418.0,0.0,1.0,0.0,0.5298816318359665
205794.0,0.0,1.0,0.0,0.6367186607102878
206763.0,0.0,1.0,0.0,0.5356730417985979
206937.0,1.0,1.0,0.0,0.5237535024752266
209341.0,0.0,1.0,0.0,0.5250415360557206
209571.0,1.0,1.0,0.0,0.5654649451909738
210401.0,1.0,1.0,0.0,0.5115753393346313
211335.0,1.0,1.0,0.0,0.6300204943509193
