Case ID,Actual,Prefix Length,Prediction,Prediction Probability
204679_7,0,7,0,0.9023718182323088
208382_7,0,7,1,0.8096778704555719
211125_7,1,7,0,0.7747059370989676
211859_7,0,7,1,0.9845285231081748
212355_7,1,7,1,0.5983670610387631
214085_7,1,7,0,0.9723163662095392
