Case ID;Actual;Prefix Length;Prediction;Prediction Probability;SHAP Subset Stability;SHAP Weight Stability;SHAP Adjusted Weight Stability
204466_4;0;4;1;0.7485951737331248;1.0;0.9131692008984452;0.9131692008984452
204885_4;1;4;1;0.573124807515081;1.0;0.9462705070854617;0.9462705070854617
205002_4;1;4;0;0.7753818706894863;1.0;0.9566779539968019;0.9566779539968019
207518_4;0;4;1;0.7101720348292775;1.0;0.9470251604212975;0.9470251604212975
210617_4;0;4;1;0.9620565341399384;1.0;0.8212157744868522;0.8212157744868522
211573_4;0;4;1;0.6510381332067289;1.0;0.894469272452319;0.894469272452319
212003_4;1;4;1;0.6793826842627946;1.0;0.9554443376249948;0.9554443376249948
214085_4;1;4;0;0.9999999996542676;1.0;0.7256380030855869;0.7256380030855869
