Case ID,Actual,Prefix Length,Prediction,Prediction Probability
204640_9,0,9,0,0.9280426480588398
204712_9,0,9,0,0.7556647870329469
206047_9,1,9,0,0.8824310308493566
207119_9,0,9,1,0.9585224970818523
210107_9,0,9,0,0.5000367703933645
210134_9,1,9,1,0.5116291989361575
211134_9,1,9,0,0.5837028709839962
211381_9,1,9,0,0.6172757154237765
