Case ID,Actual,Prefix Length,Prediction,Prediction Probability
205131_12,1,12,1,0.9783141932102976
206438_12,1,12,0,0.7003383703852887
207029_12,1,12,1,0.9663181729607374
207560_12,0,12,1,0.9063076901874502
207674_12,0,12,0,0.9488928049037731
208805_12,0,12,0,0.6248590551590759
210923_12,1,12,0,0.5698627406347898
213076_12,0,12,1,0.9029687358344743
