"Case ID;Actual;Prefix Length;Prediction;Prediction Probability;SHAP Subset Stability;SHAP Weight Stability;SHAP Adjusted Weight Stability";LIME Subset Stability;LIME Weight Stability;LIME Adjusted Weight Stability
"206086_11;0;11;1;0.6039342243523605;1.0;0.9964869061119159;0.9964869061119159";1.0;0.9603891712979229;0.9603891712979229
"207662_11;0;11;1;0.6083688667926366;1.0;0.9941848868849696;0.9941848868849696";0.45967176108111407;0.9580855431858262;0.9580855431858262
"207780_11;1;11;0;0.7948374478506037;1.0;0.988910859472143;0.988910859472143";0.2889592142589519;0.9054499892129642;0.9054499892129642
"207810_11;0;11;1;0.5592482385118489;1.0;0.9963508840812234;0.9963508840812234";0.36202590916185395;0.9421266838748515;0.9421266838748515
"209646_11;1;11;1;0.5198002311788013;1.0;0.9967255803849728;0.9967255803849728";0.4154749744637384;0.9682169908634748;0.9682169908634748
"210704_11;1;11;0;0.5618159470845654;1.0;0.991532246064147;0.991532246064147";0.46243983271522127;0.9069037940446953;0.9069037940446953
"211784_11;0;11;1;0.8757457962781864;1.0;0.9957137678245727;0.9957137678245727";0.39997005355129644;0.9416249681444565;0.9416249681444565
"212560_11;1;11;0;0.6946462484467706;1.0;0.9865650856548317;0.9865650856548317";1.0;0.9233781341286929;0.9233781341286929
