Case ID,Actual,Prefix Length,Prediction,Prediction Probability
204906.0,0.0,1.0,0.0,0.5022961274241609
205876.0,0.0,1.0,1.0,0.5118274087834866
206234.0,0.0,1.0,1.0,0.5208346967523255
207215.0,1.0,1.0,1.0,0.5235789011768663
207470.0,0.0,1.0,1.0,0.5226781276909818
208277.0,1.0,1.0,1.0,0.530166744060235
208457.0,1.0,1.0,1.0,0.5328376468897781
211411.0,1.0,1.0,1.0,0.5031426012295485
