Case ID,Actual,Prefix Length,Prediction,Prediction Probability
204604_8,0,8,0,1.0
206150_8,0,8,0,0.9997582771466685
206300_8,1,8,1,0.9844042200992152
209380_8,0,8,0,0.9999999998088924
210251_8,1,8,0,0.9974038134117581
210659_8,1,8,0,0.9865123630361068
211847_8,1,8,1,0.9999999996853433
212983_8,0,8,0,0.9999999999837428
