Case ID,Actual,Prefix Length,Prediction,Prediction Probability
206086_11,0,11,1,0.6039342243523605
207662_11,0,11,1,0.6083688667926366
207780_11,1,11,0,0.7948374478506037
207810_11,0,11,1,0.5592482385118489
209646_11,1,11,1,0.5198002311788013
210704_11,1,11,0,0.5618159470845654
211784_11,0,11,1,0.8757457962781864
212560_11,1,11,0,0.6946462484467706
