Case ID;Actual;Prefix Length;Prediction;Prediction Probability;SHAP Subset Stability;SHAP Weight Stability;SHAP Adjusted Weight Stability
204604_8;0;8;0;1.0;1.0;0.9449228859934697;0.9449228859934697
206150_8;0;8;0;0.9997582771466684;1.0;0.9218498412489011;0.9218498412489011
206300_8;1;8;1;0.9844042200992152;1.0;0.8832963043157637;0.8832963043157637
209380_8;0;8;0;0.9999999998088924;1.0;0.9296770494777254;0.9296770494777254
210251_8;1;8;0;0.997403813411758;1.0;0.9439403288137456;0.9439403288137456
210659_8;1;8;0;0.9865123630361068;1.0;0.8978916851311882;0.8978916851311882
211847_8;1;8;1;0.9999999996853433;1.0;0.9263980613269754;0.9263980613269754
212983_8;0;8;0;0.9999999999837428;1.0;0.8901147261708113;0.8901147261708113
