Case ID,Actual,Prefix Length,Prediction,Prediction Probability
205179_2,0,2,0,0.8228469099727626
205424_2,1,2,0,0.5330579620213505
207041_2,0,2,0,0.5996800871041754
212875_2,1,2,0,0.7919149216054296
212983_2,0,2,1,0.5350745982980865
213085_2,0,2,0,0.8375199091124113
213459_2,1,2,0,0.5544268720946615
213675_2,1,2,0,0.5483900181839326
