Case ID,Actual,Prefix Length,Prediction,Prediction Probability
204595_14,1,14,1,0.516021058303168
204829_14,0,14,0,0.9808766675566226
204969_14,0,14,0,0.9775160429687542
208901_14,1,14,0,0.6500230009643687
211928_14,0,14,0,0.5850913773493085
213342_14,1,14,1,0.9952090146111064
