Case ID;Actual;Prefix Length;Prediction;Prediction Probability;SHAP Subset Stability;SHAP Weight Stability;SHAP Adjusted Weight Stability
204595_7;1;7;0;0.6402206775301538;1.0;0.9504608694457063;0.9504608694457063
205220_7;1;7;0;0.8879551383270462;1.0;0.9447456866704499;0.9447456866704499
205310_7;0;7;0;0.9811183987002424;1.0;0.920372449210805;0.920372449210805
205912_7;0;7;0;0.6108666051277827;1.0;0.9389272631761041;0.9389272631761041
207611_7;1;7;1;0.5942679263736842;1.0;0.9642312388596624;0.9642312388596624
208094_7;0;7;1;0.9006896377665293;1.0;0.9683432477613632;0.9683432477613632
210206_7;1;7;1;0.7729502426956116;1.0;0.9682171614316635;0.9682171614316635
214025_7;0;7;0;0.9467552300832216;1.0;0.8454470236825483;0.8454470236825483
