Case ID,Actual,Prefix Length,Prediction,Prediction Probability
205873_10,1,10,0,0.9999644080526218
206594_10,1,10,1,0.9999977317491332
206925_10,0,10,1,0.990618454464958
207266_10,0,10,1,0.9994726939104819
207780_10,1,10,1,0.6043964990752356
208772_10,0,10,1,0.9991659943490329
209502_10,1,10,1,0.9720523652035626
212413_10,0,10,0,0.5021497656972769
