Case ID,Actual,Prefix Length,Prediction,Prediction Probability
204685_9,0,9,0,0.8832268965786209
205655_9,1,9,0,0.550907668187511
207518_9,0,9,1,0.8931524926778756
207852_9,1,9,0,0.5086311277695976
208772_9,0,9,1,0.6126981675074199
210107_9,0,9,0,0.5330860196963559
211164_9,1,9,1,0.7163618884571322
213234_9,1,9,0,0.9414464930030394
