Case ID,Actual,Prefix Length,Prediction,Prediction Probability
204523_13,1,13,1,0.9194479692233302
205026_13,0,13,0,0.6116677141204343
205298_13,0,13,1,0.9412801455015086
205474_13,0,13,0,0.8556966106677694
205655_13,1,13,0,0.6259380232717379
212692_13,1,13,1,0.6732864857362796
