Case ID,Actual,Prefix Length,Prediction,Prediction Probability
205553_8,1,8,0,0.9999999998731823
206086_8,0,8,1,0.997675532838839
208118_8,1,8,1,1.0
208343_8,0,8,0,1.0
212563_8,0,8,0,0.9999893400678015
213720_8,1,8,1,0.6627015519801635
