Case ID,Actual,Prefix Length,Prediction,Prediction Probability
204523_17,1,17,1,0.9999996912819619
205843_17,0,17,0,0.9658747535025256
206216_17,0,17,0,0.9794037676248807
210179_17,0,17,0,0.5735221372329293
210683_17,1,17,1,0.9999992002110006
213693_17,1,17,1,0.9999996259215453
