"Case ID;Actual;Prefix Length;Prediction;Prediction Probability;SHAP Subset Stability;SHAP Weight Stability;SHAP Adjusted Weight Stability";LIME Subset Stability;LIME Weight Stability;LIME Adjusted Weight Stability
"205418.0;0.0;1.0;0.0;0.5298816318359665;1.0;0.9995676499606722;0.9995676499606722";1.0;0.9999929986613246;0.9999929986613246
"205794.0;0.0;1.0;0.0;0.6367186607102878;1.0;0.9995343083499779;0.9995343083499779";0.6343085106382979;0.9999147730502522;0.9999147730502522
"206763.0;0.0;1.0;0.0;0.5356730417985979;1.0;0.9997144364123071;0.9997144364123071";1.0;0.9999682808921027;0.9999682808921027
"206937.0;1.0;1.0;0.0;0.5237535024752266;1.0;0.9998605473666746;0.9998605473666746";1.0;0.9985346571409078;0.9985346571409078
"209341.0;0.0;1.0;0.0;0.5250415360557206;1.0;0.9996257608875821;0.9996257608875821";1.0;0.9999616992371099;0.9999616992371099
"209571.0;1.0;1.0;0.0;0.5654649451909738;1.0;0.9996437361274383;0.9996437361274383";0.7805851063829787;0.9999728639875815;0.9999728639875815
"210401.0;1.0;1.0;0.0;0.5115753393346313;1.0;0.9998221956133589;0.9998221956133589";1.0;0.9999787768709025;0.9999787768709025
"211335.0;1.0;1.0;0.0;0.6300204943509193;1.0;0.9998033673533123;0.9998033673533123";1.0;0.9999828748354609;0.9999828748354609
