Case ID,Actual,Prefix Length,Prediction,Prediction Probability
205041_10,1,10,0,0.9639686570301292
206910_10,1,10,1,0.6769904163540563
207542_10,0,10,1,0.9999987571439753
209087_10,0,10,1,0.999999642732483
210038_10,1,10,1,0.9999835621076595
212298_10,0,10,1,0.9806733963828633
