Case ID;Actual;Prefix Length;Prediction;Prediction Probability;SHAP Subset Stability;SHAP Weight Stability;SHAP Adjusted Weight Stability
CHF_11;0;11;0;1.0;1.0;0.9999863088850729;0.9999863088850729
CMKA_11;0;11;0;1.0;1.0;0.9999860463503311;0.9999860463503311
DQL_11;1;11;1;1.0;1.0;0.9999927850102518;0.9999927850102518
ELJ_11;1;11;1;1.0;1.0;0.9999571726178298;0.9999571726178298
ERY_11;0;11;0;1.0;1.0;0.9999960955108871;0.9999960955108871
JISD_11;1;11;0;1.0;1.0;0.999974329976686;0.999974329976686
LHH_11;1;11;1;1.0;1.0;0.9999960038900534;0.9999960038900534
LPDB_11;0;11;0;1.0;1.0;0.9999842350645023;0.9999842350645023
