Case ID;Actual;Prefix Length;Prediction;Prediction Probability;SHAP Subset Stability;SHAP Weight Stability;SHAP Adjusted Weight Stability
ANSD_9;1;9;1;1.0;1.0;0.9999627561793107;0.9999627561793107
OPNE_9;0;9;0;1.0;1.0;0.9999940563577959;0.9999940563577959
PWRD_9;0;9;0;1.0;1.0;0.9999951983078927;0.9999951983078927
THLD_9;0;9;1;1.0;1.0;0.9999613630262665;0.9999613630262665
UNHD_9;0;9;0;1.0;1.0;0.9999782942888519;0.9999782942888519
YTZD_9;1;9;0;1.0;1.0;0.9999922905031143;0.9999922905031143
ZDMD_9;1;9;1;1.0;1.0;0.9999684491966947;0.9999684491966947
ZNND_9;1;9;0;1.0;1.0;0.9999863835740923;0.9999863835740923
