Case ID;Actual;Prefix Length;Prediction;Prediction Probability;SHAP Subset Stability;SHAP Weight Stability;SHAP Adjusted Weight Stability;LIME Subset Stability;LIME Weight Stability;LIME Adjusted Weight Stability
AVUD_3;1;3;1;0.9999999999190551;0.5553728320618825;0.21232701206623428;0.21232701206623428;0.7141943608850839;0.7041238736263498;0.7041238736263498
EBNE_3;0;3;1;1.0;0.5998172681589767;0.6358070305393341;0.6358070305393341;0.1745387861920481;0.7394237723553766;0.7394237723553766
KZHD_3;1;3;1;0.9999999999859028;0.5553728320618824;0.02678194728066341;0.02678194728066341;1.0;0.8171441639052827;0.8171441639052827
NKJD_3;0;3;0;0.9999999999995453;0.3998629824160768;0.9945628795602902;0.9945628795602902;0.17545302946081132;0.8725038865652328;0.8725038865652328
NSBE_3;1;3;0;0.999999995559392;0.8332876587192838;0.9964252814157399;0.9964252814157399;0.17734710114847096;0.4703557803825644;0.4703557803825644
RFID_3;0;3;0;0.9999999998926796;0.8124314818198429;0.9978806473949188;0.9978806473949188;0.1807722633461596;0.8763725838602451;0.8763725838602451
TSOE_3;1;3;1;1.0;0.7726130601090627;0.5063737147023881;0.5063737147023881;1.0;0.7986387848602884;0.7986387848602884
XCYD_3;0;3;0;0.9999999965798452;0.8124314818198429;0.9978861477706376;0.9978861477706376;0.170420390922442;0.8985180563739482;0.8985180563739482
