Case ID;Actual;Prefix Length;Prediction;Prediction Probability;SHAP Subset Stability;SHAP Weight Stability;SHAP Adjusted Weight Stability;LIME Subset Stability;LIME Weight Stability;LIME Adjusted Weight Stability
ANSD_9;1;9;1;1.0;1.0;0.9999627561793109;0.9999627561793109;;1.0;1.0
OPNE_9;0;9;0;1.0;1.0;0.999994056357796;0.999994056357796;;1.0;1.0
PWRD_9;0;9;0;1.0;1.0;0.9999951983078929;0.9999951983078929;;1.0;1.0
THLD_9;0;9;1;1.0;1.0;0.9999613630262664;0.9999613630262664;;1.0;1.0
UNHD_9;0;9;0;1.0;1.0;0.999978294288852;0.999978294288852;;1.0;1.0
YTZD_9;1;9;0;1.0;1.0;0.9999922905031144;0.9999922905031144;;1.0;1.0
ZDMD_9;1;9;1;1.0;1.0;0.9999684491966948;0.9999684491966948;;1.0;1.0
ZNND_9;1;9;0;1.0;1.0;0.9999863835740924;0.9999863835740924;;1.0;1.0
