Case ID,Actual,Prefix Length,Prediction,Prediction Probability
AVUD_3,1,3,1,0.999999999919055
EBNE_3,0,3,1,1.0
KZHD_3,1,3,1,0.9999999999859028
NKJD_3,0,3,0,0.9999999999995453
NSBE_3,1,3,0,0.9999999955593921
RFID_3,0,3,0,0.9999999998926796
TSOE_3,1,3,1,1.0
XCYD_3,0,3,0,0.9999999965798452
