Case ID;Actual;Prefix Length;Prediction;Prediction Probability;SHAP Subset Stability;SHAP Weight Stability;SHAP Adjusted Weight Stability
AHYD_5;0;5;0;0.9994698432021126;1.0;0.9979273524237084;0.9979273524237084
AIME_5;0;5;1;1.0;0.4498339121244149;0.7622627098590593;0.7622627098590593
AOJD_5;1;5;1;0.9679419415553132;0.7332125239101983;0.8310249034608721;0.8310249034608721
CIGE_5;1;5;1;1.0;0.27758149803384724;0.7576740867123934;0.7576740867123934
GISD_5;1;5;1;0.9999726529028066;0.5767569739996655;0.43514151531260714;0.43514151531260714
SKMD_5;0;5;0;0.9999999999995453;0.5832578479623984;0.997160004186157;0.997160004186157
SMOD_5;1;5;0;0.9999968234110815;0.4284506483310758;0.9129172104063281;0.9129172104063281
ZEXD_5;0;5;0;0.9999999999997726;0.3748490201407131;0.9958604972832815;0.9958604972832815
