Case ID;Actual;Prefix Length;Prediction;Prediction Probability;SHAP Subset Stability;SHAP Weight Stability;SHAP Adjusted Weight Stability;LIME Subset Stability;LIME Weight Stability;LIME Adjusted Weight Stability
AELE;0;1;0;1.0;1.0;0.9996626922621602;0.9996626922621602;0.635412737420755;0.8375887430643152;0.8375887430643152
BDAE;1;1;1;1.0;0.8331998041572083;0.99997644514257;0.99997644514257;0.6227904313718698;0.816245334837193;0.816245334837193
ECND;0;1;0;1.0;1.0;0.9999882796608476;0.9999882796608476;0.6456089384684867;0.8099444933494807;0.8099444933494807
LTMD;1;1;0;0.9999360263073368;1.0;0.9999708936083854;0.9999708936083854;0.6266851299590992;0.7425134129460327;0.7425134129460327
ONQD;0;1;1;0.9999999999727152;1.0;0.9999748227392371;0.9999748227392371;0.6202394666487154;0.8293617689349282;0.8293617689349282
XNNE;1;1;1;1.0;1.0;0.9999679136115422;0.9999679136115422;0.6242566073248592;0.8070974032234173;0.8070974032234173
YBHE;0;1;0;0.9999997785553449;1.0;0.9999905886715016;0.9999905886715016;0.6171035347156424;0.8106311448523866;0.8106311448523866
YDRD;1;1;1;0.9999877496416076;1.0;0.9998744775095612;0.9998744775095612;0.6235309928543595;0.7852927052673038;0.7852927052673038
