Case ID;Actual;Prefix Length;Prediction;Prediction Probability;SHAP Subset Stability;SHAP Weight Stability;SHAP Adjusted Weight Stability;LIME Subset Stability;LIME Weight Stability;LIME Adjusted Weight Stability;ACV Subset Stability;ACV Weight Stability;ACV Adjusted Weight Stability
206086_11;0;11;1;0.6039342243523605;1.0;0.996486906111916;0.996486906111916;1.0;0.9603891712979228;0.9603891712979228;;1.0;1.0
207662_11;0;11;1;0.6083688667926366;1.0;0.9941848868849696;0.9941848868849696;0.4596717610811141;0.9580855431858262;0.9580855431858262;;1.0;1.0
207780_11;1;11;0;0.7948374478506037;1.0;0.9889108594721429;0.9889108594721429;0.2889592142589519;0.9054499892129642;0.9054499892129642;;1.0;1.0
207810_11;0;11;1;0.5592482385118489;1.0;0.9963508840812234;0.9963508840812234;0.362025909161854;0.9421266838748515;0.9421266838748515;;1.0;1.0
209646_11;1;11;1;0.5198002311788013;1.0;0.9967255803849728;0.9967255803849728;0.4154749744637384;0.9682169908634748;0.9682169908634748;;1.0;1.0
210704_11;1;11;0;0.5618159470845654;1.0;0.9915322460641469;0.9915322460641469;0.4624398327152213;0.9069037940446952;0.9069037940446952;;1.0;1.0
211784_11;0;11;1;0.8757457962781864;1.0;0.9957137678245728;0.9957137678245728;0.3999700535512965;0.9416249681444564;0.9416249681444564;;1.0;1.0
212560_11;1;11;0;0.6946462484467706;1.0;0.9865650856548316;0.9865650856548316;1.0;0.9233781341286929;0.9233781341286929;;1.0;1.0
