Case ID;Actual;Prefix Length;Prediction;Prediction Probability;SHAP Subset Stability;SHAP Weight Stability;SHAP Adjusted Weight Stability;LIME Subset Stability;LIME Weight Stability;LIME Adjusted Weight Stability
BMHE_2;0;2;0;0.9970360494379256;0.7498676110412392;0.8961456033754321;0.8961456033754321;0.41014962982784764;0.12179414237923958;0.12179414237923958
CIBE_2;0;2;1;1.0;0.7498676110412392;0.8860786303441949;0.8860786303441949;0.4266477003319109;0.41487687184877065;0.41487687184877065
FUZD_2;0;2;0;0.9972606809421756;0.8888226900275094;0.8910772682058157;0.8910772682058157;0.41976876814860753;0.3200302029012846;0.3200302029012846
KMRD_2;1;2;1;1.0;0.6426916676122396;0.8832123065142382;0.8832123065142382;0.43263565401311466;0.5091774795581356;0.5091774795581356
KOBE_2;1;2;1;1.0;0.3998014559894111;0.8231902865614498;0.8231902865614498;0.4257058325327817;0.5883131002807611;0.5883131002807611
QLJE_2;0;2;0;0.9992998872439576;0.7856150005673437;0.9085871344151756;0.9085871344151756;0.41406548767643236;0.5384707492522262;0.5384707492522262
RRND_2;1;2;1;1.0;0.8888226900275094;0.9272062784429048;0.9272062784429048;0.4335338838477676;-0.5075872881386323;-0.5075872881386323
WKDE_2;1;2;1;1.0;0.7498676110412392;0.9478982503622866;0.9478982503622866;0.4170951462030491;0.3650336409073094;0.3650336409073094
