Case ID;Actual;Prefix Length;Prediction;Prediction Probability;SHAP Subset Stability;SHAP Weight Stability;SHAP Adjusted Weight Stability
BANC_12;0;12;1;0.999999930470042;0.08304528473167816;-0.2997158434414924;-0.2997158434414924
LKEA_12;0;12;0;1.0;0.07108813252426083;-0.4142688791387632;-0.4142688791387632
MMHA_12;0;12;0;1.0;-0.0003666265123345447;0.1389940416033425;0.1389940416033425
PBE_12;1;12;1;1.0;0.12463335428451694;-1.031853178231804;-1.031853178231804
PBTC_12;1;12;1;1.0;0.06210716530483951;-1.0460392659407156;-1.0460392659407156
RFX_12;1;12;1;1.0;0.19979052107881656;-0.7716970389498519;-0.7716970389498519
RVC_12;0;12;1;1.0;-0.0004190236748378151;-0.5272209176775982;-0.5272209176775982
ZDV_12;1;12;1;1.0;0.07108813252426083;0.0944881803313049;0.0944881803313049
