Case ID;Actual;Prefix Length;Prediction;Prediction Probability;SHAP Subset Stability;SHAP Weight Stability;SHAP Adjusted Weight Stability;LIME Subset Stability;LIME Weight Stability;LIME Adjusted Weight Stability
AGU_13;0;13;0;1.0;1.0;0.9999772969701564;0.9999772969701564;;1.0;1.0
FIL_13;1;13;1;1.0;1.0;0.9999999868112662;0.9999999868112662;;1.0;1.0
FJMA_13;1;13;1;1.0;1.0;0.9999986329052324;0.9999986329052324;;1.0;1.0
OUE_13;1;13;1;1.0;1.0;0.9999718021201958;0.9999718021201958;;1.0;1.0
UHM_13;0;13;0;1.0;1.0;0.9999930415914132;0.9999930415914132;;1.0;1.0
VOV_13;0;13;0;1.0;1.0;0.9999868125441884;0.9999868125441884;;1.0;1.0
VVNA_13;0;13;0;1.0;1.0;0.9999873239203206;0.9999873239203206;;1.0;1.0
WPRC_13;1;13;1;1.0;1.0;0.9999822664174882;0.9999822664174882;;1.0;1.0
