Case ID;Actual;Prefix Length;Prediction;Prediction Probability;SHAP Subset Stability;SHAP Weight Stability;SHAP Adjusted Weight Stability
DAZD_7;0;7;1;1.0;0.24985438778151714;0.9182859696348921;0.9182859696348921
EJSD_7;1;7;1;1.0;0.07121823586244513;0.8912007117796259;0.8912007117796259
FSID_7;0;7;0;1.0;1.0;0.9999968586582344;0.9999968586582344
IRND_7;1;7;0;1.0;1.0;0.9994714028901823;0.9994714028901823
TIGE_7;1;7;0;1.0;1.0;0.9999961078440407;0.9999961078440407
TZEE_7;0;7;0;1.0;1.0;0.9999922625752151;0.9999922625752151
YITD_7;0;7;0;1.0;1.0;0.9999907501556634;0.9999907501556634
YJZD_7;1;7;0;1.0;1.0;0.9999780730095424;0.9999780730095424
