Case ID;Actual;Prefix Length;Prediction;Prediction Probability;SHAP Subset Stability;SHAP Weight Stability;SHAP Adjusted Weight Stability
AVUD_3;1;3;1;0.999999999919055;0.5553728320618825;0.21232701206623428;0.21232701206623428
EBNE_3;0;3;1;1.0;0.5998172681589767;0.6358070305393341;0.6358070305393341
KZHD_3;1;3;1;0.9999999999859028;0.5553728320618824;0.02678194728066341;0.02678194728066341
NKJD_3;0;3;0;0.9999999999995453;0.39986298241607676;0.9945628795602902;0.9945628795602902
NSBE_3;1;3;0;0.9999999955593921;0.8332876587192838;0.99642528141574;0.99642528141574
RFID_3;0;3;0;0.9999999998926796;0.8124314818198429;0.9978806473949187;0.9978806473949187
TSOE_3;1;3;1;1.0;0.7726130601090627;0.5063737147023881;0.5063737147023881
XCYD_3;0;3;0;0.9999999965798452;0.8124314818198429;0.9978861477706377;0.9978861477706377
