Case ID;Actual;Prefix Length;Prediction;Prediction Probability;SHAP Subset Stability;SHAP Weight Stability;SHAP Adjusted Weight Stability;LIME Subset Stability;LIME Weight Stability;LIME Adjusted Weight Stability
AYLD_4;1;4;0;1.0;0.5452730177171072;0.9044242115056588;0.9044242115056588;0.27177245857388244;0.6337973533314989;0.6337973533314989
DKHE_4;1;4;1;1.0;0.6426755953461591;0.7073728305586868;0.7073728305586868;0.09104248788301295;0.4459887249568044;0.4459887249568044
FXRD_4;0;4;0;1.0;0.3886892228756748;0.8100610494327166;0.8100610494327166;0.2711298717302917;0.17854847323740908;0.17854847323740908
NGLD_4;0;4;1;0.9770804630970804;0.947332104957338;0.8601327103475839;0.8601327103475839;0.2752854916838511;0.5086554123753266;0.5086554123753266
QNCE_4;1;4;1;0.9999998279336216;0.4498003267380651;0.13070117738215606;0.13070117738215606;0.2666710382808255;0.4363513110665085;0.4363513110665085
XDBE_4;1;4;1;1.0;0.6152030744652922;0.7978896306851606;0.7978896306851606;0.27653010279176815;0.6195618723848502;0.6195618723848502
ZDEE_4;0;4;1;1.0;0.6152030744652923;0.6877997510222396;0.6877997510222396;0.28114283997702416;0.263267826939825;0.263267826939825
ZHCE_4;0;4;1;1.0;0.4498003267380649;0.736288361365657;0.736288361365657;0.2841758843749599;0.27534034030121424;0.27534034030121424
