Case ID;Actual;Prefix Length;Prediction;Prediction Probability;SHAP Subset Stability;SHAP Weight Stability;SHAP Adjusted Weight Stability;LIME Subset Stability;LIME Weight Stability;LIME Adjusted Weight Stability
DAZD_7;0;7;1;1.0;0.24985438778151714;0.918285969634892;0.918285969634892;0.14377645021134577;0.7674054830674513;0.7674054830674513
EJSD_7;1;7;1;1.0;0.07121823586244512;0.8912007117796259;0.8912007117796259;-0.05809016539619338;0.7496155782156444;0.7496155782156444
FSID_7;0;7;0;1.0;1.0;0.9999968586582344;0.9999968586582344;-0.07582158840111486;0.7437340429523759;0.7437340429523759
IRND_7;1;7;0;1.0;1.0;0.9994714028901824;0.9994714028901824;-0.035276962639740894;0.6088571590447387;0.6088571590447387
TIGE_7;1;7;0;1.0;1.0;0.9999961078440408;0.9999961078440408;-0.027840676236705386;0.7086666595002247;0.7086666595002247
TZEE_7;0;7;0;1.0;1.0;0.9999922625752152;0.9999922625752152;-0.033557050071736594;0.70485039364744;0.70485039364744
YITD_7;0;7;0;1.0;1.0;0.9999907501556634;0.9999907501556634;-0.011842222733143837;0.7666641410426299;0.7666641410426299
YJZD_7;1;7;0;1.0;1.0;0.9999780730095424;0.9999780730095424;-0.04810244206692693;0.7031676772349711;0.7031676772349711
