Case ID;Actual;Prefix Length;Prediction;Prediction Probability;SHAP Subset Stability;SHAP Weight Stability;SHAP Adjusted Weight Stability;LIME Subset Stability;LIME Weight Stability;LIME Adjusted Weight Stability
DKYD_8;0;8;1;1.0;1.0;0.9999421237760968;0.9999421237760968;-0.01889574409280792;0.8038329925180825;0.8038329925180825
EJSD_8;1;8;0;1.0;1.0;0.9999849398461812;0.9999849398461812;-0.020846836466613006;0.8272215872473013;0.8272215872473013
LJOE_8;1;8;0;1.0;1.0;0.9999837088719499;0.9999837088719499;-0.008281141373287948;0.7125799521478943;0.7125799521478943
PRTD_8;0;8;0;1.0;1.0;0.9999806761342332;0.9999806761342332;-0.018334476247463982;0.8460866097428725;0.8460866097428725
WUMD_8;0;8;0;1.0;1.0;0.9999805271296784;0.9999805271296784;-0.01200532059009185;0.8204105021626946;0.8204105021626946
ZEDE_8;0;8;0;1.0;1.0;0.9999829126055008;0.9999829126055008;0.016346531846676893;0.8637752606815465;0.8637752606815465
ZKSD_8;1;8;1;1.0;1.0;0.9999451847735378;0.9999451847735378;0.08502209705027541;0.8268502516682197;0.8268502516682197
ZVMD_8;1;8;0;1.0;1.0;0.9999908265077044;0.9999908265077044;-0.018609261398261134;0.8772670923195756;0.8772670923195756
