Case ID;Actual;Prefix Length;Prediction;Prediction Probability;SHAP Subset Stability;SHAP Weight Stability;SHAP Adjusted Weight Stability;LIME Subset Stability;LIME Weight Stability;LIME Adjusted Weight Stability
AHYD_5;0;5;0;0.9994698432021126;1.0;0.9979273524237084;0.9979273524237084;-0.15204721579832148;0.9993453316883315;0.9993453316883315
AIME_5;0;5;1;1.0;0.4498339121244149;0.7622627098590593;0.7622627098590593;0.08724483866139476;0.9772710586459292;0.9772710586459292
AOJD_5;1;5;1;0.9679419415553132;0.7332125239101983;0.8310249034608721;0.8310249034608721;1.0;0.9862640850729141;0.9862640850729141
CIGE_5;1;5;1;1.0;0.27758149803384724;0.7576740867123934;0.7576740867123934;1.0;0.9815950928219578;0.9815950928219578
GISD_5;1;5;1;0.9999726529028066;0.5767569739996655;0.4351415153126072;0.4351415153126072;1.0;0.9881666106677272;0.9881666106677272
SKMD_5;0;5;0;0.9999999999995453;0.5832578479623984;0.997160004186157;0.997160004186157;-0.14586248994023587;0.9984381646979683;0.9984381646979683
SMOD_5;1;5;0;0.9999968234110816;0.4284506483310758;0.912917210406328;0.912917210406328;-0.14451263795679403;0.9983188558367713;0.9983188558367713
ZEXD_5;0;5;0;0.9999999999997726;0.3748490201407131;0.9958604972832816;0.9958604972832816;-0.13470152504222144;0.9982623480184165;0.9982623480184165
