Case ID;Actual;Prefix Length;Prediction;Prediction Probability;SHAP Subset Stability;SHAP Weight Stability;SHAP Adjusted Weight Stability
AELE;0;1;0;1.0;1.0;0.9996626922621602;0.9996626922621602
BDAE;1;1;1;1.0;0.8331998041572083;0.9999764451425701;0.9999764451425701
ECND;0;1;0;1.0;1.0;0.9999882796608476;0.9999882796608476
LTMD;1;1;0;0.9999360263073367;1.0;0.9999708936083854;0.9999708936083854
ONQD;0;1;1;0.9999999999727152;1.0;0.999974822739237;0.999974822739237
XNNE;1;1;1;1.0;1.0;0.9999679136115422;0.9999679136115422
YBHE;0;1;0;0.999999778555345;1.0;0.9999905886715015;0.9999905886715015
YDRD;1;1;1;0.9999877496416076;1.0;0.9998744775095612;0.9998744775095612
