Case ID;Actual;Prefix Length;Prediction;Prediction Probability;SHAP Subset Stability;SHAP Weight Stability;SHAP Adjusted Weight Stability
DKYD_8;0;8;1;1.0;1.0;0.9999421237760968;0.9999421237760968
EJSD_8;1;8;0;1.0;1.0;0.9999849398461811;0.9999849398461811
LJOE_8;1;8;0;1.0;1.0;0.99998370887195;0.99998370887195
PRTD_8;0;8;0;1.0;1.0;0.9999806761342332;0.9999806761342332
WUMD_8;0;8;0;1.0;1.0;0.9999805271296783;0.9999805271296783
ZEDE_8;0;8;0;1.0;1.0;0.9999829126055007;0.9999829126055007
ZKSD_8;1;8;1;1.0;1.0;0.9999451847735378;0.9999451847735378
ZVMD_8;1;8;0;1.0;1.0;0.9999908265077045;0.9999908265077045
