Case ID;Actual;Prefix Length;Prediction;Prediction Probability;SHAP Subset Stability;SHAP Weight Stability;SHAP Adjusted Weight Stability
BMHE_2;0;2;0;0.9970360494379255;0.7498676110412392;0.8961456033754321;0.8961456033754321
CIBE_2;0;2;1;1.0;0.7498676110412392;0.886078630344195;0.886078630344195
FUZD_2;0;2;0;0.9972606809421757;0.8888226900275094;0.8910772682058157;0.8910772682058157
KMRD_2;1;2;1;1.0;0.6426916676122396;0.8832123065142382;0.8832123065142382
KOBE_2;1;2;1;1.0;0.3998014559894111;0.8231902865614498;0.8231902865614498
QLJE_2;0;2;0;0.9992998872439576;0.7856150005673437;0.9085871344151757;0.9085871344151757
RRND_2;1;2;1;1.0;0.8888226900275094;0.9272062784429049;0.9272062784429049
WKDE_2;1;2;1;1.0;0.7498676110412392;0.9478982503622866;0.9478982503622866
