Case ID,Actual,Prefix Length,Prediction,Prediction Probability
AELE,0,1,0,1.0
BDAE,1,1,1,1.0
ECND,0,1,0,1.0
LTMD,1,1,0,0.9999360263073367
ONQD,0,1,1,0.9999999999727152
XNNE,1,1,1,1.0
YBHE,0,1,0,0.999999778555345
YDRD,1,1,1,0.9999877496416076
