Case ID;Actual;Prefix Length;Prediction;Prediction Probability;SHAP Subset Stability;SHAP Weight Stability;SHAP Adjusted Weight Stability;LIME Subset Stability;LIME Weight Stability;LIME Adjusted Weight Stability
AIYD_6;1;6;1;1.0;0.2776001627378827;0.8387354475635936;0.8387354475635936;0.43700783364777296;0.9939331892800725;0.9939331892800725
ESGE_6;0;6;0;1.0;0.28557766622688185;0.9763751526441308;0.9763751526441308;-0.22950032570911083;0.999999999998814;0.999999999998814
KFAE_6;0;6;0;0.999999999999318;0.4443078174906789;0.9764246582990648;0.9764246582990648;-0.18132690823764808;0.9999999999987956;0.9999999999987956
MZDE_6;0;6;1;1.0;0.4373770391015658;0.7372863491888548;0.7372863491888548;0.42835279557424333;0.974970306222081;0.974970306222081
NOOD_6;1;6;1;1.0;0.16653005091213768;0.7485279330351523;0.7485279330351523;1.0;0.9574006116057934;0.9574006116057934
OEZD_6;1;6;1;1.0;0.33322404072971024;0.8086724751009502;0.8086724751009502;0.34964466311329767;0.9867475983385616;0.9867475983385616
PDBE_6;1;6;1;1.0;0.4443078174906791;0.8068421812442581;0.8068421812442581;0.516270221007063;0.9863730805644583;0.9863730805644583
RIRD_6;0;6;0;1.0;0.24987704582092385;0.975407249521144;0.975407249521144;-0.1863295477450959;0.9999999999988061;0.9999999999988061
