Case ID;Actual;Prefix Length;Prediction;Prediction Probability;SHAP Subset Stability;SHAP Weight Stability;SHAP Adjusted Weight Stability
BQL_14;1;14;1;1.0;1.0;0.9999921287850102;0.9999921287850102
DYBA_14;0;14;0;1.0;1.0;0.9999683600180447;0.9999683600180447
ELJ_14;1;14;1;1.0;1.0;0.9999938551314023;0.9999938551314023
KOD_14;0;14;0;1.0;1.0;0.999968192032918;0.999968192032918
MWZ_14;0;14;0;1.0;1.0;0.9999835456565278;0.9999835456565278
OUE_14;1;14;1;1.0;1.0;0.9999350604671615;0.9999350604671615
QXKB_14;1;14;1;1.0;1.0;0.9999925743021227;0.9999925743021227
UGKD_14;0;14;0;1.0;1.0;0.9999650997773327;0.9999650997773327
