Case ID;Actual;Prefix Length;Prediction;Prediction Probability;SHAP Subset Stability;SHAP Weight Stability;SHAP Adjusted Weight Stability
AIYD_6;1;6;1;1.0;0.2776001627378827;0.8387354475635936;0.8387354475635936
ESGE_6;0;6;0;1.0;0.28557766622688185;0.9763751526441308;0.9763751526441308
KFAE_6;0;6;0;0.9999999999993179;0.44430781749067894;0.9764246582990647;0.9764246582990647
MZDE_6;0;6;1;1.0;0.4373770391015658;0.7372863491888548;0.7372863491888548
NOOD_6;1;6;1;1.0;0.16653005091213768;0.7485279330351523;0.7485279330351523
OEZD_6;1;6;1;1.0;0.33322404072971024;0.8086724751009502;0.8086724751009502
PDBE_6;1;6;1;1.0;0.44430781749067905;0.8068421812442581;0.8068421812442581
RIRD_6;0;6;0;1.0;0.24987704582092385;0.9754072495211441;0.9754072495211441
