Case ID;Actual;Prefix Length;Prediction;Prediction Probability;SHAP Subset Stability;SHAP Weight Stability;SHAP Adjusted Weight Stability;LIME Subset Stability;LIME Weight Stability;LIME Adjusted Weight Stability
CHF_11;0;11;0;1.0;1.0;0.9999863088850728;0.9999863088850728;;1.0;1.0
CMKA_11;0;11;0;1.0;1.0;0.9999860463503312;0.9999860463503312;;1.0;1.0
DQL_11;1;11;1;1.0;1.0;0.9999927850102518;0.9999927850102518;;1.0;1.0
ELJ_11;1;11;1;1.0;1.0;0.9999571726178298;0.9999571726178298;;1.0;1.0
ERY_11;0;11;0;1.0;1.0;0.9999960955108872;0.9999960955108872;;1.0;1.0
JISD_11;1;11;0;1.0;1.0;0.9999743299766859;0.9999743299766859;;1.0;1.0
LHH_11;1;11;1;1.0;1.0;0.9999960038900534;0.9999960038900534;;1.0;1.0
LPDB_11;0;11;0;1.0;1.0;0.9999842350645024;0.9999842350645024;;1.0;1.0
