Case ID,Actual,Prefix Length,Prediction,Prediction Probability
AHYD_5,0,5,0,0.9994698432021126
AIME_5,0,5,1,1.0
AOJD_5,1,5,1,0.9679419415553132
CIGE_5,1,5,1,1.0
GISD_5,1,5,1,0.9999726529028066
SKMD_5,0,5,0,0.9999999999995453
SMOD_5,1,5,0,0.9999968234110815
ZEXD_5,0,5,0,0.9999999999997726
