Case ID;Actual;Prefix Length;Prediction;Prediction Probability;SHAP Subset Stability;SHAP Weight Stability;SHAP Adjusted Weight Stability;LIME Subset Stability;LIME Weight Stability;LIME Adjusted Weight Stability
AWNB_10;0;10;0;0.9816453865509922;0.0996630475477348;0.5480153678842633;0.5480153678842633;-0.12194446752373711;1.0;1.0
JBTB_10;1;10;1;1.0;0.06221922731356677;0.5384757259581322;0.5384757259581322;0.38156601170034077;0.9691536920075621;0.9691536920075621
POM_10;0;10;0;1.0;0.24977538185085346;0.624309946615514;0.624309946615514;-0.12958817211901752;1.0;1.0
QAL_10;1;10;1;1.0;0.3843158376801243;0.5223687009185995;0.5223687009185995;0.714210844372189;0.9654778170189734;0.9654778170189734
UTUB_10;0;10;0;1.0;0.07118524420961425;0.4724403801902421;0.4724403801902421;-0.12920414671593505;1.0;1.0
WDPA_10;0;10;0;1.0;0.12473794549266225;0.5294841313382623;0.5294841313382623;-0.12953922722292188;1.0;1.0
ZRI_10;1;10;1;1.0;0.14263253311656687;-0.2052082579461876;-0.2052082579461876;0.432696390658174;0.7924173842312647;0.7924173842312647
ZUAB_10;1;10;1;1.0;0.4543208111668181;0.5927251861819167;0.5927251861819167;0.7271604055834091;0.9486144491569446;0.9486144491569446
