Case ID,Actual,Prefix Length,Prediction,Prediction Probability
BMHE_2,0,2,0,0.9970360494379255
CIBE_2,0,2,1,1.0
FUZD_2,0,2,0,0.9972606809421757
KMRD_2,1,2,1,1.0
KOBE_2,1,2,1,1.0
QLJE_2,0,2,0,0.9992998872439576
RRND_2,1,2,1,1.0
WKDE_2,1,2,1,1.0
