Case ID;Actual;Prefix Length;Prediction;Prediction Probability;SHAP Subset Stability;SHAP Weight Stability;SHAP Adjusted Weight Stability;LIME Subset Stability;LIME Weight Stability;LIME Adjusted Weight Stability;ACV Subset Stability;ACV Weight Stability;ACV Adjusted Weight Stability;LINDA Subset Stability;LINDA Weight Stability;LINDA Adjusted Weight Stability
205086_6;0;6;0;0.5696200970798782;1.0;0.9966247179711952;0.9966247179711952;0.9271577789994504;0.996200328168308;0.996200328168308;;1.0;1.0;1.0;1.0;1.0
205655_6;1;6;0;0.630341251807219;1.0;0.9966950156275108;0.9966950156275108;0.7775410047785096;0.9981843144769452;0.9981843144769452;;1.0;1.0;1.0;0.9999999999999999;0.9999999999999999
206528_6;0;6;0;0.7908868931314232;1.0;0.9962242836786108;0.9962242836786108;0.7608795453466098;0.995958832186648;0.995958832186648;;1.0;1.0;;1.0;1.0
206727_6;0;6;0;0.6828806942400039;1.0;0.9979600758877648;0.9979600758877648;0.6658739785495404;0.99807882241001;0.99807882241001;;1.0;1.0;;1.0;1.0
211116_6;1;6;0;0.5315019107071158;1.0;0.997189175212213;0.997189175212213;0.9457720379254678;0.9982899460437128;0.9982899460437128;;1.0;1.0;1.0;1.0;1.0
211588_6;1;6;0;0.7901474149859287;1.0;0.9876746434677126;0.9876746434677126;0.7952472486054576;0.9978782850589808;0.9978782850589808;;1.0;1.0;;1.0;1.0
212184_6;0;6;1;0.753461167971596;1.0;0.9913630637166134;0.9913630637166134;1.0;0.9986081286156304;0.9986081286156304;;1.0;1.0;;1.0;1.0
214139_6;1;6;1;0.5114053190764762;1.0;0.99546932231576;0.99546932231576;0.8879716981132075;0.9976920359362694;0.9976920359362694;;1.0;1.0;1.0;1.0;1.0
