Case ID;Actual;Prefix Length;Prediction;Prediction Probability;SHAP Subset Stability;SHAP Weight Stability;SHAP Adjusted Weight Stability;LIME Subset Stability;LIME Weight Stability;LIME Adjusted Weight Stability;ACV Subset Stability;ACV Weight Stability;ACV Adjusted Weight Stability;LINDA Subset Stability;LINDA Weight Stability;LINDA Adjusted Weight Stability
204679_5;0;5;0;0.7529203103382827;1.0;0.9993892991855592;0.9993892991855592;0.9265951439864484;0.9984017222134772;0.9984017222134772;;1.0;1.0;;1.0;1.0
205499_5;0;5;0;0.7102309425418304;1.0;0.9991604665559128;0.9991604665559128;0.8027613412228797;0.9977989831115404;0.9977989831115404;;1.0;1.0;;1.0;1.0
206047_5;1;5;0;0.6970224820011646;1.0;0.9992361317027328;0.9992361317027328;0.7430830039525691;0.9980307564313984;0.9980307564313984;;1.0;1.0;;1.0;1.0
208241_5;0;5;0;0.6804852253480841;1.0;0.9989641945068872;0.9989641945068872;0.8720472440944882;0.9988050867789994;0.9988050867789994;;1.0;1.0;;1.0;1.0
208382_5;0;5;1;0.5238527049865707;1.0;0.9999458679007812;0.9999458679007812;0.9500512295081968;0.9973677374006812;0.9973677374006812;;1.0;1.0;1.0;1.0;1.0
209592_5;1;5;0;0.5288961014135537;1.0;0.9999699856800748;0.9999699856800748;0.9191089540165516;0.9983056329007208;0.9983056329007208;;1.0;1.0;1.0;1.0;1.0
211287_5;1;5;0;0.5618630439448612;1.0;0.9999138863625836;0.9999138863625836;0.9656969457088198;0.9979434214945904;0.9979434214945904;;1.0;1.0;;1.0;1.0
213675_5;1;5;0;0.529828108055597;1.0;0.9999585515162502;0.9999585515162502;0.9514653724099308;0.9989380806321256;0.9989380806321256;;1.0;1.0;1.0;1.0;1.0
