Case ID,Actual,Prefix Length,Prediction,Prediction Probability
BH_17,0,17,0,1.0
EX_17,0,17,0,0.9999999985739123
FDA_17,1,17,0,0.999999999801986
GG_17,1,17,1,1.0
LKA_17,1,17,0,0.9999999861839797
ZJA_17,0,17,1,1.0
