Case ID,Actual,Prefix Length,Prediction,Prediction Probability
CF_16,1,16,1,0.9999566844860228
ES_16,1,16,1,0.5629750996601401
PU_16,0,16,0,0.9999923251807341
RU_16,0,16,0,1.0
SGA_16,0,16,1,0.568221756231421
YK_16,1,16,1,1.0
