Case ID;Actual;Prefix Length;Prediction;Prediction Probability;SHAP Subset Stability;SHAP Weight Stability;SHAP Adjusted Weight Stability;SHAP Subset Stability;SHAP Weight Stability;SHAP Adjusted Weight Stability
ECSB_10;1;10;1;1.0;1.0;0.9998333236658297;0.9998333236658297;1.0;0.9998387611567348;0.9998387611567348
JOTA_10;1;10;1;1.0;1.0;0.9998168487879742;0.9998168487879742;1.0;0.999796508276498;0.999796508276498
LCZA_10;0;10;0;1.0;1.0;0.9992520095764666;0.9992520095764666;1.0;0.99921171622612;0.99921171622612
NDJ_10;0;10;0;1.0;1.0;0.9998177694461005;0.9998177694461005;1.0;0.9998528725444782;0.9998528725444782
SQEB_10;1;10;1;1.0;1.0;0.9998204354684405;0.9998204354684405;1.0;0.9998524073912315;0.9998524073912315
TOUA_10;0;10;0;1.0;1.0;0.9992682000042049;0.9992682000042049;1.0;0.9992977516030905;0.9992977516030905
WTNA_10;0;10;0;1.0;1.0;0.9993313980483854;0.9993313980483854;1.0;0.9994254058355889;0.9994254058355889
XQZ_10;1;10;1;1.0;1.0;0.9998176838351356;0.9998176838351356;1.0;0.9998007377908873;0.9998007377908873
