Case ID;Actual;Prefix Length;Prediction;Prediction Probability;SHAP Subset Stability;SHAP Weight Stability;SHAP Adjusted Weight Stability;SHAP Subset Stability.1;SHAP Weight Stability.1;SHAP Adjusted Weight Stability.1;LIME Subset Stability;LIME Weight Stability;LIME Adjusted Weight Stability
AYLD_7;1;7;0;1.0;1.0;0.999787231157426;0.999787231157426;1.0;0.9997817199663293;0.9997817199663293;0.29361469320594313;0.8015507086204161;0.8015507086204161
DAZD_7;0;7;1;1.0;1.0;0.9999323346677909;0.9999323346677909;1.0;0.9999277989100569;0.9999277989100569;0.2928618453865336;0.7257744064201289;0.7257744064201289
EGRD_7;1;7;1;1.0;1.0;0.9999343082415878;0.9999343082415878;1.0;0.9999238529484396;0.9999238529484396;0.2868811249681088;0.7714652639755013;0.7714652639755013
GXYD_7;1;7;0;1.0;1.0;0.9998206030638109;0.9998206030638109;1.0;0.9997778458741492;0.9997778458741492;0.29430392017978413;0.7643056055141624;0.7643056055141624
MMOD_7;0;7;0;1.0;1.0;0.9997739561035148;0.9997739561035148;1.0;0.9997893610877892;0.9997893610877892;0.2926655617932711;0.5660866670282663;0.5660866670282663
NZYD_7;0;7;0;1.0;1.0;0.9998037900627272;0.9998037900627272;1.0;0.9998021426060788;0.9998021426060788;0.29842489663470495;0.7559083182852673;0.7559083182852673
RLDE_7;1;7;1;1.0;1.0;0.9999217094247418;0.9999217094247418;1.0;0.999893176402162;0.999893176402162;0.28662576809657325;0.7699513331017528;0.7699513331017528
YGND_7;0;7;0;1.0;1.0;0.999781856607224;0.999781856607224;1.0;0.9997721870546344;0.9997721870546344;0.3031185319736902;0.7602262561119679;0.7602262561119679
