Case ID;Actual;Prefix Length;Prediction;Prediction Probability;SHAP Subset Stability;SHAP Weight Stability;SHAP Adjusted Weight Stability;SHAP Subset Stability.1;SHAP Weight Stability.1;SHAP Adjusted Weight Stability.1;LIME Subset Stability;LIME Weight Stability;LIME Adjusted Weight Stability
DAFE_2;0;2;1;1.0;0.2717996289424862;-0.8151682851809339;-0.8151682851809339;0.2770242419558441;-1.0742871232861804;-1.0742871232861804;0.5201025648208304;0.7225270283899291;0.7225270283899291
FYOD_2;1;2;0;1.0;0.124188593949229;-1.0869804471860331;-1.0869804471860331;0.1421617325650706;-1.181181118974032;-1.181181118974032;0.520579464418224;0.7623087958576766;0.7623087958576766
NEBE_2;0;2;1;1.0;0.2136482548513149;-0.8862696717674217;-0.8862696717674217;0.21364825485131467;-0.9544795101203613;-0.9544795101203613;0.51985522210864;0.03889636512223582;0.03889636512223582
OFTD_2;0;2;0;1.0;0.4995943439962911;-0.8794488742898443;-0.8794488742898443;0.09947856315179593;-2.06275975463546;-2.06275975463546;0.5329301646579074;0.39380760546256455;0.39380760546256455
QAND_2;0;2;0;1.0;0.19953650057937425;-2.748218897187064;-2.748218897187064;0.2491304347826085;-2.2010255230225027;-2.2010255230225027;0.5466878980891721;0.45010827651369856;0.45010827651369856
SGME_2;1;2;1;1.0;0.3118624666743943;-1.0148259950370542;-1.0148259950370542;0.2717996289424862;-0.7830351810828211;-0.7830351810828211;0.5260275983505152;0.7296368007897233;0.7296368007897233
YUDE_2;1;2;1;1.0;0.21364825485131467;-1.5926525042112694;-1.5926525042112694;0.0706752102788264;-0.9763862637478856;-0.9763862637478856;0.5169644190106034;0.73295276724059;0.73295276724059
ZKSD_2;1;2;1;1.0;0.38825128165494494;-1.6559345522004052;-1.6559345522004052;0.2991884057971013;-1.8453556348296052;-1.8453556348296052;0.53139564578944;0.6026358542208122;0.6026358542208122
