Case ID;Actual;Prefix Length;Prediction;Prediction Probability;SHAP Subset Stability;SHAP Weight Stability;SHAP Adjusted Weight Stability;SHAP Subset Stability.1;SHAP Weight Stability.1;SHAP Adjusted Weight Stability.1;LIME Subset Stability;LIME Weight Stability;LIME Adjusted Weight Stability
BTIB_11;0;11;0;1.0;1.0;0.999563872042492;0.999563872042492;1.0;0.9949612304893576;0.9949612304893576;;1.0;1.0
GJVA_11;0;11;0;1.0;1.0;0.9993275018853454;0.9993275018853454;1.0;0.9975507674644302;0.9975507674644302;;1.0;1.0
JISD_11;1;11;0;1.0;1.0;0.9993303453407979;0.9993303453407979;1.0;0.8769274431372195;0.8769274431372195;;1.0;1.0
PBE_11;1;11;1;1.0;1.0;0.9993956974762124;0.9993956974762124;1.0;0.9992962968766916;0.9992962968766916;;1.0;1.0
PNBB_11;0;11;0;1.0;1.0;0.9990207190845548;0.9990207190845548;1.0;0.999142270138044;0.999142270138044;;1.0;1.0
PRTD_11;0;11;0;1.0;1.0;0.9994175670323194;0.9994175670323194;1.0;0.9994680571946798;0.9994680571946798;;1.0;1.0
SHA_11;1;11;1;1.0;1.0;0.9991896261887128;0.9991896261887128;1.0;0.9994259192986245;0.9994259192986245;;1.0;1.0
SHFB_11;1;11;1;1.0;1.0;0.9994504382155488;0.9994504382155488;1.0;0.9993579948830692;0.9993579948830692;;1.0;1.0
