Case ID;Actual;Prefix Length;Prediction;Prediction Probability;SHAP Subset Stability;SHAP Weight Stability;SHAP Adjusted Weight Stability;SHAP Subset Stability.1;SHAP Weight Stability.1;SHAP Adjusted Weight Stability.1;LIME Subset Stability;LIME Weight Stability;LIME Adjusted Weight Stability
AQL_12;0;12;0;1.0;1.0;0.9981379458980876;0.9981379458980876;1.0;0.9982618550497122;0.9982618550497122;0.4621860201481459;0.9231936271066851;0.9231936271066851
CWGA_12;0;12;0;1.0;1.0;0.999147965638399;0.999147965638399;1.0;0.9984966581828232;0.9984966581828232;0.4915935672514621;0.9468757817655185;0.9468757817655185
GXYD_12;1;12;0;1.0;1.0;0.9983118336239162;0.9983118336239162;1.0;0.9986032370546334;0.9986032370546334;0.48001345342687674;0.9499766142408588;0.9499766142408588
OGL_12;1;12;1;1.0;1.0;0.9982385409759036;0.9982385409759036;1.0;0.9988757906344196;0.9988757906344196;0.4246641963872163;0.9602482139855909;0.9602482139855909
PW_12;0;12;0;1.0;1.0;0.998863885032768;0.998863885032768;1.0;0.9988563756760409;0.9988563756760409;0.5251538601729963;0.9393761274158317;0.9393761274158317
SEMD_12;0;12;0;1.0;1.0;0.9980080270488928;0.9980080270488928;1.0;0.998304120441851;0.998304120441851;0.5006291970802919;0.9224262540856379;0.9224262540856379
SUC_12;1;12;1;1.0;1.0;0.9989480368529216;0.9989480368529216;1.0;0.9990133124036744;0.9990133124036744;0.4961165438901338;0.9157598110286177;0.9157598110286177
WPRC_12;1;12;1;1.0;1.0;0.9984300665117471;0.9984300665117471;1.0;0.9984565997415435;0.9984565997415435;0.46907553784107203;0.9576564001940304;0.9576564001940304
