Case ID;Actual;Prefix Length;Prediction;Prediction Probability;SHAP Subset Stability;SHAP Weight Stability;SHAP Adjusted Weight Stability;SHAP Subset Stability.1;SHAP Weight Stability.1;SHAP Adjusted Weight Stability.1;LIME Subset Stability;LIME Weight Stability;LIME Adjusted Weight Stability
ALFE_6;1;6;1;0.9999999999615738;0.4996482588814632;-2.162062360453449;-2.162062360453449;0.5997655334114889;-2.6228554959284973;-2.6228554959284973;;1.0;1.0
GKAE_6;0;6;0;0.9999988335141534;0.4996482588814632;-2.0006145555197365;-2.0006145555197365;0.7855383945322969;-1.714663731317886;-1.714663731317886;;1.0;1.0
HISD_6;1;6;1;1.0;0.8332160862938209;-2.9250887923867612;-2.9250887923867612;0.5997655334114889;-3.5994987865021786;-3.5994987865021786;;1.0;1.0
LAND_6;0;6;0;1.0;0.8332160862938209;-2.4558260125870595;-2.4558260125870595;0.8332160862938209;-0.8401775673573828;-0.8401775673573828;;1.0;1.0
MVAE_6;0;6;0;0.9999999999765804;1.0;-2.8703275567793707;-2.8703275567793707;0.4996482588814632;-3.6971456697449283;-3.6971456697449283;;1.0;1.0
TRKE_6;0;6;0;0.9999999997378382;1.0;-1.2192880704619884;-1.2192880704619884;0.8332160862938209;-1.7000533672442684;-1.7000533672442684;;1.0;1.0
WOND_6;1;6;0;0.7889997720755139;0.8332160862938209;-1.3032209421002454;-1.3032209421002454;0.8332160862938209;-1.9282921137736848;-1.9282921137736848;;1.0;1.0
YDZD_6;1;6;1;1.0;0.8332160862938209;-4.42437546386656;-4.42437546386656;0.5997655334114889;-5.336124035902586;-5.336124035902586;;1.0;1.0
