Case ID;Actual;Prefix Length;Prediction;Prediction Probability;SHAP Subset Stability;SHAP Weight Stability;SHAP Adjusted Weight Stability;SHAP Subset Stability.1;SHAP Weight Stability.1;SHAP Adjusted Weight Stability.1;LIME Subset Stability;LIME Weight Stability;LIME Adjusted Weight Stability
BPH_14;1;14;1;1.0;1.0;0.9939796193292814;0.9939796193292814;1.0;0.9942290769997004;0.9942290769997004;0.06573850662377223;0.9322729276945119;0.9322729276945119
KKOD_14;0;14;0;1.0;1.0;0.9977662732154176;0.9977662732154176;1.0;0.9980523143651978;0.9980523143651978;0.1215070242656453;0.9036237139867346;0.9036237139867346
NYFD_14;0;14;0;1.0;1.0;0.9982185627668352;0.9982185627668352;1.0;0.9987915814587592;0.9987915814587592;0.11757157940702978;0.9559881475665886;0.9559881475665886
OUE_14;1;14;1;1.0;1.0;0.9933451969037591;0.9933451969037591;1.0;0.9930884675025452;0.9930884675025452;0.6133286943319838;0.9656288071420462;0.9656288071420462
SKO_14;1;14;1;1.0;1.0;0.9945820817010868;0.9945820817010868;1.0;0.9944501578636624;0.9944501578636624;0.08451510721247568;0.9500248013545446;0.9500248013545446
VGH_14;1;14;1;1.0;1.0;0.9942861583840188;0.9942861583840188;1.0;0.9943807689129776;0.9943807689129776;0.07972476227098824;0.9502818703838578;0.9502818703838578
XOO_14;0;14;0;1.0;1.0;0.9971917298240548;0.9971917298240548;1.0;0.9985567793110668;0.9985567793110668;0.13279969893561716;0.9588117845627826;0.9588117845627826
YFCB_14;0;14;0;1.0;1.0;0.998617086581188;0.998617086581188;1.0;0.9981759950396534;0.9981759950396534;0.10050485826804756;0.9376176832033644;0.9376176832033644
