Case ID;Actual;Prefix Length;Prediction;Prediction Probability;SHAP Subset Stability;SHAP Weight Stability;SHAP Adjusted Weight Stability;SHAP Subset Stability;SHAP Weight Stability;SHAP Adjusted Weight Stability
DAFE_2;0;2;1;1.0;0.2717996289424862;-0.8151682851809339;-0.8151682851809339;0.2770242419558441;-1.0742871232861804;-1.0742871232861804
FYOD_2;1;2;0;1.0;0.12418859394922899;-1.0869804471860331;-1.0869804471860331;0.1421617325650706;-1.181181118974032;-1.181181118974032
NEBE_2;0;2;1;1.0;0.2136482548513149;-0.8862696717674217;-0.8862696717674217;0.21364825485131467;-0.9544795101203611;-0.9544795101203611
OFTD_2;0;2;0;1.0;0.4995943439962911;-0.8794488742898443;-0.8794488742898443;0.09947856315179593;-2.06275975463546;-2.06275975463546
QAND_2;0;2;0;1.0;0.19953650057937422;-2.7482188971870634;-2.7482188971870634;0.24913043478260855;-2.2010255230225027;-2.2010255230225027
SGME_2;1;2;1;1.0;0.3118624666743943;-1.0148259950370542;-1.0148259950370542;0.2717996289424862;-0.7830351810828211;-0.7830351810828211
YUDE_2;1;2;1;1.0;0.21364825485131467;-1.5926525042112694;-1.5926525042112694;0.0706752102788264;-0.9763862637478855;-0.9763862637478855
ZKSD_2;1;2;1;1.0;0.38825128165494494;-1.6559345522004052;-1.6559345522004052;0.29918840579710126;-1.8453556348296054;-1.8453556348296054
