Case ID;Actual;Prefix Length;Prediction;Prediction Probability;SHAP Subset Stability;SHAP Weight Stability;SHAP Adjusted Weight Stability;SHAP Subset Stability;SHAP Weight Stability;SHAP Adjusted Weight Stability
BIWD_3;0;3;0;0.9986978235037793;0.6246504311349335;-5.596913901247875;-5.596913901247875;0.38824793795076984;-4.434640243752032;-4.434640243752032
CEZD_3;0;3;0;0.9921112624814277;0.7855395216457781;-2.657529097316238;-2.657529097316238;1.0;-2.7289604382210064;-2.7289604382210064
GICE_3;0;3;0;0.9999999998872227;1.0;-2.3629669925650822;-2.3629669925650822;0.49959221717348234;-4.346882136028152;-4.346882136028152
IOEE_3;1;3;1;0.999999999998181;0.6107032332413989;-4.0098082024942405;-4.0098082024942405;0.5707289445628998;-4.356060493806656;-4.356060493806656
PUKE_3;1;3;1;1.0;0.2851317388192607;-4.2148295838855665;-4.2148295838855665;0.7140526955277042;-2.288872417855002;-2.288872417855002
QMHE_3;1;3;1;1.0;0.4538460723330755;-2.916231610440515;-2.916231610440515;0.5830420938179559;-5.102620894786779;-5.102620894786779
RYEE_3;1;3;1;1.0;0.3744173852248893;-6.339019185305073;-6.339019185305073;0.41585062563146036;-2.4452935027077167;-2.4452935027077167
YEIE_3;0;3;0;1.0;0.5830420938179559;-3.1455225028506266;-3.1455225028506266;0.8332168375271823;-2.800786569269817;-2.800786569269817
