Case ID;Actual;Prefix Length;Prediction;Prediction Probability;SHAP Subset Stability;SHAP Weight Stability;SHAP Adjusted Weight Stability;SHAP Subset Stability.1;SHAP Weight Stability.1;SHAP Adjusted Weight Stability.1;LIME Subset Stability;LIME Weight Stability;LIME Adjusted Weight Stability
BIWD_3;0;3;0;0.9986978235037792;0.6246504311349335;-5.596913901247874;-5.596913901247874;0.38824793795076973;-4.434640243752033;-4.434640243752033;0.878320425241075;0.9410558539989985;0.9410558539989985
CEZD_3;0;3;0;0.9921112624814276;0.7855395216457781;-2.6575290973162384;-2.6575290973162384;1.0;-2.7289604382210064;-2.7289604382210064;0.878320425241075;0.9285429700710338;0.9285429700710338
GICE_3;0;3;0;0.9999999998872228;1.0;-2.3629669925650822;-2.3629669925650822;0.4995922171734824;-4.346882136028152;-4.346882136028152;0.878320425241075;0.9485182403638083;0.9485182403638083
IOEE_3;1;3;1;0.9999999999981809;0.6107032332413989;-4.0098082024942405;-4.0098082024942405;0.5707289445628998;-4.356060493806656;-4.356060493806656;0.878320425241075;0.9323568049222519;0.9323568049222519
PUKE_3;1;3;1;1.0;0.2851317388192607;-4.214829583885567;-4.214829583885567;0.7140526955277042;-2.288872417855002;-2.288872417855002;0.878320425241075;0.9426764588426352;0.9426764588426352
QMHE_3;1;3;1;1.0;0.4538460723330755;-2.9162316104405153;-2.9162316104405153;0.5830420938179559;-5.102620894786778;-5.102620894786778;0.878320425241075;0.937857875755602;0.937857875755602
RYEE_3;1;3;1;1.0;0.3744173852248893;-6.339019185305072;-6.339019185305072;0.4158506256314604;-2.4452935027077167;-2.4452935027077167;0.878320425241075;0.9245291524946377;0.9245291524946377
YEIE_3;0;3;0;1.0;0.5830420938179559;-3.145522502850626;-3.145522502850626;0.8332168375271823;-2.800786569269817;-2.800786569269817;0.878320425241075;0.9396068826184898;0.9396068826184898
