Case ID;Actual;Prefix Length;Prediction;Prediction Probability;SHAP Subset Stability;SHAP Weight Stability;SHAP Adjusted Weight Stability;SHAP Subset Stability;SHAP Weight Stability;SHAP Adjusted Weight Stability
AVSD_5;0;5;0;1.0;0.09947886508396064;0.6206560446142163;0.6206560446142163;0.249478804725504;0.6323896877597615;0.6323896877597615
CDPD_5;1;5;0;1.0;1.0;0.9999631743238049;0.9999631743238049;1.0;0.9999677952165282;0.9999677952165282
DHQD_5;1;5;1;1.0;1.0;0.9999942822730365;0.9999942822730365;1.0;0.999995858074307;0.999995858074307
INNE_5;1;5;1;1.0;1.0;0.9999934190209361;0.9999934190209361;1.0;0.9999928052515754;0.9999928052515754
ISAE_5;0;5;0;1.0;-0.0005790387955995069;-1.3376060543918764;-1.3376060543918764;0.22141119221411198;-0.26974379514644764;-0.26974379514644764
JGMD_5;0;5;0;1.0;0.24947880472550388;-0.11112701642517098;-0.11112701642517098;0.08269631688672685;0.5255611396278492;0.5255611396278492
QPQD_5;0;5;0;1.0;1.0;0.9998924045266915;0.9998924045266915;1.0;0.9997158437792857;0.9997158437792857
YKYD_5;1;5;1;1.0;1.0;0.9999924376238811;0.9999924376238811;1.0;0.9999940091871654;0.9999940091871654
