Case ID;Actual;Prefix Length;Prediction;Prediction Probability;SHAP Subset Stability;SHAP Weight Stability;SHAP Adjusted Weight Stability;SHAP Subset Stability;SHAP Weight Stability;SHAP Adjusted Weight Stability
EQHE;1;1;1;1.0;1.0;0.9999023813289034;0.9999023813289034;1.0;0.9999138748382868;0.9999138748382868
GUGE;0;1;0;1.0;1.0;0.9999956872155622;0.9999956872155622;1.0;0.9999928681547069;0.9999928681547069
HKFE;1;1;1;1.0;1.0;0.9999404496047621;0.9999404496047621;1.0;0.9999458969651072;0.9999458969651072
KIAE;0;1;1;1.0;1.0;0.999973788805706;0.999973788805706;1.0;0.9999718863238275;0.9999718863238275
NKEE;1;1;1;1.0;1.0;0.9999764068450131;0.9999764068450131;1.0;0.9999633126279462;0.9999633126279462
TQND;0;1;1;1.0;1.0;0.9999608559821563;0.9999608559821563;1.0;0.9999679702479206;0.9999679702479206
WNNE;1;1;1;1.0;1.0;0.999956763178599;0.999956763178599;1.0;0.9999877962878861;0.9999877962878861
YILE;0;1;1;1.0;1.0;0.9999885006208864;0.9999885006208864;1.0;0.9999949444640492;0.9999949444640492
