Case ID;Actual;Prefix Length;Prediction;Prediction Probability;SHAP Subset Stability;SHAP Weight Stability;SHAP Adjusted Weight Stability;SHAP Subset Stability;SHAP Weight Stability;SHAP Adjusted Weight Stability
ANSD_8;1;8;1;1.0;0.5828950444132773;0.6432492069057697;0.6432492069057697;0.39947414548641547;0.6141549069973941;0.6141549069973941
FVPD_8;0;8;0;1.0;1.0;0.7203300477139267;0.7203300477139267;0.39947414548641547;0.7903992498864596;0.7903992498864596
HISD_8;1;8;1;1.0;0.49947405329593253;0.17512487560765955;0.17512487560765955;0.39947414548641547;0.6522923896767883;0.6522923896767883
NYXD_8;0;8;0;1.0;0.12377236057523677;-22.450249390673935;-22.450249390673935;0.27663762692704974;-19.94496678674682;-19.94496678674682
TXYD_8;0;8;0;1.0;0.599649430324277;0.4625132928876311;0.4625132928876311;0.8331580177653108;0.7173257133987516;0.7173257133987516
YJZD_8;1;8;0;1.0;0.8331580177653108;0.6878703343535184;0.6878703343535184;1.0;0.833792626949116;0.833792626949116
YROD_8;0;8;1;1.0;0.5828950444132773;0.23399479341862028;0.23399479341862028;0.49947405329593264;0.5388414169164902;0.5388414169164902
ZDMD_8;1;8;1;1.0;0.599649430324277;0.6446767955568278;0.6446767955568278;1.0;0.8473907036014059;0.8473907036014059
