Case ID;Actual;Prefix Length;Prediction;Prediction Probability;SHAP Subset Stability;SHAP Weight Stability;SHAP Adjusted Weight Stability;SHAP Subset Stability.1;SHAP Weight Stability.1;SHAP Adjusted Weight Stability.1;LIME Subset Stability;LIME Weight Stability;LIME Adjusted Weight Stability
FODE_4;0;4;1;1.0;-0.0006953297021670135;0.7921084855648481;0.7921084855648481;0.1867465515242841;0.8278542029160924;0.8278542029160924;0.5405477737558431;0.5704306881931052;0.5704306881931052
GCPD_4;1;4;1;1.0;0.1421617325650706;0.9610042207409424;0.9610042207409424;0.21364825485131467;0.8596526261733031;0.8596526261733031;0.5404751003616337;0.7592647630441333;0.7592647630441333
JSBE_4;1;4;1;1.0;0.3328697801985553;0.8867996314824478;0.8867996314824478;0.3328697801985553;0.9590802326481096;0.9590802326481096;0.5425304536769621;0.5446897262509983;0.5446897262509983
PIHE_4;0;4;1;1.0;0.08269594777301348;0.9150875755075478;0.9150875755075478;0.4995943439962911;0.9735561574602156;0.9735561574602156;0.5426989349383906;0.7421629670456604;0.7421629670456604
QJTD_4;0;4;0;1.0;0.22141072210629364;-3.123254018407163;-3.123254018407163;0.2493045090993391;-2.167379442025919;-2.167379442025919;0.5248450290946641;0.520644879519605;0.520644879519605
RDBE_4;1;4;1;1.0;0.3328697801985553;0.8785143307743477;0.8785143307743477;-0.0005793742757824737;0.8208909260343891;0.8208909260343891;0.5412151873446588;0.7621576565777235;0.7621576565777235
RHWD_4;0;4;0;1.0;0.27702424195584385;-2.9412595012102716;-2.9412595012102716;0.1660872252481942;-2.840118697234041;-2.840118697234041;0.5425304536769621;0.7485348347153107;0.7485348347153107
SQRD_4;1;4;1;1.0;0.2995944380069524;0.8487226220006068;0.8487226220006068;0.1421617325650706;0.8996059311551149;0.8996059311551149;0.5356988366416788;0.6750158383750258;0.6750158383750258
