Case ID;Actual;Prefix Length;Prediction;Prediction Probability;SHAP Subset Stability;SHAP Weight Stability;SHAP Adjusted Weight Stability;SHAP Subset Stability.1;SHAP Weight Stability.1;SHAP Adjusted Weight Stability.1;LIME Subset Stability;LIME Weight Stability;LIME Adjusted Weight Stability
ECSB_10;1;10;1;1.0;1.0;0.9998333236658296;0.9998333236658296;1.0;0.9998387611567348;0.9998387611567348;0.3896172201732172;0.8495631992482928;0.8495631992482928
JOTA_10;1;10;1;1.0;1.0;0.9998168487879742;0.9998168487879742;1.0;0.9997965082764979;0.9997965082764979;0.39384707614618597;0.860485680223499;0.860485680223499
LCZA_10;0;10;0;1.0;1.0;0.9992520095764666;0.9992520095764666;1.0;0.99921171622612;0.99921171622612;0.3557471116816432;0.8580621498960149;0.8580621498960149
NDJ_10;0;10;0;1.0;1.0;0.9998177694461003;0.9998177694461003;1.0;0.9998528725444782;0.9998528725444782;0.3785756821162578;-1.3157464076679766;-1.3157464076679766
SQEB_10;1;10;1;1.0;1.0;0.9998204354684403;0.9998204354684403;1.0;0.9998524073912316;0.9998524073912316;0.35015175532435505;0.8815726986065979;0.8815726986065979
TOUA_10;0;10;0;1.0;1.0;0.9992682000042048;0.9992682000042048;1.0;0.9992977516030904;0.9992977516030904;0.35511522596260203;0.7667919007951741;0.7667919007951741
WTNA_10;0;10;0;1.0;1.0;0.9993313980483854;0.9993313980483854;1.0;0.9994254058355888;0.9994254058355888;0.36716893095039616;0.8221551974370596;0.8221551974370596
XQZ_10;1;10;1;1.0;1.0;0.9998176838351356;0.9998176838351356;1.0;0.9998007377908872;0.9998007377908872;0.3773618474926488;0.7612369461653663;0.7612369461653663
