Case ID;Actual;Prefix Length;Prediction;Prediction Probability;SHAP Subset Stability;SHAP Weight Stability;SHAP Adjusted Weight Stability;SHAP Subset Stability;SHAP Weight Stability;SHAP Adjusted Weight Stability
BQL_13;1;13;1;1.0;0.28397998117040757;-23.68698827350712;-23.68698827350712;0.39896013864818014;-74.09219730201922;-74.09219730201922
ELJ_13;1;13;1;1.0;0.21237797928744861;-127.79302042214627;-127.79302042214627;0.33194637078132216;-105.75084442012121;-105.75084442012121
LHH_13;1;13;1;1.0;0.09844020797227016;-113.74889014900113;-113.74889014900113;0.16493296347665265;-94.25650263339865;-94.25650263339865
MKBB_13;0;13;0;1.0;0.28397998117040757;-75.93544205672237;-75.93544205672237;0.09844020797227016;-81.95617286112962;-81.95617286112962
RJB_13;0;13;1;1.0;0.19861351819757356;-157.45182381246755;-157.45182381246755;0.14077597740448933;-93.21004760432902;-93.21004760432902
TRAB_13;0;13;1;0.9999996106690409;0.24843966712898724;-79.25191690121093;-79.25191690121093;0.29878682842287685;-69.81385072591982;-69.81385072591982
UIS_13;0;13;1;1.0;0.14077597740448933;-78.69824847169625;-78.69824847169625;0.33194637078132205;-69.96934319953294;-69.96934319953294
WHC_13;1;13;1;1.0;0.16493296347665265;-128.65636752938877;-128.65636752938877;0.29878682842287685;-90.4193311197689;-90.4193311197689
