Case ID;Actual;Prefix Length;Prediction;Prediction Probability;SHAP Subset Stability;SHAP Weight Stability;SHAP Adjusted Weight Stability;SHAP Subset Stability;SHAP Weight Stability;SHAP Adjusted Weight Stability
BPH_14;1;14;1;1.0;1.0;0.9939796193292814;0.9939796193292814;1.0;0.9942290769997004;0.9942290769997004
KKOD_14;0;14;0;1.0;1.0;0.9977662732154176;0.9977662732154176;1.0;0.9980523143651978;0.9980523143651978
NYFD_14;0;14;0;1.0;1.0;0.9982185627668353;0.9982185627668353;1.0;0.9987915814587593;0.9987915814587593
OUE_14;1;14;1;1.0;1.0;0.993345196903759;0.993345196903759;1.0;0.9930884675025452;0.9930884675025452
SKO_14;1;14;1;1.0;1.0;0.9945820817010869;0.9945820817010869;1.0;0.9944501578636623;0.9944501578636623
VGH_14;1;14;1;1.0;1.0;0.9942861583840188;0.9942861583840188;1.0;0.9943807689129776;0.9943807689129776
XOO_14;0;14;0;1.0;1.0;0.9971917298240548;0.9971917298240548;1.0;0.9985567793110668;0.9985567793110668
YFCB_14;0;14;0;1.0;1.0;0.9986170865811879;0.9986170865811879;1.0;0.9981759950396534;0.9981759950396534
