Case ID;Actual;Prefix Length;Prediction;Prediction Probability;SHAP Subset Stability;SHAP Weight Stability;SHAP Adjusted Weight Stability;SHAP Subset Stability;SHAP Weight Stability;SHAP Adjusted Weight Stability
ALFE_6;1;6;1;0.9999999999615738;0.49964825888146314;-2.1620623604534495;-2.1620623604534495;0.5997655334114889;-2.6228554959284973;-2.6228554959284973
GKAE_6;0;6;0;0.9999988335141534;0.49964825888146314;-2.0006145555197365;-2.0006145555197365;0.7855383945322969;-1.714663731317886;-1.714663731317886
HISD_6;1;6;1;1.0;0.833216086293821;-2.925088792386761;-2.925088792386761;0.5997655334114889;-3.5994987865021786;-3.5994987865021786
LAND_6;0;6;0;1.0;0.833216086293821;-2.4558260125870595;-2.4558260125870595;0.833216086293821;-0.8401775673573828;-0.8401775673573828
MVAE_6;0;6;0;0.9999999999765805;1.0;-2.8703275567793707;-2.8703275567793707;0.49964825888146314;-3.697145669744928;-3.697145669744928
TRKE_6;0;6;0;0.9999999997378382;1.0;-1.2192880704619884;-1.2192880704619884;0.833216086293821;-1.7000533672442684;-1.7000533672442684
WOND_6;1;6;0;0.7889997720755139;0.833216086293821;-1.3032209421002454;-1.3032209421002454;0.833216086293821;-1.9282921137736846;-1.9282921137736846
YDZD_6;1;6;1;1.0;0.833216086293821;-4.42437546386656;-4.42437546386656;0.5997655334114889;-5.336124035902586;-5.336124035902586
