Case ID;Actual;Prefix Length;Prediction;Prediction Probability;SHAP Subset Stability;SHAP Weight Stability;SHAP Adjusted Weight Stability;SHAP Subset Stability;SHAP Weight Stability;SHAP Adjusted Weight Stability
AYLD_9;1;9;0;1.0;1.0;0.9395131911172049;0.9395131911172049;1.0;0.695115427237962;0.695115427237962
IFQD_9;0;9;0;1.0;0.8331447963800904;0.5846435102665346;0.5846435102665346;1.0;0.7905253183466505;0.7905253183466505
IQKD_9;0;9;0;1.0;0.8331447963800904;0.5925362263755372;0.5925362263755372;0.39943449575871814;0.09568779273720496;0.09568779273720496
IRND_9;1;9;0;1.0;1.0;0.8331431308472501;0.8331431308472501;0.5996229971724787;0.11094861130698985;0.11094861130698985
JXCE_9;1;9;0;1.0;0.5996229971724787;0.15578439845087722;0.15578439845087722;0.5996229971724787;0.31931413436726586;0.31931413436726586
MRVD_9;1;9;0;1.0;0.5996229971724787;0.6419883427369193;0.6419883427369193;1.0;0.7638520040177827;0.7638520040177827
TJZD_9;0;9;0;1.0;0.8331447963800904;0.5832436209690542;0.5832436209690542;1.0;0.8886310272351416;0.8886310272351416
YKMD_9;0;9;0;1.0;0.5996229971724787;0.560394195965165;0.560394195965165;0.5996229971724787;-0.1351824682772096;-0.1351824682772096
