Case ID;Actual;Prefix Length;Prediction;Prediction Probability;SHAP Subset Stability;SHAP Weight Stability;SHAP Adjusted Weight Stability;SHAP Subset Stability.1;SHAP Weight Stability.1;SHAP Adjusted Weight Stability.1;LIME Subset Stability;LIME Weight Stability;LIME Adjusted Weight Stability
AVSD_5;0;5;0;1.0;0.09947886508396064;0.6206560446142163;0.6206560446142163;0.249478804725504;0.6323896877597615;0.6323896877597615;0.4889236332525737;0.7486672139542732;0.7486672139542732
CDPD_5;1;5;0;1.0;1.0;0.9999631743238048;0.9999631743238048;1.0;0.9999677952165282;0.9999677952165282;0.49710281032965986;0.7826825117628011;0.7826825117628011
DHQD_5;1;5;1;1.0;1.0;0.9999942822730364;0.9999942822730364;1.0;0.999995858074307;0.999995858074307;0.4873285232726995;0.7413234117819917;0.7413234117819917
INNE_5;1;5;1;1.0;1.0;0.999993419020936;0.999993419020936;1.0;0.9999928052515754;0.9999928052515754;0.49002230224208876;0.7483718337419665;0.7483718337419665
ISAE_5;0;5;0;1.0;-0.0005790387955995069;-1.3376060543918764;-1.3376060543918764;0.221411192214112;-0.26974379514644764;-0.26974379514644764;0.4914401811110466;0.7754550147922148;0.7754550147922148
JGMD_5;0;5;0;1.0;0.2494788047255039;-0.11112701642517098;-0.11112701642517098;0.08269631688672685;0.5255611396278492;0.5255611396278492;0.4883866279688217;0.7875061546895431;0.7875061546895431
QPQD_5;0;5;0;1.0;1.0;0.9998924045266916;0.9998924045266916;1.0;0.9997158437792856;0.9997158437792856;0.471769437732678;0.7412378636975461;0.7412378636975461
YKYD_5;1;5;1;1.0;1.0;0.9999924376238812;0.9999924376238812;1.0;0.9999940091871654;0.9999940091871654;0.48666895103019825;0.7448183192284143;0.7448183192284143
