Case ID,Actual,Prefix Length,Prediction,Prediction Probability
ALFE_6,1,6,1,0.9999999999615738
GKAE_6,0,6,0,0.9999988335141534
HISD_6,1,6,1,1.0
LAND_6,0,6,0,1.0
MVAE_6,0,6,0,0.9999999999765805
TRKE_6,0,6,0,0.9999999997378382
WOND_6,1,6,0,0.7889997720755139
YDZD_6,1,6,1,1.0
