Case ID;Actual;Prefix Length;Prediction;Prediction Probability;SHAP Subset Stability;SHAP Weight Stability;SHAP Adjusted Weight Stability;SHAP Subset Stability.1;SHAP Weight Stability.1;SHAP Adjusted Weight Stability.1;LIME Subset Stability;LIME Weight Stability;LIME Adjusted Weight Stability
EQHE;1;1;1;1.0;1.0;0.9999023813289034;0.9999023813289034;1.0;0.9999138748382868;0.9999138748382868;0.5725773885506678;0.7718650333832886;0.7718650333832886
GUGE;0;1;0;1.0;1.0;0.9999956872155622;0.9999956872155622;1.0;0.9999928681547068;0.9999928681547068;0.5249560243347986;0.790501078681838;0.790501078681838
HKFE;1;1;1;1.0;1.0;0.999940449604762;0.999940449604762;1.0;0.9999458969651072;0.9999458969651072;0.5640659257382599;0.7472532342275175;0.7472532342275175
KIAE;0;1;1;1.0;1.0;0.9999737888057059;0.9999737888057059;1.0;0.9999718863238276;0.9999718863238276;0.5695286571950628;0.67931618845179;0.67931618845179
NKEE;1;1;1;1.0;1.0;0.9999764068450132;0.9999764068450132;1.0;0.9999633126279462;0.9999633126279462;0.5684523698753894;0.7328348856204202;0.7328348856204202
TQND;0;1;1;1.0;1.0;0.9999608559821564;0.9999608559821564;1.0;0.9999679702479206;0.9999679702479206;0.5663237031048172;0.6768150098055561;0.6768150098055561
WNNE;1;1;1;1.0;1.0;0.9999567631785992;0.9999567631785992;1.0;0.999987796287886;0.999987796287886;0.5691271361900531;0.7844464637172008;0.7844464637172008
YILE;0;1;1;1.0;1.0;0.9999885006208864;0.9999885006208864;1.0;0.9999949444640492;0.9999949444640492;0.5616172988837509;0.7577225044272587;0.7577225044272587
