Case ID;Actual;Prefix Length;Prediction;Prediction Probability;SHAP Subset Stability;SHAP Weight Stability;SHAP Adjusted Weight Stability;SHAP Subset Stability;SHAP Weight Stability;SHAP Adjusted Weight Stability
AYLD_7;1;7;0;1.0;1.0;0.999787231157426;0.999787231157426;1.0;0.9997817199663291;0.9997817199663291
DAZD_7;0;7;1;1.0;1.0;0.999932334667791;0.999932334667791;1.0;0.999927798910057;0.999927798910057
EGRD_7;1;7;1;1.0;1.0;0.9999343082415878;0.9999343082415878;1.0;0.9999238529484396;0.9999238529484396
GXYD_7;1;7;0;1.0;1.0;0.999820603063811;0.999820603063811;1.0;0.9997778458741493;0.9997778458741493
MMOD_7;0;7;0;1.0;1.0;0.9997739561035149;0.9997739561035149;1.0;0.9997893610877892;0.9997893610877892
NZYD_7;0;7;0;1.0;1.0;0.9998037900627271;0.9998037900627271;1.0;0.9998021426060789;0.9998021426060789
RLDE_7;1;7;1;1.0;1.0;0.9999217094247418;0.9999217094247418;1.0;0.9998931764021619;0.9998931764021619
YGND_7;0;7;0;1.0;1.0;0.9997818566072239;0.9997818566072239;1.0;0.9997721870546344;0.9997721870546344
