Case ID;Actual;Prefix Length;Prediction;Prediction Probability;SHAP Subset Stability;SHAP Weight Stability;SHAP Adjusted Weight Stability;SHAP Subset Stability.1;SHAP Weight Stability.1;SHAP Adjusted Weight Stability.1;LIME Subset Stability;LIME Weight Stability;LIME Adjusted Weight Stability
ANSD_8;1;8;1;1.0;0.5828950444132773;0.6432492069057697;0.6432492069057697;0.39947414548641547;0.6141549069973941;0.6141549069973941;0.5803512604487555;0.6103724852718267;0.6103724852718267
FVPD_8;0;8;0;1.0;1.0;0.7203300477139267;0.7203300477139267;0.39947414548641547;0.7903992498864596;0.7903992498864596;0.653125164680096;0.5288765852139643;0.5288765852139643
HISD_8;1;8;1;1.0;0.4994740532959325;0.17512487560765955;0.17512487560765955;0.39947414548641547;0.6522923896767883;0.6522923896767883;0.5837355874501262;0.1000814204289372;0.1000814204289372
NYXD_8;0;8;0;1.0;0.12377236057523675;-22.45024939067393;-22.45024939067393;0.2766376269270497;-19.94496678674682;-19.94496678674682;0.5919471020364017;0.3618912132632345;0.3618912132632345
TXYD_8;0;8;0;1.0;0.599649430324277;0.4625132928876311;0.4625132928876311;0.8331580177653108;0.7173257133987516;0.7173257133987516;0.5772459418201725;0.3470295201106314;0.3470295201106314
YJZD_8;1;8;0;1.0;0.8331580177653108;0.6878703343535184;0.6878703343535184;1.0;0.833792626949116;0.833792626949116;0.5869815625799137;0.32304580958640905;0.32304580958640905
YROD_8;0;8;1;1.0;0.5828950444132773;0.2339947934186203;0.2339947934186203;0.4994740532959326;0.5388414169164902;0.5388414169164902;0.5809376196240315;-0.5757904628913415;-0.5757904628913415
ZDMD_8;1;8;1;1.0;0.599649430324277;0.6446767955568278;0.6446767955568278;1.0;0.8473907036014059;0.8473907036014059;0.5837355874501261;0.6423553035488071;0.6423553035488071
