Case ID;Actual;Prefix Length;Prediction;Prediction Probability;SHAP Subset Stability;SHAP Weight Stability;SHAP Adjusted Weight Stability;SHAP Subset Stability;SHAP Weight Stability;SHAP Adjusted Weight Stability
BTIB_11;0;11;0;1.0;1.0;0.9995638720424919;0.9995638720424919;1.0;0.9949612304893575;0.9949612304893575
GJVA_11;0;11;0;1.0;1.0;0.9993275018853454;0.9993275018853454;1.0;0.9975507674644302;0.9975507674644302
JISD_11;1;11;0;1.0;1.0;0.999330345340798;0.999330345340798;1.0;0.8769274431372195;0.8769274431372195
PBE_11;1;11;1;1.0;1.0;0.9993956974762125;0.9993956974762125;1.0;0.9992962968766916;0.9992962968766916
PNBB_11;0;11;0;1.0;1.0;0.9990207190845548;0.9990207190845548;1.0;0.9991422701380439;0.9991422701380439
PRTD_11;0;11;0;1.0;1.0;0.9994175670323194;0.9994175670323194;1.0;0.9994680571946798;0.9994680571946798
SHA_11;1;11;1;1.0;1.0;0.9991896261887128;0.9991896261887128;1.0;0.9994259192986245;0.9994259192986245
SHFB_11;1;11;1;1.0;1.0;0.9994504382155489;0.9994504382155489;1.0;0.9993579948830691;0.9993579948830691
