Case ID;Actual;Prefix Length;Prediction;Prediction Probability;SHAP Subset Stability;SHAP Weight Stability;SHAP Adjusted Weight Stability;LIME Subset Stability;LIME Weight Stability;LIME Adjusted Weight Stability;ACV Subset Stability;ACV Weight Stability;ACV Adjusted Weight Stability;LINDA Subset Stability;LINDA Weight Stability;LINDA Adjusted Weight Stability
205059_12;1;12;1;0.5964824942799986;1.0;0.7315488714683387;0.7315488714683387;;1.0;1.0;;1.0;1.0;;1.0;1.0
206294_12;0;12;0;0.8396525242434615;1.0;0.6725460375376926;0.6725460375376926;;1.0;1.0;;1.0;1.0;;1.0;1.0
206309_12;1;12;1;0.5375993851145167;1.0;0.8185688696643789;0.8185688696643789;;1.0;1.0;;1.0;1.0;;1.0;1.0
206351_12;1;12;0;0.8387062456427653;1.0;0.6149306057075503;0.6149306057075503;;1.0;1.0;;1.0;1.0;;1.0;1.0
209664_12;0;12;0;0.8837207822194547;1.0;0.7517478668259456;0.7517478668259456;;1.0;1.0;;1.0;1.0;;1.0;1.0
209721_12;1;12;1;0.6681568145311931;1.0;0.8328778400856025;0.8328778400856025;;1.0;1.0;;1.0;1.0;;1.0;1.0
210032_12;0;12;1;0.5221622519655923;1.0;0.7160268234331719;0.7160268234331719;;1.0;1.0;;1.0;1.0;;1.0;1.0
212346_12;0;12;0;0.8883723663369051;1.0;0.5864028778402159;0.5864028778402159;;1.0;1.0;;1.0;1.0;;1.0;1.0
