Case ID,Actual,Prefix Length,Prediction,Prediction Probability
BIWD_3,0,3,0,0.9986978235037793
CEZD_3,0,3,0,0.9921112624814277
GICE_3,0,3,0,0.9999999998872227
IOEE_3,1,3,1,0.999999999998181
PUKE_3,1,3,1,1.0
QMHE_3,1,3,1,1.0
RYEE_3,1,3,1,1.0
YEIE_3,0,3,0,1.0
