Case ID;Actual;Prefix Length;Prediction;Prediction Probability;SHAP Subset Stability;SHAP Weight Stability;SHAP Adjusted Weight Stability;SHAP Subset Stability;SHAP Weight Stability;SHAP Adjusted Weight Stability
AQL_12;0;12;0;1.0;1.0;0.9981379458980876;0.9981379458980876;1.0;0.9982618550497122;0.9982618550497122
CWGA_12;0;12;0;1.0;1.0;0.999147965638399;0.999147965638399;1.0;0.9984966581828233;0.9984966581828233
GXYD_12;1;12;0;1.0;1.0;0.9983118336239162;0.9983118336239162;1.0;0.9986032370546334;0.9986032370546334
OGL_12;1;12;1;1.0;1.0;0.9982385409759037;0.9982385409759037;1.0;0.9988757906344196;0.9988757906344196
PW_12;0;12;0;1.0;1.0;0.9988638850327681;0.9988638850327681;1.0;0.998856375676041;0.998856375676041
SEMD_12;0;12;0;1.0;1.0;0.9980080270488928;0.9980080270488928;1.0;0.998304120441851;0.998304120441851
SUC_12;1;12;1;1.0;1.0;0.9989480368529216;0.9989480368529216;1.0;0.9990133124036744;0.9990133124036744
WPRC_12;1;12;1;1.0;1.0;0.9984300665117473;0.9984300665117473;1.0;0.9984565997415437;0.9984565997415437
