Case ID;Actual;Prefix Length;Prediction;Prediction Probability;SHAP Subset Stability;SHAP Weight Stability;SHAP Adjusted Weight Stability;LIME Subset Stability;LIME Weight Stability;LIME Adjusted Weight Stability
1017_10;1;10;1;0.999999998884984;1.0;1.0;1.0;0.13555225698409057;-2.6264880995349213;-2.6264880995349213
1035_10;1;10;0;0.9728890456568496;1.0;1.0;1.0;0.12230105209302822;0.25909256019218907;0.25909256019218907
1038_10;0;10;1;0.9963484533349732;1.0;1.0;1.0;0.13052216522471471;-0.12131431144051219;-0.12131431144051219
1048_10;0;10;0;0.9999976690397172;1.0;1.0;1.0;0.1022357108021914;0.44907877223632653;0.44907877223632653
1127_10;1;10;1;0.9999999997598046;1.0;1.0;1.0;0.14153028974437032;0.3896561441912101;0.3896561441912101
932_10;0;10;0;0.8673888878507723;1.0;1.0;1.0;0.13089006316595064;0.46228591202203206;0.46228591202203206
935_10;0;10;0;0.999898057634494;1.0;1.0;1.0;0.11401475563375751;0.22540549127146714;0.22540549127146714
969_10;1;10;1;0.9999776358914994;1.0;1.0;1.0;0.12062994722955123;0.45440201574774464;0.45440201574774464
