Case ID,Actual,Prefix Length,Prediction,Prediction Probability
1042_5,1,5,1,0.9010010208069011
1070_5,0,5,0,0.7590264920449967
1081_5,1,5,0,0.9445981009713537
1090_5,1,5,1,0.9979987578762868
1095_5,0,5,1,0.9882673266044257
1096_5,0,5,1,0.9977729356273052
1105_5,0,5,0,0.5391518256249913
1127_5,1,5,1,0.9973032605844078
