Case ID,Actual,Prefix Length,Prediction,Prediction Probability
1019_13,0,13,0,0.9953093614379553
1027_13,0,13,0,0.992509834769812
1034_13,0,13,0,0.9997260701871995
1090_13,1,13,1,0.9999983138967113
1121_13,1,13,1,0.9999995489984914
912_13,1,13,1,0.9999999998806748
926_13,1,13,1,0.9999999690657649
933_13,0,13,0,0.9942667804121981
