Case ID;Actual;Prefix Length;Prediction;Prediction Probability;SHAP Subset Stability;SHAP Weight Stability;SHAP Adjusted Weight Stability;LIME Subset Stability;LIME Weight Stability;LIME Adjusted Weight Stability
1008_9;1;9;0;0.9999968792255564;1.0;1.0;1.0;0.14777068556321138;0.2748692050731746;0.2748692050731746
1011_9;0;9;0;0.9965240444190868;1.0;1.0;1.0;0.14006106195369716;-1.9129415496787763;-1.9129415496787763
1017_9;1;9;1;0.9999732974129258;1.0;1.0;1.0;0.14709053556170515;-3.307691583934151;-3.307691583934151
1025_9;0;9;0;0.9987077278154772;1.0;1.0;1.0;0.14718813016285703;0.2909049867089605;0.2909049867089605
1061_9;0;9;0;0.9975319586437152;1.0;1.0;1.0;0.14869047592092344;0.43629329242144455;0.43629329242144455
1139_9;1;9;1;0.9999996213460496;1.0;1.0;1.0;0.16419577429066334;0.5806804660205411;0.5806804660205411
919_9;0;9;0;0.9992655426125736;1.0;1.0;1.0;0.13318119866775147;0.3667947746165263;0.3667947746165263
986_9;1;9;1;0.9999960530040952;1.0;1.0;1.0;0.1464129273504272;0.5449407768702131;0.5449407768702131
