Case ID;Actual;Prefix Length;Prediction;Prediction Probability;SHAP Subset Stability;SHAP Weight Stability;SHAP Adjusted Weight Stability;LIME Subset Stability;LIME Weight Stability;LIME Adjusted Weight Stability
1017_2;1;2;1;0.9999997634471592;1.0;1.0;1.0;0.2865381730831341;0.5827920796573431;0.5827920796573431
1023_2;0;2;0;0.9843522053551969;1.0;1.0;1.0;0.29168952201394216;0.34056388596442666;0.34056388596442666
1026_2;1;2;1;0.9999999889284408;1.0;1.0;1.0;0.2916209854598609;-0.5747655211993756;-0.5747655211993756
1039_2;0;2;1;0.999920752906428;1.0;1.0;1.0;0.28504969836440697;-1.0562659411793702;-1.0562659411793702
1088_2;0;2;1;0.995923426599818;1.0;1.0;1.0;0.28126468073448874;0.4262954574890446;0.4262954574890446
1102_2;0;2;1;0.9999943212699354;1.0;1.0;1.0;0.27995201350426013;0.07141979437192825;0.07141979437192825
985_2;1;2;1;0.9999929307507204;1.0;1.0;1.0;0.28161307274948155;0.5497408091997142;0.5497408091997142
989_2;1;2;1;1.0;1.0;1.0;1.0;0.28565179980685196;0.3600948535019266;0.3600948535019266
