Case ID;Actual;Prefix Length;Prediction;Prediction Probability;SHAP Subset Stability;SHAP Weight Stability;SHAP Adjusted Weight Stability;LIME Subset Stability;LIME Weight Stability;LIME Adjusted Weight Stability
1030_7;1;7;1;0.9888112576206922;1.0;1.0;1.0;0.3472817803445628;0.6604206667851042;0.6604206667851042
1058_7;1;7;1;0.9959675781016312;1.0;1.0;1.0;0.2817920371705519;0.7295591242826538;0.7295591242826538
1096_7;0;7;1;0.9967773409725093;1.0;1.0;1.0;0.27028045329932116;0.016570325825061127;0.016570325825061127
1108_7;0;7;1;0.9959608244177482;1.0;1.0;1.0;0.27667508874011704;0.7121238474395634;0.7121238474395634
1118_7;0;7;0;0.9053547324059372;1.0;1.0;1.0;0.27070111428792965;0.7048948524398371;0.7048948524398371
947_7;0;7;1;0.7114376082822365;1.0;1.0;1.0;0.2690374633964506;0.6058392740811527;0.6058392740811527
963_7;1;7;0;0.9212633376769236;1.0;1.0;1.0;0.27049094147049213;0.6212975007578885;0.6212975007578885
987_7;1;7;1;0.9949483378788464;1.0;1.0;1.0;0.3029038877869501;0.7758558397963645;0.7758558397963645
