Case ID;Actual;Prefix Length;Prediction;Prediction Probability;SHAP Subset Stability;SHAP Weight Stability;SHAP Adjusted Weight Stability;LIME Subset Stability;LIME Weight Stability;LIME Adjusted Weight Stability
1078_12;0;12;0;0.9811073927484866;1.0;1.0;1.0;0.13242715926855575;0.21350369765352728;0.21350369765352728
1085_12;1;12;1;0.9965850826590767;1.0;1.0;1.0;0.13848403716952495;0.5754520073612688;0.5754520073612688
1099_12;0;12;1;0.9797845971539224;1.0;1.0;1.0;0.15019119898979505;0.31720080292253505;0.31720080292253505
1122_12;1;12;0;0.9999856525386508;1.0;1.0;1.0;0.1508670500617555;0.3742573393723905;0.3742573393723905
1137_12;1;12;1;0.999998318709351;1.0;1.0;1.0;0.1638902761208063;0.5756064725107;0.5756064725107
933_12;0;12;0;0.9961862671059648;1.0;1.0;1.0;0.140079468473163;-0.05469582276560758;-0.05469582276560758
959_12;1;12;1;0.9999830531261856;1.0;1.0;1.0;0.16759562091461544;0.47434040337559047;0.47434040337559047
988_12;0;12;0;0.9967067670660312;1.0;1.0;1.0;0.14609123472623553;0.18792517492106298;0.18792517492106298
