Case ID;Actual;Prefix Length;Prediction;Prediction Probability;SHAP Subset Stability;SHAP Weight Stability;SHAP Adjusted Weight Stability
1042_3;1;3;1;0.9421335782187472;1.0;1.0;1.0
1061_3;0;3;0;0.8507533331018349;1.0;1.0;1.0
1102_3;0;3;1;0.9979520498444745;1.0;1.0;1.0
1122_3;1;3;0;0.9981720841865868;1.0;1.0;1.0
1136_3;0;3;0;0.701719986702255;1.0;1.0;1.0
937_3;0;3;1;0.8288393475803572;1.0;1.0;1.0
977_3;1;3;1;0.9999421730188107;1.0;1.0;1.0
978_3;1;3;1;0.999889408578952;1.0;1.0;1.0
