Case ID;Actual;Prefix Length;Prediction;Prediction Probability;SHAP Subset Stability;SHAP Weight Stability;SHAP Adjusted Weight Stability;LIME Subset Stability;LIME Weight Stability;LIME Adjusted Weight Stability
1017_8;1;8;1;0.9995023146389596;1.0;1.0;1.0;0.14014981422534656;0.3095286374484745;0.3095286374484745
1078_8;0;8;0;0.9996925184610976;1.0;1.0;1.0;0.11939619520264688;0.45799006845196555;0.45799006845196555
1098_8;0;8;0;0.9894653570206996;1.0;1.0;1.0;0.13999211965581493;0.6566677567149242;0.6566677567149242
1139_8;1;8;1;0.9999999528648622;1.0;1.0;1.0;0.21506175353776402;0.6135102684560596;0.6135102684560596
1141_8;0;8;0;0.7384232307544689;1.0;1.0;1.0;0.13785555558917917;0.5439769004120356;0.5439769004120356
916_8;0;8;0;0.990268902023578;1.0;1.0;1.0;0.13757204049278515;0.39097268177076205;0.39097268177076205
949_8;1;8;1;0.9999967636530775;1.0;1.0;1.0;0.17591034617189916;0.5857492365722453;0.5857492365722453
964_8;1;8;1;0.999993344633718;1.0;1.0;1.0;0.2126205811039935;-1.6963951882697423;-1.6963951882697423
