Case ID;Actual;Prefix Length;Prediction;Prediction Probability;SHAP Subset Stability;SHAP Weight Stability;SHAP Adjusted Weight Stability;LIME Subset Stability;LIME Weight Stability;LIME Adjusted Weight Stability
1022_4;0;4;1;0.8486496360163384;1.0;1.0;1.0;0.19875600292762063;0.5540941401056104;0.5540941401056104
1053_4;0;4;0;0.9968988313143892;1.0;1.0;1.0;0.19178459477774323;-1.5473211798896465;-1.5473211798896465
1091_4;1;4;1;0.9999975081812364;1.0;1.0;1.0;0.21237987325966112;0.34099473357183785;0.34099473357183785
1104_4;1;4;1;0.9999938470576508;1.0;1.0;1.0;0.21909648187633235;0.07670672312045734;0.07670672312045734
1136_4;0;4;0;0.9378682114306164;1.0;1.0;1.0;0.20520885158778512;-0.2085933491695442;-0.2085933491695442
959_4;1;4;1;0.9999779099843844;1.0;1.0;1.0;0.20107272447198155;0.3319416092710661;0.3319416092710661
973_4;0;4;0;0.9999910931281758;1.0;1.0;1.0;0.17425700755973839;-0.019598497561784;-0.019598497561784
998_4;1;4;1;0.9999999452482471;1.0;1.0;1.0;0.2060137392358814;0.0673850084144092;0.0673850084144092
