Case ID;Actual;Prefix Length;Prediction;Prediction Probability;SHAP Subset Stability;SHAP Weight Stability;SHAP Adjusted Weight Stability;LIME Subset Stability;LIME Weight Stability;LIME Adjusted Weight Stability
916.0;0.0;1.0;1.0;0.5119661598777093;1.0;1.0;1.0;0.5670588235294117;0.9033206972646218;0.9033206972646218
925.0;1.0;1.0;1.0;0.992119926598268;1.0;1.0;1.0;0.5609752516316597;0.9089375842514039;0.9089375842514039
1032.0;1.0;1.0;1.0;0.9955881911325662;1.0;1.0;1.0;0.5785942217043589;0.9124804287797553;0.9124804287797553
1096.0;0.0;1.0;1.0;0.9524557077461198;1.0;1.0;1.0;0.5546117790371272;0.9012296231021893;0.9012296231021893
1108.0;0.0;1.0;1.0;0.8692198889797513;1.0;1.0;1.0;0.5563057632023147;0.7932188171498751;0.7932188171498751
1115.0;1.0;1.0;0.0;0.6900116050103822;1.0;1.0;1.0;0.5687768440709617;0.916742179817649;0.916742179817649
1117.0;1.0;1.0;1.0;0.7211645446128909;1.0;1.0;1.0;0.5639078051335777;0.9027662217549101;0.9027662217549101
1141.0;0.0;1.0;0.0;0.7070261251666609;1.0;1.0;1.0;0.5558461503371828;0.9088708975396804;0.9088708975396804
