Case ID,Actual,Prefix Length,Prediction,Prediction Probability
916.0,0.0,1.0,1.0,0.5119661598777093
925.0,1.0,1.0,1.0,0.9921199265982681
1032.0,1.0,1.0,1.0,0.9955881911325662
1096.0,0.0,1.0,1.0,0.9524557077461198
1108.0,0.0,1.0,1.0,0.8692198889797513
1115.0,1.0,1.0,0.0,0.6900116050103822
1117.0,1.0,1.0,1.0,0.721164544612891
1141.0,0.0,1.0,0.0,0.707026125166661
