Case ID;Actual;Prefix Length;Prediction;Prediction Probability;SHAP Subset Stability;SHAP Weight Stability;SHAP Adjusted Weight Stability;LIME Subset Stability;LIME Weight Stability;LIME Adjusted Weight Stability
1062_6;1;6;1;0.7884339903575581;1.0;1.0;1.0;0.40806436210847963;0.7271391799185056;0.7271391799185056
1094_6;1;6;1;0.9832726542150528;1.0;1.0;1.0;0.4441448296751601;0.8201236215963603;0.8201236215963603
1099_6;0;6;1;0.9794597092882166;1.0;1.0;1.0;0.39275568181818166;0.7800726142724069;0.7800726142724069
1135_6;0;6;0;0.8223413314566344;1.0;1.0;1.0;0.3940646220623617;0.7921948481580781;0.7921948481580781
921_6;0;6;1;0.9312779544963421;1.0;1.0;1.0;0.41997136911417077;0.6096213539222094;0.6096213539222094
955_6;1;6;1;0.7344628522638196;1.0;1.0;1.0;0.4266132671480145;0.4015151903391715;0.4015151903391715
977_6;1;6;1;0.9649909394475072;1.0;1.0;1.0;0.45803419789111066;-17.8938112503224;-17.8938112503224
979_6;0;6;0;0.6822034895014595;1.0;1.0;1.0;0.4270628740439494;0.6064550561573869;0.6064550561573869
