Case ID;Actual;Prefix Length;Prediction;Prediction Probability;SHAP Subset Stability;SHAP Weight Stability;SHAP Adjusted Weight Stability;LIME Subset Stability;LIME Weight Stability;LIME Adjusted Weight Stability
1019_13;0;13;0;0.9953093614379552;1.0;1.0;1.0;0.12013984190469085;0.3664706376109942;0.3664706376109942
1027_13;0;13;0;0.992509834769812;1.0;1.0;1.0;0.11017423807351923;0.45309251737912626;0.45309251737912626
1034_13;0;13;0;0.9997260701871996;1.0;1.0;1.0;0.1109641496255338;0.1656998127942213;0.1656998127942213
1090_13;1;13;1;0.9999983138967112;1.0;1.0;1.0;0.13533527985431937;0.039053212581104946;0.039053212581104946
1121_13;1;13;1;0.9999995489984914;1.0;1.0;1.0;0.1486586011824781;0.5095834695905359;0.5095834695905359
912_13;1;13;1;0.9999999998806748;1.0;1.0;1.0;0.1617403507627524;0.3495235714298751;0.3495235714298751
926_13;1;13;1;0.9999999690657648;1.0;1.0;1.0;0.16741460324164492;0.45625717004149724;0.45625717004149724
933_13;0;13;0;0.994266780412198;1.0;1.0;1.0;0.11342502573326418;0.5087152841486815;0.5087152841486815
