Case ID;Actual;Prefix Length;Prediction;Prediction Probability;SHAP Subset Stability;SHAP Weight Stability;SHAP Adjusted Weight Stability;LIME Subset Stability;LIME Weight Stability;LIME Adjusted Weight Stability;ACV Subset Stability;ACV Weight Stability;ACV Adjusted Weight Stability
Case102_9;1;9;1;0.999205846115389;1.0;1.0;1.0;0.7451150330917113;0.9416499591200768;0.9416499591200768;;1.0;1.0
Case17_9;1;9;1;0.9994746139933076;1.0;1.0;1.0;0.7308438985736925;0.9596059300234412;0.9596059300234412;;1.0;1.0
Case187_9;1;9;1;0.9996718485363566;1.0;1.0;1.0;0.6711161717312404;0.8935500957572688;0.8935500957572688;;1.0;1.0
Case211_9;0;9;0;0.9995889515420702;1.0;1.0;1.0;0.7250875954398075;0.9573733957771092;0.9573733957771092;;1.0;1.0
Case251_9;0;9;0;0.9995593185558476;1.0;1.0;1.0;0.6240586941026991;0.9536415751411064;0.9536415751411064;;1.0;1.0
Case28_9;1;9;1;0.9997045332932482;1.0;1.0;1.0;0.8035562474468109;0.955686379013755;0.955686379013755;;1.0;1.0
Case84_9;0;9;0;0.999982225717202;1.0;1.0;1.0;0.6413419465468306;0.9609916879756669;0.9609916879756669;;1.0;1.0
Case89_9;0;9;0;0.9988191807958001;1.0;1.0;1.0;0.7257613814756672;0.9253800373129114;0.9253800373129114;;1.0;1.0
