Case ID,Actual,Prefix Length,Prediction,Prediction Probability
1049_14,1,14,1,0.999999760459014
1080_14,0,14,0,0.9751912025315645
1093_14,1,14,1,0.9999994574104429
1100_14,1,14,1,0.9999995526104098
918_14,1,14,1,0.9999993213417776
922_14,0,14,0,0.9223227498139214
932_14,0,14,1,0.8441719757698283
972_14,0,14,0,0.9982641941055403
