Case ID;Actual;Prefix Length;Prediction;Prediction Probability;SHAP Subset Stability;SHAP Weight Stability;SHAP Adjusted Weight Stability;LIME Subset Stability;LIME Weight Stability;LIME Adjusted Weight Stability
1049_14;1;14;1;0.9999997604590141;1.0;1.0;1.0;0.1389051434137707;0.6250151988174429;0.6250151988174429
1080_14;0;14;0;0.9751912025315644;1.0;1.0;1.0;0.12205201398577048;0.571838213778214;0.571838213778214
1093_14;1;14;1;0.9999994574104428;1.0;1.0;1.0;0.13543269647765055;0.22488692936656496;0.22488692936656496
1100_14;1;14;1;0.9999995526104098;1.0;1.0;1.0;0.14470868663573955;0.1008328602096048;0.1008328602096048
918_14;1;14;1;0.9999993213417776;1.0;1.0;1.0;0.1229789335045649;0.5562492482204671;0.5562492482204671
922_14;0;14;0;0.9223227498139214;1.0;1.0;1.0;0.13586454230874967;0.38537012932592607;0.38537012932592607
932_14;0;14;1;0.8441719757698283;1.0;1.0;1.0;0.12408081683721717;-0.020502613198055908;-0.020502613198055908
972_14;0;14;0;0.9982641941055403;1.0;1.0;1.0;0.13776250890067332;0.1413066006278424;0.1413066006278424
