Case ID,Actual,Prefix Length,Prediction,Prediction Probability
1017_10,1,10,1,0.9999999988849841
1035_10,1,10,0,0.9728890456568496
1038_10,0,10,1,0.9963484533349731
1048_10,0,10,0,0.9999976690397171
1127_10,1,10,1,0.9999999997598046
932_10,0,10,0,0.8673888878507723
935_10,0,10,0,0.9998980576344939
969_10,1,10,1,0.9999776358914994
