Case ID;Actual;Prefix Length;Prediction;Prediction Probability;SHAP Subset Stability;SHAP Weight Stability;SHAP Adjusted Weight Stability
1019_13;0;13;0;0.9953093614379553;1.0;1.0;1.0
1027_13;0;13;0;0.992509834769812;1.0;1.0;1.0
1034_13;0;13;0;0.9997260701871995;1.0;1.0;1.0
1090_13;1;13;1;0.9999983138967113;1.0;1.0;1.0
1121_13;1;13;1;0.9999995489984914;1.0;1.0;1.0
912_13;1;13;1;0.9999999998806748;1.0;1.0;1.0
926_13;1;13;1;0.9999999690657649;1.0;1.0;1.0
933_13;0;13;0;0.9942667804121981;1.0;1.0;1.0
