Case ID,Actual,Prefix Length,Prediction,Prediction Probability
1062_6,1,6,1,0.7884339903575581
1094_6,1,6,1,0.9832726542150529
1099_6,0,6,1,0.9794597092882166
1135_6,0,6,0,0.8223413314566344
921_6,0,6,1,0.931277954496342
955_6,1,6,1,0.7344628522638196
977_6,1,6,1,0.9649909394475071
979_6,0,6,0,0.6822034895014595
