Case ID;Actual;Prefix Length;Prediction;Prediction Probability;SHAP Subset Stability;SHAP Weight Stability;SHAP Adjusted Weight Stability
1049_14;1;14;1;0.999999760459014;1.0;1.0;1.0
1080_14;0;14;0;0.9751912025315645;1.0;1.0;1.0
1093_14;1;14;1;0.9999994574104429;1.0;1.0;1.0
1100_14;1;14;1;0.9999995526104098;1.0;1.0;1.0
918_14;1;14;1;0.9999993213417776;1.0;1.0;1.0
922_14;0;14;0;0.9223227498139214;1.0;1.0;1.0
932_14;0;14;1;0.8441719757698283;1.0;1.0;1.0
972_14;0;14;0;0.9982641941055403;1.0;1.0;1.0
