Case ID,Actual,Prefix Length,Prediction,Prediction Probability
1008_9,1,9,0,0.9999968792255564
1011_9,0,9,0,0.9965240444190869
1017_9,1,9,1,0.9999732974129258
1025_9,0,9,0,0.9987077278154773
1061_9,0,9,0,0.9975319586437152
1139_9,1,9,1,0.9999996213460495
919_9,0,9,0,0.9992655426125735
986_9,1,9,1,0.9999960530040952
