Case ID;Actual;Prefix Length;Prediction;Prediction Probability;SHAP Subset Stability;SHAP Weight Stability;SHAP Adjusted Weight Stability
1022_4;0;4;1;0.8486496360163384;1.0;1.0;1.0
1053_4;0;4;0;0.9968988313143891;1.0;1.0;1.0
1091_4;1;4;1;0.9999975081812363;1.0;1.0;1.0
1104_4;1;4;1;0.9999938470576509;1.0;1.0;1.0
1136_4;0;4;0;0.9378682114306163;1.0;1.0;1.0
959_4;1;4;1;0.9999779099843843;1.0;1.0;1.0
973_4;0;4;0;0.9999910931281758;1.0;1.0;1.0
998_4;1;4;1;0.999999945248247;1.0;1.0;1.0
