Case ID;Actual;Prefix Length;Prediction;Prediction Probability;SHAP Subset Stability;SHAP Weight Stability;SHAP Adjusted Weight Stability;LIME Subset Stability;LIME Weight Stability;LIME Adjusted Weight Stability
1042_5;1;5;1;0.9010010208069013;1.0;1.0;1.0;0.3077280304514841;0.6951013843430471;0.6951013843430471
1070_5;0;5;0;0.7590264920449967;1.0;1.0;1.0;0.2936794764815106;0.5906009239694732;0.5906009239694732
1081_5;1;5;0;0.9445981009713535;1.0;1.0;1.0;0.3190135530972136;0.7086969637228004;0.7086969637228004
1090_5;1;5;1;0.9979987578762868;1.0;1.0;1.0;0.31284733363867134;0.6468533699277581;0.6468533699277581
1095_5;0;5;1;0.9882673266044256;1.0;1.0;1.0;0.28971283478905097;0.7169707020432763;0.7169707020432763
1096_5;0;5;1;0.9977729356273052;1.0;1.0;1.0;0.2888644184952057;0.7772392400836912;0.7772392400836912
1105_5;0;5;0;0.5391518256249913;1.0;1.0;1.0;0.28058556088807873;0.6322452794010116;0.6322452794010116
1127_5;1;5;1;0.9973032605844078;1.0;1.0;1.0;0.3276034141182429;0.5265483068641391;0.5265483068641391
