Case ID,Actual,Prefix Length,Prediction,Prediction Probability
1042_3,1,3,1,0.9421335782187472
1061_3,0,3,0,0.8507533331018349
1102_3,0,3,1,0.9979520498444745
1122_3,1,3,0,0.9981720841865868
1136_3,0,3,0,0.701719986702255
937_3,0,3,1,0.8288393475803572
977_3,1,3,1,0.9999421730188107
978_3,1,3,1,0.999889408578952
