Case ID;Actual;Prefix Length;Prediction;Prediction Probability;SHAP Subset Stability;SHAP Weight Stability;SHAP Adjusted Weight Stability;LIME Subset Stability;LIME Weight Stability;LIME Adjusted Weight Stability;ACV Subset Stability;ACV Weight Stability;ACV Adjusted Weight Stability;LINDA Subset Stability;LINDA Weight Stability;LINDA Adjusted Weight Stability
205388_7;0;7;1;0.6403138650283869;1.0;1.0;1.0;0.8315524363513741;0.9835599888951286;0.9835599888951286;;1.0;1.0;1.0;1.0;1.0
205562_7;1;7;0;0.5683292442501584;1.0;1.0;1.0;0.7412596879547838;0.7303961691440845;0.7303961691440845;;1.0;1.0;;1.0;1.0
205721_7;1;7;1;0.7743319856753487;1.0;1.0;1.0;0.8570887445887445;0.9910694288477638;0.9910694288477638;;1.0;1.0;1.0;1.0;1.0
206519_7;1;7;0;0.7041406383132557;1.0;1.0;1.0;0.7337010159651669;0.9683279776075412;0.9683279776075412;;1.0;1.0;;1.0;1.0
207413_7;1;7;0;0.5226289365170178;1.0;1.0;1.0;0.7903599920949439;0.9906989067018822;0.9906989067018822;;1.0;1.0;1.0;1.0;1.0
208418_7;0;7;0;0.50175784399012;1.0;1.0;1.0;0.8022572078907435;0.9868095656143852;0.9868095656143852;;1.0;1.0;1.0;1.0;1.0
209078_7;0;7;0;0.6012626415120861;1.0;1.0;1.0;0.7656381723149552;0.9559279312129388;0.9559279312129388;;1.0;1.0;;1.0;1.0
211086_7;0;7;0;0.8485994980038339;1.0;1.0;1.0;0.7216309621898747;0.9932090440141921;0.9932090440141921;;1.0;1.0;;1.0;1.0
