Case ID;Actual;Prefix Length;Prediction;Prediction Probability;SHAP Subset Stability;SHAP Weight Stability;SHAP Adjusted Weight Stability
916.0;0.0;1.0;1.0;0.5119661598777093;1.0;1.0;1.0
925.0;1.0;1.0;1.0;0.9921199265982681;1.0;1.0;1.0
1032.0;1.0;1.0;1.0;0.9955881911325662;1.0;1.0;1.0
1096.0;0.0;1.0;1.0;0.9524557077461198;1.0;1.0;1.0
1108.0;0.0;1.0;1.0;0.8692198889797513;1.0;1.0;1.0
1115.0;1.0;1.0;0.0;0.6900116050103822;1.0;1.0;1.0
1117.0;1.0;1.0;1.0;0.721164544612891;1.0;1.0;1.0
1141.0;0.0;1.0;0.0;0.707026125166661;1.0;1.0;1.0
