Case ID,Actual,Prefix Length,Prediction,Prediction Probability
1017_2,1,2,1,0.9999997634471591
1023_2,0,2,0,0.9843522053551967
1026_2,1,2,1,0.9999999889284409
1039_2,0,2,1,0.999920752906428
1088_2,0,2,1,0.9959234265998181
1102_2,0,2,1,0.9999943212699354
985_2,1,2,1,0.9999929307507205
989_2,1,2,1,1.0
