Case ID;Actual;Prefix Length;Prediction;Prediction Probability;SHAP Subset Stability;SHAP Weight Stability;SHAP Adjusted Weight Stability
1062_6;1;6;1;0.7884339903575581;1.0;1.0;1.0
1094_6;1;6;1;0.9832726542150529;1.0;1.0;1.0
1099_6;0;6;1;0.9794597092882166;1.0;1.0;1.0
1135_6;0;6;0;0.8223413314566344;1.0;1.0;1.0
921_6;0;6;1;0.931277954496342;1.0;1.0;1.0
955_6;1;6;1;0.7344628522638196;1.0;1.0;1.0
977_6;1;6;1;0.9649909394475071;1.0;1.0;1.0
979_6;0;6;0;0.6822034895014595;1.0;1.0;1.0
