Case ID;Actual;Prefix Length;Prediction;Prediction Probability;SHAP Subset Stability;SHAP Weight Stability;SHAP Adjusted Weight Stability
1030_7;1;7;1;0.9888112576206922;1.0;1.0;1.0
1058_7;1;7;1;0.9959675781016311;1.0;1.0;1.0
1096_7;0;7;1;0.9967773409725091;1.0;1.0;1.0
1108_7;0;7;1;0.9959608244177482;1.0;1.0;1.0
1118_7;0;7;0;0.9053547324059373;1.0;1.0;1.0
947_7;0;7;1;0.7114376082822365;1.0;1.0;1.0
963_7;1;7;0;0.9212633376769235;1.0;1.0;1.0
987_7;1;7;1;0.9949483378788465;1.0;1.0;1.0
