Case ID;Actual;Prefix Length;Prediction;Prediction Probability;SHAP Subset Stability;SHAP Weight Stability;SHAP Adjusted Weight Stability
1008_9;1;9;0;0.9999968792255564;1.0;1.0;1.0
1011_9;0;9;0;0.9965240444190869;1.0;1.0;1.0
1017_9;1;9;1;0.9999732974129258;1.0;1.0;1.0
1025_9;0;9;0;0.9987077278154773;1.0;1.0;1.0
1061_9;0;9;0;0.9975319586437152;1.0;1.0;1.0
1139_9;1;9;1;0.9999996213460495;1.0;1.0;1.0
919_9;0;9;0;0.9992655426125735;1.0;1.0;1.0
986_9;1;9;1;0.9999960530040952;1.0;1.0;1.0
