Case ID,Actual,Prefix Length,Prediction,Prediction Probability
1078_12,0,12,0,0.9811073927484866
1085_12,1,12,1,0.9965850826590767
1099_12,0,12,1,0.9797845971539225
1122_12,1,12,0,0.9999856525386507
1137_12,1,12,1,0.999998318709351
933_12,0,12,0,0.9961862671059648
959_12,1,12,1,0.9999830531261857
988_12,0,12,0,0.9967067670660313
