Case ID,Actual,Prefix Length,Prediction,Prediction Probability
1011_11,0,11,0,0.9970261369822683
1038_11,0,11,0,0.6761470388658031
1053_11,0,11,0,0.9999633810513038
1060_11,1,11,1,0.9983222325439158
1110_11,0,11,0,0.9999999949864274
1117_11,1,11,1,0.9999998833012237
1130_11,1,11,1,0.9999999999357976
949_11,1,11,1,0.9999999999166722
