Case ID,Actual,Prefix Length,Prediction,Prediction Probability
1022_4,0,4,1,0.8486496360163384
1053_4,0,4,0,0.9968988313143891
1091_4,1,4,1,0.9999975081812363
1104_4,1,4,1,0.9999938470576509
1136_4,0,4,0,0.9378682114306163
959_4,1,4,1,0.9999779099843843
973_4,0,4,0,0.9999910931281758
998_4,1,4,1,0.999999945248247
