Case ID;Actual;Prefix Length;Prediction;Prediction Probability;SHAP Subset Stability;SHAP Weight Stability;SHAP Adjusted Weight Stability;LIME Subset Stability;LIME Weight Stability;LIME Adjusted Weight Stability
1042_3;1;3;1;0.9421335782187472;1.0;1.0;1.0;0.24046206615404064;0.6107729134726199;0.6107729134726199
1061_3;0;3;0;0.8507533331018349;1.0;1.0;1.0;0.2288755901761249;0.5533298375298333;0.5533298375298333
1102_3;0;3;1;0.9979520498444744;1.0;1.0;1.0;0.24100607195142432;0.079387742495869;0.079387742495869
1122_3;1;3;0;0.9981720841865868;1.0;1.0;1.0;0.2523537894511684;0.43401522528957015;0.43401522528957015
1136_3;0;3;0;0.701719986702255;1.0;1.0;1.0;0.24414087988988453;0.5185106433142945;0.5185106433142945
937_3;0;3;1;0.8288393475803572;1.0;1.0;1.0;0.2495712219457925;-2.5064641971977477;-2.5064641971977477
977_3;1;3;1;0.9999421730188108;1.0;1.0;1.0;0.24873895602752383;0.583351260971543;0.583351260971543
978_3;1;3;1;0.9998894085789519;1.0;1.0;1.0;0.2503591217514064;0.66884208089443;0.66884208089443
