Case ID;Actual;Prefix Length;Prediction;Prediction Probability;SHAP Subset Stability;SHAP Weight Stability;SHAP Adjusted Weight Stability
1017_8;1;8;1;0.9995023146389596;1.0;1.0;1.0
1078_8;0;8;0;0.9996925184610976;1.0;1.0;1.0
1098_8;0;8;0;0.9894653570206995;1.0;1.0;1.0
1139_8;1;8;1;0.9999999528648622;1.0;1.0;1.0
1141_8;0;8;0;0.7384232307544689;1.0;1.0;1.0
916_8;0;8;0;0.990268902023578;1.0;1.0;1.0
949_8;1;8;1;0.9999967636530777;1.0;1.0;1.0
964_8;1;8;1;0.999993344633718;1.0;1.0;1.0
