Case ID;Actual;Prefix Length;Prediction;Prediction Probability;SHAP Subset Stability;SHAP Weight Stability;SHAP Adjusted Weight Stability;LIME Subset Stability;LIME Weight Stability;LIME Adjusted Weight Stability
1011_11;0;11;0;0.9970261369822684;1.0;1.0;1.0;0.132899708831276;0.16233659133083111;0.16233659133083111
1038_11;0;11;0;0.6761470388658031;1.0;1.0;1.0;0.14668210516136182;0.4645401296974758;0.4645401296974758
1053_11;0;11;0;0.9999633810513038;1.0;1.0;1.0;0.14018680941163275;0.4880386514248297;0.4880386514248297
1060_11;1;11;1;0.9983222325439158;1.0;1.0;1.0;0.13466218515997264;0.4866164414735423;0.4866164414735423
1110_11;0;11;0;0.9999999949864274;1.0;1.0;1.0;0.12519108336732332;-0.4120813502893479;-0.4120813502893479
1117_11;1;11;1;0.9999998833012236;1.0;1.0;1.0;0.15525024096452678;0.5040030284782078;0.5040030284782078
1130_11;1;11;1;0.9999999999357976;1.0;1.0;1.0;0.16184424271380782;0.42166805074151925;0.42166805074151925
949_11;1;11;1;0.9999999999166722;1.0;1.0;1.0;0.15385645839784823;0.6141338170250201;0.6141338170250201
