Case ID;Actual;Prefix Length;Prediction;Prediction Probability;SHAP Subset Stability;SHAP Weight Stability;SHAP Adjusted Weight Stability
CRSD_5;0;5;0;0.9999965;1.0;1.0;1.0
EPTD_5;0;5;0;0.9999999;1.0;0.9999999999999915;0.9999999999999915
LDMD_5;1;5;0;0.8511988;1.0;0.9999999999951276;0.9999999999951276
OEZD_5;1;5;1;0.97141755;1.0;0.9999999999949987;0.9999999999949987
OHBE_5;0;5;0;0.9999841;1.0;0.9999999999987976;0.9999999999987976
PKYD_5;0;5;0;0.9999999;1.0;0.9999999999991688;0.9999999999991688
XMIE_5;1;5;1;0.9706829;1.0;0.9999999999988927;0.9999999999988927
ZVMD_5;1;5;0;0.99992394;1.0;1.0;1.0
