Case ID;Actual;Prefix Length;Prediction;Prediction Probability;SHAP Subset Stability;SHAP Weight Stability;SHAP Adjusted Weight Stability
AAX_14;0;14;0;0.9999998;1.0;0.9999999999999275;0.9999999999999275
BTH_14;1;14;1;0.99989843;1.0;0.9999999999999999;0.9999999999999999
IOEE_14;1;14;0;0.9999376;1.0;1.0;1.0
JN_14;0;14;0;0.9999927;1.0;0.9999999999817698;0.9999999999817698
LNYA_14;0;14;0;0.9999722;1.0;0.9999999999999348;0.9999999999999348
MUE_14;0;14;0;0.9998902;1.0;0.9999999999999999;0.9999999999999999
SKO_14;1;14;1;0.99939823;1.0;0.9999999999998103;0.9999999999998103
ZDV_14;1;14;1;0.9991339;1.0;0.9999999999999999;0.9999999999999999
