Case ID,Actual,Prefix Length,Prediction,Prediction Probability
AEPD_4,0,4,0,0.99999994
CPYD_4,1,4,0,0.99999994
ECND_4,0,4,0,1.0
ERYD_4,1,4,0,0.99999887
FHYD_4,1,4,0,0.99978083
IGLD_4,0,4,0,0.9999999
IJEE_4,1,4,1,0.9936585
ISDE_4,0,4,0,0.9999998
