Case ID;Actual;Prefix Length;Prediction;Prediction Probability;SHAP Subset Stability;SHAP Weight Stability;SHAP Adjusted Weight Stability
AEPD_4;0;4;0;0.99999994;1.0;1.0;1.0
CPYD_4;1;4;0;0.99999994;1.0;0.9999999999997286;0.9999999999997286
ECND_4;0;4;0;1.0;1.0;0.9999999999996735;0.9999999999996735
ERYD_4;1;4;0;0.99999887;1.0;0.9999999999988934;0.9999999999988934
FHYD_4;1;4;0;0.99978083;1.0;0.9999999999988239;0.9999999999988239
IGLD_4;0;4;0;0.9999999;1.0;0.999999999998828;0.999999999998828
IJEE_4;1;4;1;0.9936585;1.0;1.0;1.0
ISDE_4;0;4;0;0.9999998;1.0;0.9999999999998567;0.9999999999998567
