Case ID;Actual;Prefix Length;Prediction;Prediction Probability;SHAP Subset Stability;SHAP Weight Stability;SHAP Adjusted Weight Stability;LIME Subset Stability;LIME Weight Stability;LIME Adjusted Weight Stability
DLUA_10;0;10;0;0.9999287;1.0;0.9999999999997136;0.9999999999997136;0.2750790026065093;0.7476803333634763;0.7476803333634763
HKWA_10;1;10;1;0.99413633;1.0;1.0;1.0;0.4979231568016613;0.24365575652510352;0.24365575652510352
JZJ_10;0;10;0;0.9999289000000001;1.0;0.9999999999994372;0.9999999999994372;0.16325364376991003;0.3698556027548916;0.3698556027548916
OTK_10;1;10;1;0.9928652;1.0;1.0;1.0;0.18824763903462738;0.5264738156602633;0.5264738156602633
QGLB_10;1;10;1;0.9663765;1.0;0.9999999999997146;0.9999999999997146;0.1423351190265013;0.0650459007720281;0.0650459007720281
SMKB_10;0;10;0;0.99999976;1.0;0.9999999999997424;0.9999999999997424;0.1876058005868253;0.6181461958974921;0.6181461958974921
TZWA_10;0;10;0;0.9999992;1.0;0.9999999999997424;0.9999999999997424;0.17463131313131297;0.5443680175475287;0.5443680175475287
YTZD_10;1;10;0;0.70339376;1.0;0.9999999999988068;0.9999999999988068;0.1880552546045503;0.4744361461975819;0.4744361461975819
