Case ID,Actual,Prefix Length,Prediction,Prediction Probability
FJSD_3,0,3,0,0.99999946
HEZD_3,1,3,0,0.9999874
JUZD_3,0,3,0,0.99999994
MRSD_3,1,3,1,0.99997103
OIGE_3,1,3,1,0.99999833
PKMD_3,0,3,0,0.9999545
QNCE_3,1,3,0,0.99976057
TQLD_3,0,3,0,0.99999994
