Case ID,Actual,Prefix Length,Prediction,Prediction Probability
BTH_12,1,12,1,0.8827209
ELJ_12,1,12,1,0.96802384
MGFB_12,0,12,0,0.9967315
ODJA_12,0,12,0,0.89698005
PUC_12,1,12,1,0.6732226
QZM_12,0,12,0,0.9999942
UVE_12,0,12,0,0.9997946
ZDV_12,1,12,1,0.8290411
