Case ID;Actual;Prefix Length;Prediction;Prediction Probability;SHAP Subset Stability;SHAP Weight Stability;SHAP Adjusted Weight Stability;LIME Subset Stability;LIME Weight Stability;LIME Adjusted Weight Stability;ACV Subset Stability;ACV Weight Stability;ACV Adjusted Weight Stability;LINDA Subset Stability;LINDA Weight Stability;LINDA Adjusted Weight Stability
204574_2;0;2;1;0.9887461;1;1;1;0.2822966507177033;0.7990648829671771;0.7990648829671771;;1.0;1.0;1.0;1.0;1.0
205655_2;1;2;0;0.8421065999999999;1;1;1;-0.1412315930388223;0.9839804235373492;0.9839804235373492;;1.0;1.0;1.0;1.0;1.0
206432_2;0;2;1;0.999225;1;1;1;0.5365982095839914;0.9679460910857832;0.9679460910857832;;1.0;1.0;1.0;1.0;1.0
207119_2;0;2;0;0.9723235999999998;1;1;1;-0.0466746794871797;0.9771372416405036;0.9771372416405036;;1.0;1.0;1.0;1.0;1.0
207215_2;1;2;0;0.958567;1;1;1;-0.2040339441643097;0.9560819641036792;0.9560819641036792;;1.0;1.0;1.0;1.0;1.0
211417_2;1;2;0;0.5627187;1;1;1;-0.0798750557786704;0.94116520943888;0.94116520943888;;1.0;1.0;1.0;1.0;1.0
211528_2;0;2;1;0.9290403;1;1;1;-0.0892261328167045;0.9866929686101416;0.9866929686101416;;1.0;1.0;1.0;1.0;1.0
212764_2;1;2;1;0.63203335;1;1;1;-0.0616523837257674;0.8416939905145073;0.8416939905145073;;1.0;1.0;1.0;1.0;1.0
