Case ID,Actual,Prefix Length,Prediction,Prediction Probability
CRSD_5,0,5,0,0.9999965
EPTD_5,0,5,0,0.9999999
LDMD_5,1,5,0,0.8511988
OEZD_5,1,5,1,0.97141755
OHBE_5,0,5,0,0.9999841
PKYD_5,0,5,0,0.9999999
XMIE_5,1,5,1,0.9706829
ZVMD_5,1,5,0,0.99992394
