Case ID,Actual,Prefix Length,Prediction,Prediction Probability
ALG_11,1,11,1,0.981859
FHKC_11,0,11,0,0.99940705
KZEB_11,0,11,0,0.9998464
LHH_11,1,11,1,0.9986754
NJDB_11,0,11,0,0.99990773
PFUA_11,1,11,1,0.98097116
PSKD_11,0,11,0,0.99585074
RMEA_11,1,11,1,0.9953312
