Case ID;Actual;Prefix Length;Prediction;Prediction Probability;SHAP Subset Stability;SHAP Weight Stability;SHAP Adjusted Weight Stability
GTBE;1;1;0;0.99998015;1.0;1.0;1.0
JQCE;1;1;1;0.9999925;1.0;1.0;1.0
NTPD;0;1;0;0.9999797;1.0;0.9999999999999987;0.9999999999999987
RBWD;0;1;0;0.9999997;1.0;0.9999999999999947;0.9999999999999947
RGZD;1;1;1;0.9999912;1.0;1.0;1.0
TAND;0;1;0;0.99999946;1.0;0.9999999999999974;0.9999999999999974
UUDE;1;1;1;0.99884796;1.0;0.9999999999999901;0.9999999999999901
YEZD;0;1;0;0.9999995;1.0;1.0;1.0
