Case ID;Actual;Prefix Length;Prediction;Prediction Probability;SHAP Subset Stability;SHAP Weight Stability;SHAP Adjusted Weight Stability;LIME Subset Stability;LIME Weight Stability;LIME Adjusted Weight Stability
ALG_11;1;11;1;0.981859;1.0;0.999999999999976;0.999999999999976;0.10622950819672128;0.7658176219623613;0.7658176219623613
FHKC_11;0;11;0;0.99940705;1.0;0.9999999999949832;0.9999999999949832;0.11810862445414816;0.4671615901919214;0.4671615901919214
KZEB_11;0;11;0;0.9998464;1.0;0.9999999999949832;0.9999999999949832;0.11660521940287694;0.7016001940607521;0.7016001940607521
LHH_11;1;11;1;0.9986754000000001;1.0;0.9999999999949846;0.9999999999949846;0.06229449726367875;0.697228204019896;0.697228204019896
NJDB_11;0;11;0;0.99990773;1.0;0.9999999999949846;0.9999999999949846;0.12131651753070027;0.7500547025262851;0.7500547025262851
PFUA_11;1;11;1;0.98097116;1.0;0.9999999999950172;0.9999999999950172;0.10894875731433473;0.4784186040822008;0.4784186040822008
PSKD_11;0;11;0;0.99585074;1.0;0.9999999999999958;0.9999999999999958;0.09083952876937051;0.7319148925969772;0.7319148925969772
RMEA_11;1;11;1;0.9953312;1.0;0.9999999999999956;0.9999999999999956;0.2150500678955739;0.3531708624202232;0.3531708624202232
