Case ID;Actual;Prefix Length;Prediction;Prediction Probability;SHAP Subset Stability;SHAP Weight Stability;SHAP Adjusted Weight Stability;LIME Subset Stability;LIME Weight Stability;LIME Adjusted Weight Stability
GITD_6;0;6;0;0.9992328000000001;1.0;0.9999999999993412;0.9999999999993412;0.1968647942926921;0.889573890435247;0.889573890435247
NVND_6;1;6;1;0.99970144;1.0;0.9999999999991632;0.9999999999991632;1.0;0.9025258486380077;0.9025258486380077
OLZD_6;1;6;1;0.99903405;1.0;0.9999999999997676;0.9999999999997676;1.0;0.8494773293541379;0.8494773293541379
QOOD_6;0;6;0;0.999898;1.0;0.999999999999326;0.999999999999326;0.20469750773131612;0.8925888062738594;0.8925888062738594
RDBE_6;1;6;1;0.9986613999999999;1.0;0.9999999999999184;0.9999999999999184;1.0;0.5114447269347;0.5114447269347
UBQE_6;1;6;0;0.6718548000000001;1.0;0.9999999999992478;0.9999999999992478;1.0;0.8901160473666764;0.8901160473666764
USNE_6;0;6;0;0.99998385;1.0;0.999999999999331;0.999999999999331;0.21975839448668522;0.8876906547279633;0.8876906547279633
YWAE_6;0;6;0;0.9999104999999999;1.0;0.9999999999997689;0.9999999999997689;0.09627917957607568;0.7478982169814796;0.7478982169814796
