Case ID;Actual;Prefix Length;Prediction;Prediction Probability;SHAP Subset Stability;SHAP Weight Stability;SHAP Adjusted Weight Stability
GXTD_7;0;7;0;1.0;1.0;1.0;1.0
MKTD_7;0;7;0;0.9999913;1.0;1.0;1.0
NXLD_7;1;7;1;0.97892;1.0;0.9999999999972309;0.9999999999972309
OAMD_7;0;7;0;0.999261;1.0;0.9999999999973289;0.9999999999973289
RDDE_7;0;7;0;0.9997283;1.0;1.0;1.0
SQFE_7;1;7;0;0.99856323;1.0;0.9999999999983649;0.9999999999983649
WDBE_7;1;7;1;0.96928126;1.0;0.999999999999998;0.999999999999998
WOND_7;1;7;0;0.99477446;1.0;0.9999999999999998;0.9999999999999998
