Case ID;Actual;Prefix Length;Prediction;Prediction Probability;SHAP Subset Stability;SHAP Weight Stability;SHAP Adjusted Weight Stability;LIME Subset Stability;LIME Weight Stability;LIME Adjusted Weight Stability
AQYD_9;1;9;1;0.99996936;1.0;0.9999999999994588;0.9999999999994588;1.0;0.709770138617019;0.709770138617019
FJDE_9;0;9;0;1.0;1.0;1.0;1.0;0.10034260095433001;0.47506902965405196;0.47506902965405196
IIVD_9;0;9;0;0.69553447;1.0;0.9999999999999836;0.9999999999999836;0.07681382323551567;0.748173967570263;0.748173967570263
JISD_9;1;9;0;0.99988383;1.0;0.9999999999999384;0.9999999999999384;0.1022519780888621;0.6817084287481904;0.6817084287481904
JKID_9;0;9;0;0.9999992;1.0;0.9999999999989809;0.9999999999989809;0.09582551919094506;0.6328622945347288;0.6328622945347288
XLHE_9;1;9;0;0.9937154;1.0;0.9999999999978229;0.9999999999978229;0.06685706309113759;0.5007064608834357;0.5007064608834357
ZCXD_9;0;9;0;0.99999976;1.0;0.9999999999978286;0.9999999999978286;0.10723391072394295;0.4359191340636295;0.4359191340636295
ZDMD_9;1;9;1;0.9999933000000001;1.0;0.9999999999999994;0.9999999999999994;1.0;0.6615246263714376;0.6615246263714376
