Case ID;Actual;Prefix Length;Prediction;Prediction Probability;SHAP Subset Stability;SHAP Weight Stability;SHAP Adjusted Weight Stability
AJBE_8;0;8;0;0.9980676;1.0;0.9999999999979335;0.9999999999979335
EJSD_8;1;8;0;0.99797356;1.0;0.9999999999981547;0.9999999999981547
GWSD_8;1;8;1;0.95524806;1.0;0.9999999999981551;0.9999999999981551
ISND_8;0;8;0;0.99953544;1.0;0.999999999999942;0.999999999999942
JIKD_8;0;8;0;0.99999577;1.0;0.999999999999942;0.999999999999942
MLAE_8;1;8;0;0.9875307;1.0;0.9999999999981551;0.9999999999981551
QCQD_8;0;8;0;0.9999901;1.0;0.999999999999942;0.999999999999942
ZNND_8;1;8;0;0.9903691;1.0;0.9999999999981547;0.9999999999981547
