Case ID;Actual;Prefix Length;Prediction;Prediction Probability;SHAP Subset Stability;SHAP Weight Stability;SHAP Adjusted Weight Stability
BMQD_2;0;2;0;0.9918927;1.0;0.9999999999987069;0.9999999999987069
OOFE_2;1;2;1;0.9992686;1.0;0.9999999999986944;0.9999999999986944
RAWD_2;0;2;0;0.9999798;1.0;0.9999999999999909;0.9999999999999909
UFWD_2;0;2;0;0.99991626;1.0;0.9999999999987716;0.9999999999987716
VRPD_2;1;2;1;0.99982774;1.0;0.9999999999999988;0.9999999999999988
WCND_2;1;2;1;0.6384733;1.0;0.999999999999333;0.999999999999333
WKJD_2;0;2;0;0.9998493;1.0;0.9999999999988449;0.9999999999988449
ZGRD_2;1;2;0;0.9998856;1.0;0.9999999999997073;0.9999999999997073
