Case ID;Actual;Prefix Length;Prediction;Prediction Probability;SHAP Subset Stability;SHAP Weight Stability;SHAP Adjusted Weight Stability
DLUA_10;0;10;0;0.9999287;1.0;0.9999999999997137;0.9999999999997137
HKWA_10;1;10;1;0.99413633;1.0;1.0;1.0
JZJ_10;0;10;0;0.9999289;1.0;0.9999999999994372;0.9999999999994372
OTK_10;1;10;1;0.9928652;1.0;0.9999999999999999;0.9999999999999999
QGLB_10;1;10;1;0.9663765;1.0;0.9999999999997146;0.9999999999997146
SMKB_10;0;10;0;0.99999976;1.0;0.9999999999997425;0.9999999999997425
TZWA_10;0;10;0;0.9999992;1.0;0.9999999999997425;0.9999999999997425
YTZD_10;1;10;0;0.70339376;1.0;0.9999999999988067;0.9999999999988067
