Case ID,Actual,Prefix Length,Prediction,Prediction Probability
AJBE_8,0,8,0,0.9980676
EJSD_8,1,8,0,0.99797356
GWSD_8,1,8,1,0.95524806
ISND_8,0,8,0,0.99953544
JIKD_8,0,8,0,0.99999577
MLAE_8,1,8,0,0.9875307
QCQD_8,0,8,0,0.9999901
ZNND_8,1,8,0,0.9903691
