Case ID;Actual;Prefix Length;Prediction;Prediction Probability;SHAP Subset Stability;SHAP Weight Stability;SHAP Adjusted Weight Stability
GITD_6;0;6;0;0.9992328;1.0;0.9999999999993411;0.9999999999993411
NVND_6;1;6;1;0.99970144;1.0;0.9999999999991633;0.9999999999991633
OLZD_6;1;6;1;0.99903405;1.0;0.9999999999997675;0.9999999999997675
QOOD_6;0;6;0;0.999898;1.0;0.9999999999993259;0.9999999999993259
RDBE_6;1;6;1;0.9986614;1.0;0.9999999999999184;0.9999999999999184
UBQE_6;1;6;0;0.6718548;1.0;0.9999999999992478;0.9999999999992478
USNE_6;0;6;0;0.99998385;1.0;0.999999999999331;0.999999999999331
YWAE_6;0;6;0;0.9999105;1.0;0.9999999999997687;0.9999999999997687
