Case ID;Actual;Prefix Length;Prediction;Prediction Probability;SHAP Subset Stability;SHAP Weight Stability;SHAP Adjusted Weight Stability;LIME Subset Stability;LIME Weight Stability;LIME Adjusted Weight Stability
AJBE_8;0;8;0;0.9980675999999999;1.0;0.9999999999979337;0.9999999999979337;0.08599354605014975;0.28886444570696457;0.28886444570696457
EJSD_8;1;8;0;0.99797356;1.0;0.9999999999981548;0.9999999999981548;0.07576723366159355;0.21924437587070755;0.21924437587070755
GWSD_8;1;8;1;0.95524806;1.0;0.9999999999981553;0.9999999999981553;0.0780852237813976;0.6153219108627781;0.6153219108627781
ISND_8;0;8;0;0.99953544;1.0;0.999999999999942;0.999999999999942;0.1155901046677742;0.7600685769250991;0.7600685769250991
JIKD_8;0;8;0;0.99999577;1.0;0.999999999999942;0.999999999999942;0.11909904350509082;0.7855816095121255;0.7855816095121255
MLAE_8;1;8;0;0.9875306999999999;1.0;0.9999999999981553;0.9999999999981553;0.09598648157205003;0.5523939171726375;0.5523939171726375
QCQD_8;0;8;0;0.9999901;1.0;0.999999999999942;0.999999999999942;0.1077767834197908;0.7645048915838841;0.7645048915838841
ZNND_8;1;8;0;0.9903690999999999;1.0;0.9999999999981548;0.9999999999981548;0.09266342114375403;0.5179543757852743;0.5179543757852743
