Case ID;Actual;Prefix Length;Prediction;Prediction Probability;SHAP Subset Stability;SHAP Weight Stability;SHAP Adjusted Weight Stability;LIME Subset Stability;LIME Weight Stability;LIME Adjusted Weight Stability
BQL_13;1;13;1;0.9999958000000001;1.0;0.9999999999999402;0.9999999999999402;0.13834227787716147;0.9996563312200517;0.9996563312200517
CWGA_13;0;13;0;1.0;1.0;0.9999999999999434;0.9999999999999434;0.41722121395442613;0.9996251977661614;0.9996251977661614
ESLA_13;0;13;0;1.0;1.0;0.9999999999999338;0.9999999999999338;0.44096255029402653;0.9990573734351517;0.9990573734351517
HJL_13;0;13;0;1.0;1.0;0.9999999999999434;0.9999999999999434;0.44096255029402653;0.9965508204653837;0.9965508204653837
KOD_13;0;13;0;1.0;1.0;0.999999999999934;0.999999999999934;0.44096255029402653;0.9991198560367724;0.9991198560367724
PBE_13;1;13;1;0.99987316;1.0;0.9999999999990226;0.9999999999990226;0.44096255029402653;0.9996134555217251;0.9996134555217251
PUC_13;1;13;1;0.9999756999999999;1.0;0.9999999999999336;0.9999999999999336;0.44096255029402653;0.9991380928477244;0.9991380928477244
ZDV_13;1;13;1;0.9999466999999999;1.0;0.9999999999708074;0.9999999999708074;0.44096255029402653;0.9996549118576281;0.9996549118576281
