Case ID;Actual;Prefix Length;Prediction;Prediction Probability;SHAP Subset Stability;SHAP Weight Stability;SHAP Adjusted Weight Stability;LIME Subset Stability;LIME Weight Stability;LIME Adjusted Weight Stability
AAX_14;0;14;0;0.9999998;1.0;0.9999999999999276;0.9999999999999276;1.0;0.9790754416086638;0.9790754416086638
BTH_14;1;14;1;0.99989843;1.0;1.0;1.0;1.0;0.9893688535374559;0.9893688535374559
IOEE_14;1;14;0;0.9999376;1.0;1.0;1.0;1.0;0.9879671339583608;0.9879671339583608
JN_14;0;14;0;0.9999927;1.0;0.9999999999817698;0.9999999999817698;1.0;0.9905002064943801;0.9905002064943801
LNYA_14;0;14;0;0.9999722;1.0;0.9999999999999348;0.9999999999999348;1.0;0.9921325170098539;0.9921325170098539
MUE_14;0;14;0;0.9998902;1.0;1.0;1.0;1.0;0.984279246822914;0.984279246822914
SKO_14;1;14;1;0.99939823;1.0;0.9999999999998104;0.9999999999998104;-0.11524202756735558;0.9910502928480276;0.9910502928480276
ZDV_14;1;14;1;0.9991339;1.0;1.0;1.0;1.0;0.9924220192261777;0.9924220192261777
