Case ID,Actual,Prefix Length,Prediction,Prediction Probability
GTBE,1,1,0,0.99998015
JQCE,1,1,1,0.9999925
NTPD,0,1,0,0.9999797
RBWD,0,1,0,0.9999997
RGZD,1,1,1,0.9999912
TAND,0,1,0,0.99999946
UUDE,1,1,1,0.99884796
YEZD,0,1,0,0.9999995
