Case ID;Actual;Prefix Length;Prediction;Prediction Probability;SHAP Subset Stability;SHAP Weight Stability;SHAP Adjusted Weight Stability
BQL_13;1;13;1;0.9999958;1.0;0.9999999999999402;0.9999999999999402
CWGA_13;0;13;0;1.0;1.0;0.9999999999999434;0.9999999999999434
ESLA_13;0;13;0;1.0;1.0;0.9999999999999338;0.9999999999999338
HJL_13;0;13;0;1.0;1.0;0.9999999999999434;0.9999999999999434
KOD_13;0;13;0;1.0;1.0;0.9999999999999339;0.9999999999999339
PBE_13;1;13;1;0.99987316;1.0;0.9999999999990226;0.9999999999990226
PUC_13;1;13;1;0.9999757;1.0;0.9999999999999335;0.9999999999999335
ZDV_13;1;13;1;0.9999467;1.0;0.9999999999708074;0.9999999999708074
