Case ID,Actual,Prefix Length,Prediction,Prediction Probability
AQYD_9,1,9,1,0.99996936
FJDE_9,0,9,0,1.0
IIVD_9,0,9,0,0.69553447
JISD_9,1,9,0,0.99988383
JKID_9,0,9,0,0.9999992
XLHE_9,1,9,0,0.9937154
ZCXD_9,0,9,0,0.99999976
ZDMD_9,1,9,1,0.9999933
