Case ID,Actual,Prefix Length,Prediction,Prediction Probability
AAX_14,0,14,0,0.9999998
BTH_14,1,14,1,0.99989843
IOEE_14,1,14,0,0.9999376
JN_14,0,14,0,0.9999927
LNYA_14,0,14,0,0.9999722
MUE_14,0,14,0,0.9998902
SKO_14,1,14,1,0.99939823
ZDV_14,1,14,1,0.9991339
