Case ID,Actual,Prefix Length,Prediction,Prediction Probability
BQL_13,1,13,1,0.9999958
CWGA_13,0,13,0,1.0
ESLA_13,0,13,0,1.0
HJL_13,0,13,0,1.0
KOD_13,0,13,0,1.0
PBE_13,1,13,1,0.99987316
PUC_13,1,13,1,0.9999757
ZDV_13,1,13,1,0.9999467
