Case ID;Actual;Prefix Length;Prediction;Prediction Probability;SHAP Subset Stability;SHAP Weight Stability;SHAP Adjusted Weight Stability;LIME Subset Stability;LIME Weight Stability;LIME Adjusted Weight Stability
AEPD_4;0;4;0;0.99999994;1.0;1.0;1.0;-0.2158003689885506;0.9752053083348399;0.9752053083348399
CPYD_4;1;4;0;0.99999994;1.0;0.9999999999997286;0.9999999999997286;-0.2080688811229947;0.9796259612653259;0.9796259612653259
ECND_4;0;4;0;1.0;1.0;0.9999999999996736;0.9999999999996736;-0.21992442389543454;0.9876899629297041;0.9876899629297041
ERYD_4;1;4;0;0.99999887;1.0;0.9999999999988934;0.9999999999988934;-0.2163323458927875;0.9830154166636053;0.9830154166636053
FHYD_4;1;4;0;0.99978083;1.0;0.999999999998824;0.999999999998824;-0.21242648695687327;0.9888082320332117;0.9888082320332117
IGLD_4;0;4;0;0.9999998999999999;1.0;0.999999999998828;0.999999999998828;-0.22289567972027546;0.9874370954792118;0.9874370954792118
IJEE_4;1;4;1;0.9936584999999999;1.0;1.0;1.0;-0.2134941171221958;0.9881671435415105;0.9881671435415105
ISDE_4;0;4;0;0.9999998;1.0;0.9999999999998568;0.9999999999998568;-0.21589912677877376;0.9642912972199024;0.9642912972199024
