Case ID;Actual;Prefix Length;Prediction;Prediction Probability;SHAP Subset Stability;SHAP Weight Stability;SHAP Adjusted Weight Stability;LIME Subset Stability;LIME Weight Stability;LIME Adjusted Weight Stability
GTBE;1;1;0;0.99998015;1.0;1.0;1.0;0.16981694793726465;0.8454928712063774;0.8454928712063774
JQCE;1;1;1;0.9999925;1.0;1.0;1.0;1.0;0.6070949142428843;0.6070949142428843
NTPD;0;1;0;0.9999796999999999;1.0;0.9999999999999988;0.9999999999999988;0.17441635455680404;0.8833472820387257;0.8833472820387257
RBWD;0;1;0;0.9999996999999999;1.0;0.9999999999999948;0.9999999999999948;0.1653458507727663;0.6008632696318175;0.6008632696318175
RGZD;1;1;1;0.9999912000000001;1.0;1.0;1.0;1.0;0.8784062265026611;0.8784062265026611
TAND;0;1;0;0.99999946;1.0;0.9999999999999974;0.9999999999999974;0.16113228869087703;0.853284717978214;0.853284717978214
UUDE;1;1;1;0.99884796;1.0;0.99999999999999;0.99999999999999;1.0;0.8384163224117281;0.8384163224117281
YEZD;0;1;0;0.9999995;1.0;1.0;1.0;0.15735373638527894;-1.252961886157626;-1.252961886157626
