Case ID;Actual;Prefix Length;Prediction;Prediction Probability;SHAP Subset Stability;SHAP Weight Stability;SHAP Adjusted Weight Stability;LIME Subset Stability;LIME Weight Stability;LIME Adjusted Weight Stability
FJSD_3;0;3;0;0.99999946;1.0;0.9999999999993716;0.9999999999993716;-0.1774782805018571;0.9983568140736512;0.9983568140736512
HEZD_3;1;3;0;0.9999874;1.0;0.9999999999993292;0.9999999999993292;-0.18108244605609758;0.9980324769779761;0.9980324769779761
JUZD_3;0;3;0;0.99999994;1.0;0.9999999999988041;0.9999999999988041;-0.18585771701506415;0.9988481034452884;0.9988481034452884
MRSD_3;1;3;1;0.99997103;1.0;0.9999999999988979;0.9999999999988979;0.7138192963752665;0.9986389846875005;0.9986389846875005
OIGE_3;1;3;1;0.99999833;1.0;0.9999999999993192;0.9999999999993192;-0.21357731448126827;0.9986888461262986;0.9986888461262986
PKMD_3;0;3;0;0.9999545;1.0;0.9999999999976176;0.9999999999976176;-0.18133690170303374;0.9980187578375118;0.9980187578375118
QNCE_3;1;3;0;0.99976057;1.0;0.999999999999685;0.999999999999685;-0.18579320226247487;0.9981170861666808;0.9981170861666808
TQLD_3;0;3;0;0.99999994;1.0;0.9999999999989372;0.9999999999989372;-0.18023947529426687;0.9984274829157261;0.9984274829157261
