Case ID;Actual;Prefix Length;Prediction;Prediction Probability;SHAP Subset Stability;SHAP Weight Stability;SHAP Adjusted Weight Stability;LIME Subset Stability;LIME Weight Stability;LIME Adjusted Weight Stability
GXTD_7;0;7;0;1.0;1.0;1.0;1.0;0.21846741045214324;0.4838088147771702;0.4838088147771702
MKTD_7;0;7;0;0.9999913;1.0;1.0;1.0;0.20333424965735314;-1.0170139041928814;-1.0170139041928814
NXLD_7;1;7;1;0.9789200000000001;1.0;0.9999999999972308;0.9999999999972308;0.6808157473344355;0.7073049458007477;0.7073049458007477
OAMD_7;0;7;0;0.9992610000000001;1.0;0.9999999999973288;0.9999999999973288;0.2187779951368447;0.5256037014926451;0.5256037014926451
RDDE_7;0;7;0;0.9997283000000001;1.0;1.0;1.0;0.21900682706054142;0.6050617558004471;0.6050617558004471
SQFE_7;1;7;0;0.99856323;1.0;0.9999999999983648;0.9999999999983648;0.22907404925611707;-0.5187919641051157;-0.5187919641051157
WDBE_7;1;7;1;0.96928126;1.0;0.9999999999999979;0.9999999999999979;0.19672670699130557;0.7445290016643793;0.7445290016643793
WOND_7;1;7;0;0.99477446;1.0;0.9999999999999998;0.9999999999999998;0.24036493250267288;0.5347346624241001;0.5347346624241001
