Case ID;Actual;Prefix Length;Prediction;Prediction Probability;SHAP Subset Stability;SHAP Weight Stability;SHAP Adjusted Weight Stability;LIME Subset Stability;LIME Weight Stability;LIME Adjusted Weight Stability
BMQD_2;0;2;0;0.9918927;1.0;0.9999999999987068;0.9999999999987068;0.22100787518024168;0.43696092786274987;0.43696092786274987
OOFE_2;1;2;1;0.9992686;1.0;0.9999999999986944;0.9999999999986944;0.18692451938102528;-0.028486509531690407;-0.028486509531690407
RAWD_2;0;2;0;0.9999798000000001;1.0;0.9999999999999908;0.9999999999999908;0.23354293112270796;-0.02412697447575729;-0.02412697447575729
UFWD_2;0;2;0;0.99991626;1.0;0.9999999999987716;0.9999999999987716;0.24086628140819322;0.5308295665121419;0.5308295665121419
VRPD_2;1;2;1;0.99982774;1.0;0.9999999999999988;0.9999999999999988;0.3221949954268083;0.425984051965132;0.425984051965132
WCND_2;1;2;1;0.6384733;1.0;0.999999999999333;0.999999999999333;0.23480718979949677;0.2773664551563503;0.2773664551563503
WKJD_2;0;2;0;0.9998493;1.0;0.9999999999988448;0.9999999999988448;0.24015864336042347;0.4657434566253553;0.4657434566253553
ZGRD_2;1;2;0;0.9998855999999999;1.0;0.9999999999997072;0.9999999999997072;0.20122094260590306;0.37251840613279885;0.37251840613279885
