Case ID;Actual;Prefix Length;Prediction;Prediction Probability;SHAP Subset Stability;SHAP Weight Stability;SHAP Adjusted Weight Stability
FJSD_3;0;3;0;0.99999946;1.0;0.9999999999993715;0.9999999999993715
HEZD_3;1;3;0;0.9999874;1.0;0.999999999999329;0.999999999999329
JUZD_3;0;3;0;0.99999994;1.0;0.999999999998804;0.999999999998804
MRSD_3;1;3;1;0.99997103;1.0;0.999999999998898;0.999999999998898
OIGE_3;1;3;1;0.99999833;1.0;0.9999999999993193;0.9999999999993193
PKMD_3;0;3;0;0.9999545;1.0;0.9999999999976175;0.9999999999976175
QNCE_3;1;3;0;0.99976057;1.0;0.999999999999685;0.999999999999685
TQLD_3;0;3;0;0.99999994;1.0;0.9999999999989373;0.9999999999989373
