Case ID;Actual;Prefix Length;Prediction;Prediction Probability;SHAP Subset Stability;SHAP Weight Stability;SHAP Adjusted Weight Stability
BTH_12;1;12;1;0.8827209;1.0;0.9999999999999999;0.9999999999999999
ELJ_12;1;12;1;0.96802384;1.0;0.9999999999999999;0.9999999999999999
MGFB_12;0;12;0;0.9967315;1.0;0.9999999999999999;0.9999999999999999
ODJA_12;0;12;0;0.89698005;1.0;0.9999999999999999;0.9999999999999999
PUC_12;1;12;1;0.6732226;1.0;0.9999999999999999;0.9999999999999999
QZM_12;0;12;0;0.9999942;1.0;0.9999999999999999;0.9999999999999999
UVE_12;0;12;0;0.9997946;1.0;0.9999999999999999;0.9999999999999999
ZDV_12;1;12;1;0.8290411;1.0;0.9999999999999999;0.9999999999999999
