Case ID,Actual,Prefix Length,Prediction,Prediction Probability
DLUA_10,0,10,0,0.9999287
HKWA_10,1,10,1,0.99413633
JZJ_10,0,10,0,0.9999289
OTK_10,1,10,1,0.9928652
QGLB_10,1,10,1,0.9663765
SMKB_10,0,10,0,0.99999976
TZWA_10,0,10,0,0.9999992
YTZD_10,1,10,0,0.70339376
