Case ID;Actual;Prefix Length;Prediction;Prediction Probability;SHAP Subset Stability;SHAP Weight Stability;SHAP Adjusted Weight Stability
AQYD_9;1;9;1;0.99996936;1.0;0.9999999999994589;0.9999999999994589
FJDE_9;0;9;0;1.0;1.0;1.0;1.0
IIVD_9;0;9;0;0.69553447;1.0;0.9999999999999835;0.9999999999999835
JISD_9;1;9;0;0.99988383;1.0;0.9999999999999384;0.9999999999999384
JKID_9;0;9;0;0.9999992;1.0;0.999999999998981;0.999999999998981
XLHE_9;1;9;0;0.9937154;1.0;0.9999999999978227;0.9999999999978227
ZCXD_9;0;9;0;0.99999976;1.0;0.9999999999978286;0.9999999999978286
ZDMD_9;1;9;1;0.9999933;1.0;0.9999999999999994;0.9999999999999994
