Case ID,Actual,Prefix Length,Prediction,Prediction Probability
BMQD_2,0,2,0,0.9918927
OOFE_2,1,2,1,0.9992686
RAWD_2,0,2,0,0.9999798
UFWD_2,0,2,0,0.99991626
VRPD_2,1,2,1,0.99982774
WCND_2,1,2,1,0.6384733
WKJD_2,0,2,0,0.9998493
ZGRD_2,1,2,0,0.9998856
