Case ID;Actual;Prefix Length;Prediction;Prediction Probability;SHAP Subset Stability;SHAP Weight Stability;SHAP Adjusted Weight Stability;LIME Subset Stability;LIME Weight Stability;LIME Adjusted Weight Stability
BTH_12;1;12;1;0.8827209;1.0;1.0;1.0;0.03846153846153866;0.6911101080041241;0.6911101080041241
ELJ_12;1;12;1;0.96802384;1.0;1.0;1.0;0.03846153846153866;0.5777441863136861;0.5777441863136861
MGFB_12;0;12;0;0.9967315000000001;1.0;1.0;1.0;0.039854132901134265;0.47857163620075205;0.47857163620075205
ODJA_12;0;12;0;0.89698005;1.0;1.0;1.0;0.04191705267843493;0.46886167497284914;0.46886167497284914
PUC_12;1;12;1;0.6732226;1.0;1.0;1.0;0.179253885188709;0.4453933053169916;0.4453933053169916
QZM_12;0;12;0;0.9999941999999999;1.0;1.0;1.0;0.20731707317073145;0.5565116583193371;0.5565116583193371
UVE_12;0;12;0;0.9997946;1.0;1.0;1.0;0.16758452032034632;0.5398231824009332;0.5398231824009332
ZDV_12;1;12;1;0.8290411;1.0;1.0;1.0;0.15133302740070775;-0.2210758655364835;-0.2210758655364835
