Case ID;Actual;Prefix Length;Prediction;Prediction Probability;SHAP Subset Stability;SHAP Weight Stability;SHAP Adjusted Weight Stability
ALG_11;1;11;1;0.981859;1.0;0.9999999999999759;0.9999999999999759
FHKC_11;0;11;0;0.99940705;1.0;0.9999999999949832;0.9999999999949832
KZEB_11;0;11;0;0.9998464;1.0;0.9999999999949832;0.9999999999949832
LHH_11;1;11;1;0.9986754;1.0;0.9999999999949846;0.9999999999949846
NJDB_11;0;11;0;0.99990773;1.0;0.9999999999949846;0.9999999999949846
PFUA_11;1;11;1;0.98097116;1.0;0.9999999999950172;0.9999999999950172
PSKD_11;0;11;0;0.99585074;1.0;0.9999999999999958;0.9999999999999958
RMEA_11;1;11;1;0.9953312;1.0;0.9999999999999957;0.9999999999999957
