Case ID,Actual,Prefix Length,Prediction,Prediction Probability
GITD_6,0,6,0,0.9992328
NVND_6,1,6,1,0.99970144
OLZD_6,1,6,1,0.99903405
QOOD_6,0,6,0,0.999898
RDBE_6,1,6,1,0.9986614
UBQE_6,1,6,0,0.6718548
USNE_6,0,6,0,0.99998385
YWAE_6,0,6,0,0.9999105
