Case ID;Actual;Prefix Length;Prediction;Prediction Probability;SHAP Subset Stability;SHAP Weight Stability;SHAP Adjusted Weight Stability;LIME Subset Stability;LIME Weight Stability;LIME Adjusted Weight Stability
CRSD_5;0;5;0;0.9999965000000001;1.0;1.0;1.0;0.03397998358514509;0.7655285129875572;0.7655285129875572
EPTD_5;0;5;0;0.9999998999999999;1.0;0.9999999999999916;0.9999999999999916;0.02547403701292883;0.5362570041877308;0.5362570041877308
LDMD_5;1;5;0;0.8511988000000001;1.0;0.9999999999951276;0.9999999999951276;1.0;0.44220838550386266;0.44220838550386266
OEZD_5;1;5;1;0.97141755;1.0;0.9999999999949988;0.9999999999949988;1.0;0.7450250555756968;0.7450250555756968
OHBE_5;0;5;0;0.9999841;1.0;0.9999999999987976;0.9999999999987976;0.16234294439880048;0.8064707696665168;0.8064707696665168
PKYD_5;0;5;0;0.9999998999999999;1.0;0.9999999999991688;0.9999999999991688;0.02236788505231424;0.06789159545307322;0.06789159545307322
XMIE_5;1;5;1;0.9706829;1.0;0.9999999999988928;0.9999999999988928;1.0;0.8391170288567675;0.8391170288567675
ZVMD_5;1;5;0;0.99992394;1.0;1.0;1.0;0.028738283539377907;0.7959610174694549;0.7959610174694549
