Case ID;Actual;Prefix Length;Prediction;Prediction Probability;SHAP Subset Stability;SHAP Weight Stability;SHAP Adjusted Weight Stability;LIME Subset Stability;LIME Weight Stability;LIME Adjusted Weight Stability;ACV Subset Stability;ACV Weight Stability;ACV Adjusted Weight Stability;LINDA Subset Stability;LINDA Weight Stability;LINDA Adjusted Weight Stability
204661_14;1;14;1;0.7399448000000001;1;1;1;0.8871968415115623;0.9038315900447011;0.9038315900447011;;1.0;1.0;1.0;1.0;1.0
205217_14;1;14;1;0.958902;1;1;1;0.4122522794062239;0.8223498954587151;0.8223498954587151;;1.0;1.0;1.0;1.0;1.0
207810_14;0;14;0;0.9620142;1;1;1;0.7874149659863945;0.7886982912917306;0.7886982912917306;;1.0;1.0;1.0;1.0;1.0
208052_14;1;14;1;0.82940984;1;1;1;0.4912280701754386;0.8163443423460169;0.8163443423460169;1.0;1.0;1.0;1.0;1.0;1.0
208382_14;0;14;0;0.91229004;1;1;1;0.2838541666666666;0.8415406163367093;0.8415406163367093;1.0;1.0;1.0;1.0;1.0;1.0
210617_14;0;14;0;0.99216026;1;1;1;0.4889267461669505;0.8487422535230603;0.8487422535230603;;1.0;1.0;1.0;1.0;1.0
211928_14;0;14;1;0.53850627;1;1;1;0.5408695652173914;0.9199146594738656;0.9199146594738656;;1.0;1.0;1.0;1.0;1.0
213672_14;1;14;1;0.99989736;1;1;1;0.5651780052540991;0.941875079829938;0.941875079829938;;1.0;1.0;1.0;1.0;1.0
