Case ID,Actual,Prefix Length,Prediction,Prediction Probability
Case127_14,1,14,1,0.9999999999959006
Case178_14,0,14,0,0.9999999999991207
Case245_14,1,14,0,0.9999999999773568
Case250_14,0,14,0,1.0
Case259_14,1,14,1,0.9999999999799956
Case273_14,0,14,0,1.0
Case6_14,1,14,1,0.9999999749128378
Case84_14,0,14,0,0.9999999999998663
