Case ID;Actual;Prefix Length;Prediction;Prediction Probability;SHAP Subset Stability;SHAP Weight Stability;SHAP Adjusted Weight Stability
Case126_2;1;2;1;1.0;0.6844021065675341;-0.32406852028667266;-0.32406852028667266
Case129_2;0;2;0;1.0;0.8320972393901936;-0.16981725507458778;-0.16981725507458778
Case156_2;1;2;1;1.0;0.7191204852495174;-0.6065536100516746;-0.6065536100516746
Case190_2;0;2;0;1.0;0.5444099378881987;-0.46658255547290195;-0.46658255547290195
Case277_2;1;2;0;1.0;0.1394409937888199;-0.7183355849873927;-0.7183355849873927
Case29_2;1;2;1;1.0;0.4470827679782905;-0.5297269816676755;-0.5297269816676755
Case47_2;0;2;0;1.0;0.29130434782608694;-0.16919071491946847;-0.16919071491946847
Case7_2;0;2;1;1.0;0.4956683168316831;-2.9517511468229363;-2.9517511468229363
