Case ID,Actual,Prefix Length,Prediction,Prediction Probability
Case102_14,1,14,1,0.9902399050794538
Case11_14,1,14,1,0.6446117713746949
Case210_14,0,14,1,0.998595862800746
Case251_14,0,14,0,1.0
Case260_14,1,14,1,0.999835670025103
Case27_14,0,14,0,0.9999999991226654
