Case ID,Actual,Prefix Length,Prediction,Prediction Probability
Case116_4,1,4,1,1.0
Case153_4,0,4,0,1.0
Case238_4,1,4,1,1.0
Case242_4,1,4,1,0.9999999999946851
Case274_4,0,4,0,0.9989535113239946
Case65_4,0,4,1,0.9999999854856441
