Case ID;Actual;Prefix Length;Prediction;Prediction Probability;SHAP Subset Stability;SHAP Weight Stability;SHAP Adjusted Weight Stability;LIME Subset Stability;LIME Weight Stability;LIME Adjusted Weight Stability;ACV Subset Stability;ACV Weight Stability;ACV Adjusted Weight Stability;LINDA Subset Stability;LINDA Weight Stability;LINDA Adjusted Weight Stability
Case101_4;0;4;0;1.0;1.0;0.8935087374537153;0.8935087374537153;;1.0;1.0;;1.0;1.0;;1.0;1.0
Case125_4;0;4;1;0.5232988637491162;1.0;0.9007820500126904;0.9007820500126904;;1.0;1.0;;1.0;1.0;;1.0;1.0
Case163_4;1;4;1;1.0;0.8320895522388059;0.8520384570446847;0.8520384570446847;;1.0;1.0;;1.0;1.0;;1.0;1.0
Case229_4;0;4;0;0.9999999948884976;1.0;0.4703589951661886;0.4703589951661886;;1.0;1.0;;1.0;1.0;;1.0;1.0
Case265_4;0;4;0;1.0;1.0;0.8392897325407618;0.8392897325407618;;1.0;1.0;;1.0;1.0;;1.0;1.0
Case267_4;1;4;1;1.0;1.0;0.9338048087938424;0.9338048087938424;;1.0;1.0;;1.0;1.0;;1.0;1.0
Case38_4;1;4;1;1.0;1.0;0.8504138309155963;0.8504138309155963;;1.0;1.0;;1.0;1.0;;1.0;1.0
Case53_4;1;4;0;0.9999999999989201;1.0;0.8754039894429385;0.8754039894429385;;1.0;1.0;;1.0;1.0;;1.0;1.0
