Case ID,Actual,Prefix Length,Prediction,Prediction Probability
Case249_8,1,8,0,0.9999973493788615
Case250_8,0,8,0,1.0
Case264_8,1,8,0,0.9999999955449681
Case277_8,1,8,0,0.999999174419173
Case41_8,0,8,0,0.9999999741229718
Case99_8,0,8,0,1.0
