Case ID,Actual,Prefix Length,Prediction,Prediction Probability
Case102_5,1,5,0,1.0
Case174_5,1,5,0,0.9999982346962731
Case211_5,0,5,0,1.0
Case248_5,1,5,0,0.9999999986778505
Case269_5,0,5,0,1.0
Case27_5,0,5,0,1.0
Case56_5,0,5,0,1.0
Case73_5,1,5,1,1.0
