Case ID;Actual;Prefix Length;Prediction;Prediction Probability;SHAP Subset Stability;SHAP Weight Stability;SHAP Adjusted Weight Stability
Case102_5;1;5;0;1.0;1.0;0.9911994009955116;0.9911994009955116
Case174_5;1;5;0;0.9999982346962732;1.0;0.9922976184527588;0.9922976184527588
Case211_5;0;5;0;1.0;1.0;0.9921725090183674;0.9921725090183674
Case248_5;1;5;0;0.9999999986778504;1.0;0.9912420315273315;0.9912420315273315
Case269_5;0;5;0;1.0;1.0;0.9901801513655837;0.9901801513655837
Case27_5;0;5;0;1.0;1.0;0.9845121981197997;0.9845121981197997
Case56_5;0;5;0;1.0;1.0;0.9958861796725627;0.9958861796725627
Case73_5;1;5;1;1.0;1.0;0.9895005932621037;0.9895005932621037
