Case ID,Actual,Prefix Length,Prediction,Prediction Probability
Case177_5,1,5,1,1.0
Case190_5,0,5,0,1.0
Case249_5,1,5,0,0.9999999992821813
Case252_5,0,5,0,0.9999976313473184
Case258_5,1,5,1,0.6224295387470876
Case4_5,0,5,0,0.9999999999999432
