Case ID;Actual;Prefix Length;Prediction;Prediction Probability;SHAP Subset Stability;SHAP Weight Stability;SHAP Adjusted Weight Stability
Case12_13;0;13;0;1.0;1.0;0.9108892830487514;0.9108892830487514
Case135_13;1;13;0;1.0;1.0;0.9418984891036988;0.9418984891036988
Case188_13;1;13;1;1.0;1.0;0.9758084927641346;0.9758084927641346
Case194_13;1;13;1;1.0;1.0;0.8890116558473752;0.8890116558473752
Case195_13;0;13;0;1.0;1.0;0.8654626156811637;0.8654626156811637
Case245_13;1;13;0;0.9999946578791438;1.0;0.6072790792469305;0.6072790792469305
Case89_13;0;13;0;1.0;1.0;0.7148438654616591;0.7148438654616591
Case90_13;0;13;0;1.0;1.0;0.7634774555139887;0.7634774555139887
