Case ID,Actual,Prefix Length,Prediction,Prediction Probability
Case123_6,1,6,1,1.0
Case124_6,0,6,0,0.9891779615874684
Case201_6,1,6,1,1.0
Case273_6,0,6,0,1.0
Case3_6,0,6,0,0.9999981016375414
Case78_6,1,6,1,0.9999974869986544
