Case ID,Actual,Prefix Length,Prediction,Prediction Probability
Case113_3,0,3,1,0.9999999981588701
Case116_3,1,3,1,1.0
Case123_3,1,3,1,1.0
Case17_3,1,3,1,1.0
Case218_3,0,3,0,1.0
Case229_3,0,3,0,0.9951004625333306
Case28_3,1,3,1,0.9999999999963052
Case97_3,0,3,0,1.0
