Case ID;Actual;Prefix Length;Prediction;Prediction Probability;SHAP Subset Stability;SHAP Weight Stability;SHAP Adjusted Weight Stability
Case155_10;0;10;0;0.9999999999999004;1.0;0.15955152738553735;0.15955152738553735
Case192_10;0;10;0;1.0;1.0;0.8927121176150444;0.8927121176150444
Case194_10;1;10;1;1.0;1.0;0.8700267886297887;0.8700267886297887
Case223_10;0;10;0;0.9999999727161684;1.0;-5.571009062268619;-5.571009062268619
Case259_10;1;10;1;1.0;1.0;0.8500086841104004;0.8500086841104004
Case266_10;1;10;1;0.9999999152526478;1.0;0.6440721142794665;0.6440721142794665
Case67_10;0;10;1;1.0;1.0;0.6355194668336563;0.6355194668336563
Case75_10;1;10;0;0.9999921995728138;1.0;0.6679917195737509;0.6679917195737509
