Case ID,Actual,Prefix Length,Prediction,Prediction Probability
Case127_7,1,7,1,0.9999918978379682
Case155_7,0,7,0,0.999999998761723
Case187_7,1,7,1,1.0
Case230_7,1,7,0,0.9978046396394207
Case269_7,0,7,0,0.9999999994285815
Case39_7,0,7,0,0.998472394931901
Case44_7,1,7,1,1.0
Case89_7,0,7,0,1.0
