Case ID;Actual;Prefix Length;Prediction;Prediction Probability;SHAP Subset Stability;SHAP Weight Stability;SHAP Adjusted Weight Stability;LIME Subset Stability;LIME Weight Stability;LIME Adjusted Weight Stability;ACV Subset Stability;ACV Weight Stability;ACV Adjusted Weight Stability;LINDA Subset Stability;LINDA Weight Stability;LINDA Adjusted Weight Stability
Case100_3;0;3;0;0.9997638765065778;1.0;-2.644871840119289;-2.644871840119289;0.8745472741136104;0.9823093743051872;0.9823093743051872;;1.0;1.0;;1.0;1.0
Case118_3;1;3;1;0.9897217968709708;1.0;0.7316849180218036;0.7316849180218036;0.8188909867832654;0.9721223057565832;0.9721223057565832;;1.0;1.0;;1.0;1.0
Case124_3;0;3;1;1.0;1.0;0.6692113371808756;0.6692113371808756;0.9317024362275012;0.9734183300554424;0.9734183300554424;;1.0;1.0;;1.0;1.0
Case238_3;1;3;1;1.0;0.8876404494382023;0.8721856914384474;0.8721856914384474;0.8692659757208241;0.98084102351319;0.98084102351319;;1.0;1.0;;1.0;1.0
Case252_3;0;3;1;0.9999998067597362;1.0;0.5848392324363996;0.5848392324363996;0.9072122434017597;0.9281686842921244;0.9281686842921244;;1.0;1.0;;1.0;1.0
Case253_3;1;3;1;1.0;1.0;0.5011854060033021;0.5011854060033021;0.7805127041742286;0.9796758386872182;0.9796758386872182;;1.0;1.0;;1.0;1.0
Case263_3;0;3;0;1.0;1.0;0.7993040297172551;0.7993040297172551;1.0;0.9840065945060366;0.9840065945060366;;1.0;1.0;;1.0;1.0
Case73_3;1;3;1;1.0;0.8876404494382023;0.8792188396520143;0.8792188396520143;0.938143655088148;0.9490159156764688;0.9490159156764688;;1.0;1.0;;1.0;1.0
