Case ID,Actual,Prefix Length,Prediction,Prediction Probability
Case135_14,1,14,1,0.9999999999993641
Case18_14,1,14,1,0.9999999998620428
Case223_14,0,14,0,0.9940815314866961
Case238_14,1,14,1,0.9999999999726699
Case260_14,1,14,1,0.9999628670849822
Case273_14,0,14,0,0.9999999999942073
Case27_14,0,14,0,0.9999999988214725
Case84_14,0,14,0,0.9999999999786429
