"Case ID;Actual;Prefix Length;Prediction;Prediction Probability;SHAP Subset Stability;SHAP Weight Stability;SHAP Adjusted Weight Stability";LIME Subset Stability;LIME Weight Stability;LIME Adjusted Weight Stability
"Case103_9;1;9;1;1.0;1.0;0.77393326761919;0.77393326761919";0.934754062482902;0.9524954897446694;0.9524954897446694
"Case187_9;1;9;1;1.0;1.0;0.6032037374930638;0.6032037374930638";0.9782513541609673;0.9671601848659356;0.9671601848659356
"Case201_9;1;9;1;1.0;1.0;0.8399950121994204;0.8399950121994204";0.8961659023625703;0.9684320429150471;0.9684320429150471
"Case252_9;0;9;0;1.0;1.0;-6.15022503014297;-6.15022503014297";0.8912567708048367;0.961114471052735;0.961114471052735
"Case259_9;1;9;1;1.0;1.0;0.8533639470732578;0.8533639470732578";0.934754062482902;0.971192142108683;0.971192142108683
"Case34_9;0;9;0;1.0;1.0;0.9578759602781077;0.9578759602781077";0.9742834961506114;0.9706003319870191;0.9706003319870191
"Case40_9;0;9;0;1.0;1.0;0.9369356326245952;0.9369356326245952";0.9556559571619813;0.9631228978769175;0.9631228978769175
"Case9_9;0;9;0;1.0;1.0;0.7519397426491689;0.7519397426491689";0.934754062482902;0.9625033686300299;0.9625033686300299
