Case ID,Actual,Prefix Length,Prediction,Prediction Probability
Case10_16,1,16,1,0.9999999954178591
Case187_16,1,16,1,1.0
Case210_16,0,16,1,0.9999551561197814
Case225_16,1,16,1,0.9999999990593569
Case34_16,0,16,0,0.9999999999999991
Case67_16,0,16,1,0.9998684800456652
