Case ID,Actual,Prefix Length,Prediction,Prediction Probability
Case11_10,1,10,1,0.9999982778812515
Case207_10,1,10,1,1.0
Case245_10,1,10,1,0.91643042235666
Case252_10,0,10,0,1.0
Case37_10,1,10,0,0.9249921283309007
Case43_10,0,10,0,1.0
Case67_10,0,10,1,1.0
Case72_10,0,10,0,1.0
