Case ID;Actual;Prefix Length;Prediction;Prediction Probability;SHAP Subset Stability;SHAP Weight Stability;SHAP Adjusted Weight Stability
Case135_14;1;14;1;0.999999999999364;1.0;0.8621517560570152;0.8621517560570152
Case18_14;1;14;1;0.9999999998620428;1.0;0.8825739891489683;0.8825739891489683
Case223_14;0;14;0;0.994081531486696;1.0;0.7877031383021946;0.7877031383021946
Case238_14;1;14;1;0.99999999997267;1.0;0.8786899453271801;0.8786899453271801
Case260_14;1;14;1;0.9999628670849822;1.0;0.7641103901623736;0.7641103901623736
Case273_14;0;14;0;0.9999999999942072;1.0;0.6945969368419462;0.6945969368419462
Case27_14;0;14;0;0.9999999988214724;1.0;0.3109580420673339;0.3109580420673339
Case84_14;0;14;0;0.9999999999786428;1.0;-0.22517308333979247;-0.22517308333979247
