Case ID;Actual;Prefix Length;Prediction;Prediction Probability;SHAP Subset Stability;SHAP Weight Stability;SHAP Adjusted Weight Stability;LIME Subset Stability;LIME Weight Stability;LIME Adjusted Weight Stability;ACV Subset Stability;ACV Weight Stability;ACV Adjusted Weight Stability;LINDA Subset Stability;LINDA Weight Stability;LINDA Adjusted Weight Stability
Case102_5;1;5;0;1.0;1.0;0.9911994009955116;0.9911994009955116;0.08125872498836663;0.9653265853315018;0.9653265853315018;;1.0;1.0;;1.0;1.0
Case174_5;1;5;0;0.9999982346962732;1.0;0.9922976184527588;0.9922976184527588;0.2819584192023279;0.8947796480247842;0.8947796480247842;;1.0;1.0;;1.0;1.0
Case211_5;0;5;0;1.0;1.0;0.9921725090183674;0.9921725090183674;0.16048877416969798;0.9388970861418388;0.9388970861418388;;1.0;1.0;;1.0;1.0
Case248_5;1;5;0;0.9999999986778504;1.0;0.9912420315273316;0.9912420315273316;0.15295593976575586;0.9541093486131296;0.9541093486131296;;1.0;1.0;;1.0;1.0
Case269_5;0;5;0;1.0;1.0;0.9901801513655836;0.9901801513655836;0.7905541377643368;0.9445210872782116;0.9445210872782116;;1.0;1.0;;1.0;1.0
Case27_5;0;5;0;1.0;1.0;0.9845121981197996;0.9845121981197996;0.20079626103513948;0.9696285010013777;0.9696285010013777;;1.0;1.0;;1.0;1.0
Case56_5;0;5;0;1.0;1.0;0.9958861796725628;0.9958861796725628;0.1998881209992639;0.9383114288515468;0.9383114288515468;;1.0;1.0;;1.0;1.0
Case73_5;1;5;1;1.0;1.0;0.9895005932621036;0.9895005932621036;1.0;0.7535720030083221;0.7535720030083221;;1.0;1.0;;1.0;1.0
