Case ID,Actual,Prefix Length,Prediction,Prediction Probability
Case101_4,0,4,0,0.999999999458538
Case135_4,1,4,1,0.9999999998327453
Case185_4,0,4,0,1.0
Case209_4,0,4,1,0.9999737822435738
Case225_4,1,4,1,0.9999999804336215
Case263_4,0,4,0,1.0
Case277_4,1,4,0,0.9999999999999716
Case53_4,1,4,0,0.9999999999822933
