Case ID,Actual,Prefix Length,Prediction,Prediction Probability
Case122_12,0,12,1,0.7903146357931864
Case12_12,0,12,0,0.7389627080355683
Case195_12,0,12,0,0.9743844484937375
Case21_12,1,12,1,0.9999907017813243
Case28_12,1,12,1,0.9999612654528252
Case78_12,1,12,1,0.9999654078905648
