Case ID,Actual,Prefix Length,Prediction,Prediction Probability
Case101_12,0,12,1,0.8836392640934342
Case102_12,1,12,1,0.8734143617912786
Case115_12,1,12,1,0.9900268443905207
Case195_12,0,12,0,0.9635012721531375
Case269_12,0,12,0,0.995004773845242
Case37_12,1,12,0,0.9350470652617923
Case55_12,1,12,1,0.9955923011122667
Case67_12,0,12,1,0.9995920196416961
