Case ID,Actual,Prefix Length,Prediction,Prediction Probability
Case177_6,1,6,1,1.0
Case223_6,0,6,0,0.9999999993453059
Case229_6,0,6,0,0.9999999999999716
Case244_6,1,6,1,1.0
Case38_6,1,6,1,0.9999999999996732
Case39_6,0,6,0,0.9907437214258512
Case70_6,1,6,1,1.0
Case72_6,0,6,0,1.0
