"Case ID;Actual;Prefix Length;Prediction;Prediction Probability;SHAP Subset Stability;SHAP Weight Stability;SHAP Adjusted Weight Stability";LIME Subset Stability;LIME Weight Stability;LIME Adjusted Weight Stability
"Case109_7;1;7;1;1.0;1.0;0.9221718855258103;0.9221718855258103";0.8320817688777639;0.942318306532029;0.942318306532029
"Case119_7;0;7;1;1.0;1.0;0.8548995960623412;0.8548995960623412";0.6638298485110306;0.6059626829197516;0.6059626829197516
"Case185_7;0;7;0;1.0;1.0;0.9515067531010023;0.9515067531010023";0.8504829123328381;0.8967360859685843;0.8967360859685843
"Case245_7;1;7;1;0.9999837011165332;1.0;0.7728962536873651;0.7728962536873651";0.6509040858268758;0.9525771283333091;0.9525771283333091
"Case250_7;0;7;0;1.0;1.0;0.8955534692556456;0.8955534692556456";0.756302729528536;0.9632192281887595;0.9632192281887595
"Case32_7;1;7;1;1.0;1.0;0.38403640142363527;0.38403640142363527";0.5957849191898335;0.873432335382484;0.873432335382484
"Case34_7;0;7;0;1.0;1.0;0.9490827945836379;0.9490827945836379";0.8254165091087039;0.9687712581428041;0.9687712581428041
"Case93_7;1;7;1;1.0;1.0;0.9160471704194066;0.9160471704194066";1.0;0.9635799526015307;0.9635799526015307
