Case ID;Actual;Prefix Length;Prediction;Prediction Probability;SHAP Subset Stability;SHAP Weight Stability;SHAP Adjusted Weight Stability
Case114;1;1;1;0.9995524985686222;0.36510554089709757;0.911612656673853;0.911612656673853
Case116;1;1;1;1.0;0.3052821522309712;0.9528669172904635;0.9528669172904635
Case12;0;1;0;0.9999999999995736;1.0;0.9671736476739897;0.9671736476739897
Case136;0;1;1;0.9999999999999716;0.45229143379737846;0.9071588118410217;0.9071588118410217
Case163;1;1;1;1.0;0.6842191601049868;0.9667398586781222;0.9667398586781222
Case253;1;1;1;0.9999999999965326;0.44664031620553357;0.9664127485749319;0.9664127485749319
Case263;0;1;0;1.0;1.0;0.9823201547006304;0.9823201547006304
Case84;0;1;0;1.0;1.0;0.9792736775089455;0.9792736775089455
