Case ID,Actual,Prefix Length,Prediction,Prediction Probability
Case100_3,0,3,0,0.9997638765065778
Case118_3,1,3,1,0.9897217968709707
Case124_3,0,3,1,1.0
Case238_3,1,3,1,1.0
Case252_3,0,3,1,0.9999998067597362
Case253_3,1,3,1,1.0
Case263_3,0,3,0,1.0
Case73_3,1,3,1,1.0
