Case ID,Actual,Prefix Length,Prediction,Prediction Probability
Case103_8,1,8,1,1.0
Case106_8,0,8,0,1.0
Case11_8,1,8,0,0.9430685544444606
Case223_8,0,8,0,0.9999999999999716
Case225_8,1,8,0,1.0
Case250_8,0,8,0,1.0
Case63_8,1,8,1,1.0
Case64_8,0,8,1,0.9999999999999147
