"Case ID;Actual;Prefix Length;Prediction;Prediction Probability;SHAP Subset Stability;SHAP Weight Stability;SHAP Adjusted Weight Stability";LIME Subset Stability;LIME Weight Stability;LIME Adjusted Weight Stability
"Case178_11;0;11;0;1.0;1.0;0.39100193260661276;0.39100193260661276";1.0;0.9584936267335843;0.9584936267335843
"Case206_11;1;11;1;1.0;1.0;0.7820140367835766;0.7820140367835766";1.0;0.9471461594029362;0.9471461594029362
"Case215_11;0;11;0;1.0;1.0;0.2579299991811399;0.2579299991811399";1.0;0.9234743576983758;0.9234743576983758
"Case259_11;1;11;1;1.0;1.0;0.8567890478275226;0.8567890478275226";1.0;0.9656076704759584;0.9656076704759584
"Case277_11;1;11;1;1.0;1.0;0.8405231653486521;0.8405231653486521";1.0;0.9689715443443153;0.9689715443443153
"Case44_11;1;11;1;1.0;1.0;0.8308450901123368;0.8308450901123368";1.0;0.9602605740646688;0.9602605740646688
"Case83_11;0;11;1;0.9999908548254358;1.0;0.7835347891922723;0.7835347891922723";1.0;0.9550740306002764;0.9550740306002764
"Case84_11;0;11;0;1.0;1.0;0.8389304998278166;0.8389304998278166";1.0;0.9626932846323988;0.9626932846323988
