Case ID,Actual,Prefix Length,Prediction,Prediction Probability
Case101_5,0,5,0,1.0
Case127_5,1,5,1,0.9999127830454021
Case12_5,0,5,0,1.0
Case208_5,1,5,1,1.0
Case210_5,0,5,1,0.9881665163420458
Case219_5,1,5,1,1.0
Case266_5,1,5,1,0.9999999325749536
Case34_5,0,5,1,0.9999603629602155
