Case ID;Actual;Prefix Length;Prediction;Prediction Probability;SHAP Subset Stability;SHAP Weight Stability;SHAP Adjusted Weight Stability
Case100_3;0;3;0;0.9997638765065778;1.0;-2.644871840119289;-2.644871840119289
Case118_3;1;3;1;0.9897217968709708;1.0;0.7316849180218036;0.7316849180218036
Case124_3;0;3;1;1.0;1.0;0.6692113371808756;0.6692113371808756
Case238_3;1;3;1;1.0;0.8876404494382023;0.8721856914384474;0.8721856914384474
Case252_3;0;3;1;0.9999998067597362;1.0;0.5848392324363996;0.5848392324363996
Case253_3;1;3;1;1.0;1.0;0.501185406003302;0.501185406003302
Case263_3;0;3;0;1.0;1.0;0.7993040297172551;0.7993040297172551
Case73_3;1;3;1;1.0;0.8876404494382023;0.8792188396520143;0.8792188396520143
