Case ID,Actual,Prefix Length,Prediction,Prediction Probability
Case135_7,1,7,1,1.0
Case178_7,0,7,0,0.9987306955607432
Case208_7,1,7,1,1.0
Case218_7,0,7,0,1.0
Case47_7,0,7,0,0.9999999584496644
Case78_7,1,7,1,1.0
