Case ID,Actual,Prefix Length,Prediction,Prediction Probability
Case155_10,0,10,0,0.9999999999999005
Case192_10,0,10,0,1.0
Case194_10,1,10,1,1.0
Case223_10,0,10,0,0.9999999727161683
Case259_10,1,10,1,1.0
Case266_10,1,10,1,0.9999999152526478
Case67_10,0,10,1,1.0
Case75_10,1,10,0,0.9999921995728138
