Case ID,Actual,Prefix Length,Prediction,Prediction Probability
Case10_12,1,12,1,0.9613972382867924
Case122_12,0,12,0,0.5560036506496273
Case178_12,0,12,0,0.9679325983928352
Case18_12,1,12,1,0.9998216529948631
Case194_12,1,12,1,0.9953749347706126
Case238_12,1,12,1,0.9999275026188944
Case27_12,0,12,0,0.9657804694387753
Case60_12,0,12,0,0.7882583122379649
