Case ID,Actual,Prefix Length,Prediction,Prediction Probability
Case104,0,1,1,0.9999999048870382
Case123,1,1,1,1.0
Case148,0,1,0,1.0
Case155,0,1,0,0.9994898932236569
Case194,1,1,1,1.0
Case215,0,1,0,0.9230045386874167
Case233,1,1,1,0.9986287663850536
Case59,1,1,1,0.9999954385068306
