Case ID,Actual,Prefix Length,Prediction,Prediction Probability
Case156_2,1,2,1,1.0
Case179_2,1,2,1,0.5206199785232447
Case185_2,0,2,1,1.0
Case188_2,1,2,1,1.0
Case209_2,0,2,1,0.9999999980822167
Case256_2,1,2,1,1.0
Case47_2,0,2,0,0.9978226359325499
Case81_2,0,2,0,0.9999999989063895
