Case ID;Actual;Prefix Length;Prediction;Prediction Probability;SHAP Subset Stability;SHAP Weight Stability;SHAP Adjusted Weight Stability;LIME Subset Stability;LIME Weight Stability;LIME Adjusted Weight Stability;ACV Subset Stability;ACV Weight Stability;ACV Adjusted Weight Stability;LINDA Subset Stability;LINDA Weight Stability;LINDA Adjusted Weight Stability
Case135_14;1;14;1;0.999999999999364;1.0;0.8621517560570152;0.8621517560570152;0.11587353324641447;0.9999975227315532;0.9999975227315532;;1.0;1.0;;1.0;1.0
Case18_14;1;14;1;0.9999999998620428;1.0;0.8825739891489683;0.8825739891489683;0.1350446428571429;0.9996814806494576;0.9996814806494576;;1.0;1.0;;1.0;1.0
Case223_14;0;14;0;0.994081531486696;1.0;0.7877031383021946;0.7877031383021946;0.24414824447334216;0.9999975153088184;0.9999975153088184;;1.0;1.0;;1.0;1.0
Case238_14;1;14;1;0.99999999997267;1.0;0.8786899453271801;0.8786899453271801;0.052721642764015586;0.9999157332965742;0.9999157332965742;;1.0;1.0;;1.0;1.0
Case260_14;1;14;1;0.9999628670849822;1.0;0.7641103901623736;0.7641103901623736;0.17902542372881358;0.9999993049290276;0.9999993049290276;;1.0;1.0;;1.0;1.0
Case273_14;0;14;0;0.9999999999942072;1.0;0.6945969368419462;0.6945969368419462;0.1958824814329403;0.9999966732892116;0.9999966732892116;;1.0;1.0;;1.0;1.0
Case27_14;0;14;0;0.9999999988214724;1.0;0.3109580420673339;0.3109580420673339;0.1601647160814912;0.9999965444373264;0.9999965444373264;;1.0;1.0;;1.0;1.0
Case84_14;0;14;0;0.9999999999786428;1.0;-0.22517308333979247;-0.22517308333979247;0.3341718266253869;0.9999896042479663;0.9999896042479663;;1.0;1.0;;1.0;1.0
