Case ID,Actual,Prefix Length,Prediction,Prediction Probability
Case245_10,1,10,1,0.9959931219919218
Case256_10,1,10,1,1.0
Case263_10,0,10,0,1.0
Case39_10,0,10,0,0.9967602021977182
Case44_10,1,10,1,0.9999999792564298
Case89_10,0,10,0,1.0
