Case ID,Actual,Prefix Length,Prediction,Prediction Probability
Case208_3,1,3,1,1.0
Case236_3,0,3,0,0.9823071229904707
Case239_3,0,3,1,0.9999391586106637
Case267_3,1,3,1,1.0
Case46_3,0,3,1,0.9999999999997442
Case49_3,1,3,1,0.9959120219429719
