Case ID,Actual,Prefix Length,Prediction,Prediction Probability
Case178_8,0,8,0,1.0
Case188_8,1,8,1,1.0
Case223_8,0,8,0,0.9999999082496955
Case260_8,1,8,1,0.8178484902542923
Case266_8,1,8,1,0.9999999999945146
Case55_8,1,8,1,1.0
Case64_8,0,8,1,1.0
Case96_8,0,8,0,1.0
