Case ID,Actual,Prefix Length,Prediction,Prediction Probability
Case145_6,0,6,0,1.0
Case203_6,0,6,0,1.0
Case211_6,0,6,0,1.0
Case245_6,1,6,1,0.9999998787691669
Case25_6,1,6,0,1.0
Case27_6,0,6,0,0.9999999999991473
Case6_6,1,6,0,0.9999971563878135
Case78_6,1,6,1,0.843297522032627
