Case ID;Actual;Prefix Length;Prediction;Prediction Probability;SHAP Subset Stability;SHAP Weight Stability;SHAP Adjusted Weight Stability
Case103_9;1;9;1;1.0;1.0;0.77393326761919;0.77393326761919
Case187_9;1;9;1;1.0;1.0;0.6032037374930638;0.6032037374930638
Case201_9;1;9;1;1.0;1.0;0.8399950121994204;0.8399950121994204
Case252_9;0;9;0;1.0;1.0;-6.15022503014297;-6.15022503014297
Case259_9;1;9;1;1.0;1.0;0.8533639470732578;0.8533639470732578
Case34_9;0;9;0;1.0;1.0;0.9578759602781077;0.9578759602781077
Case40_9;0;9;0;1.0;1.0;0.9369356326245952;0.9369356326245952
Case9_9;0;9;0;1.0;1.0;0.7519397426491689;0.7519397426491689
