Case ID,Actual,Prefix Length,Prediction,Prediction Probability
Case102_11,1,11,0,0.6106922335457887
Case178_11,0,11,0,1.0
Case188_11,1,11,1,1.0
Case207_11,1,11,1,1.0
Case277_11,1,11,1,1.0
Case27_11,0,11,0,0.9998143603888993
Case40_11,0,11,0,1.0
Case83_11,0,11,1,0.9999999999762679
