Case ID;Actual;Prefix Length;Prediction;Prediction Probability;SHAP Subset Stability;SHAP Weight Stability;SHAP Adjusted Weight Stability
Case109_7;1;7;1;1.0;1.0;0.9221718855258103;0.9221718855258103
Case119_7;0;7;1;1.0;1.0;0.8548995960623412;0.8548995960623412
Case185_7;0;7;0;1.0;1.0;0.9515067531010023;0.9515067531010023
Case245_7;1;7;1;0.9999837011165332;1.0;0.7728962536873651;0.7728962536873651
Case250_7;0;7;0;1.0;1.0;0.8955534692556456;0.8955534692556456
Case32_7;1;7;1;1.0;1.0;0.38403640142363527;0.38403640142363527
Case34_7;0;7;0;1.0;1.0;0.9490827945836379;0.9490827945836379
Case93_7;1;7;1;1.0;1.0;0.9160471704194066;0.9160471704194066
