Case ID;Actual;Prefix Length;Prediction;Prediction Probability;SHAP Subset Stability;SHAP Weight Stability;SHAP Adjusted Weight Stability
Case178_11;0;11;0;1.0;1.0;0.39100193260661276;0.39100193260661276
Case206_11;1;11;1;1.0;1.0;0.7820140367835766;0.7820140367835766
Case215_11;0;11;0;1.0;1.0;0.2579299991811399;0.2579299991811399
Case259_11;1;11;1;1.0;1.0;0.8567890478275226;0.8567890478275226
Case277_11;1;11;1;1.0;1.0;0.8405231653486521;0.8405231653486521
Case44_11;1;11;1;1.0;1.0;0.8308450901123368;0.8308450901123368
Case83_11;0;11;1;0.9999908548254358;1.0;0.7835347891922723;0.7835347891922723
Case84_11;0;11;0;1.0;1.0;0.8389304998278166;0.8389304998278166
