Case ID,Actual,Prefix Length,Prediction,Prediction Probability
Case114,1,1,1,0.9995524985686222
Case116,1,1,1,1.0
Case12,0,1,0,0.9999999999995737
Case136,0,1,1,0.9999999999999716
Case163,1,1,1,1.0
Case253,1,1,1,0.9999999999965326
Case263,0,1,0,1.0
Case84,0,1,0,1.0
