Case ID;Actual;Prefix Length;Prediction;Prediction Probability;SHAP Subset Stability;SHAP Weight Stability;SHAP Adjusted Weight Stability;LIME Subset Stability;LIME Weight Stability;LIME Adjusted Weight Stability;ACV Subset Stability;ACV Weight Stability;ACV Adjusted Weight Stability;LINDA Subset Stability;LINDA Weight Stability;LINDA Adjusted Weight Stability
Case178_11;0;11;0;1.0;1.0;0.3910019326066128;0.3910019326066128;1.0;0.9584936267335844;0.9584936267335844;;1.0;1.0;;1.0;1.0
Case206_11;1;11;1;1.0;1.0;0.7820140367835766;0.7820140367835766;1.0;0.9471461594029362;0.9471461594029362;;1.0;1.0;;1.0;1.0
Case215_11;0;11;0;1.0;1.0;0.2579299991811399;0.2579299991811399;1.0;0.9234743576983758;0.9234743576983758;;1.0;1.0;;1.0;1.0
Case259_11;1;11;1;1.0;1.0;0.8567890478275226;0.8567890478275226;1.0;0.9656076704759584;0.9656076704759584;;1.0;1.0;;1.0;1.0
Case277_11;1;11;1;1.0;1.0;0.8405231653486521;0.8405231653486521;1.0;0.9689715443443152;0.9689715443443152;;1.0;1.0;;1.0;1.0
Case44_11;1;11;1;1.0;1.0;0.8308450901123368;0.8308450901123368;1.0;0.9602605740646688;0.9602605740646688;;1.0;1.0;;1.0;1.0
Case83_11;0;11;1;0.9999908548254358;1.0;0.7835347891922723;0.7835347891922723;1.0;0.9550740306002764;0.9550740306002764;;1.0;1.0;;1.0;1.0
Case84_11;0;11;0;1.0;1.0;0.8389304998278166;0.8389304998278166;1.0;0.9626932846323988;0.9626932846323988;;1.0;1.0;;1.0;1.0
