Case ID;Actual;Prefix Length;Prediction;Prediction Probability;SHAP Subset Stability;SHAP Weight Stability;SHAP Adjusted Weight Stability
Case10_12;1;12;1;0.9613972382867924;1.0;0.9080002909228515;0.9080002909228515
Case122_12;0;12;0;0.5560036506496273;1.0;0.8506507688418713;0.8506507688418713
Case178_12;0;12;0;0.9679325983928352;1.0;0.8726349816605028;0.8726349816605028
Case18_12;1;12;1;0.9998216529948633;1.0;0.8497019145601752;0.8497019145601752
Case194_12;1;12;1;0.9953749347706126;1.0;0.7704610300824862;0.7704610300824862
Case238_12;1;12;1;0.9999275026188944;1.0;0.8443059410626609;0.8443059410626609
Case27_12;0;12;0;0.9657804694387752;1.0;0.8087462235069105;0.8087462235069105
Case60_12;0;12;0;0.7882583122379649;1.0;0.7436242000827811;0.7436242000827811
