Case ID,Actual,Prefix Length,Prediction,Prediction Probability
Case102_11,1,11,0,0.9845255073721668
Case122_11,0,11,0,1.0
Case127_11,1,11,1,0.9999871385714715
Case266_11,1,11,1,0.7853078677285588
Case274_11,0,11,0,1.0
Case60_11,0,11,0,0.6409817648344586
