Case ID;Actual;Prefix Length;Prediction;Prediction Probability;SHAP Subset Stability;SHAP Weight Stability;SHAP Adjusted Weight Stability
Case177_6;1;6;1;1.0;1.0;0.7708583311094609;0.7708583311094609
Case223_6;0;6;0;0.999999999345306;1.0;0.7339367396552787;0.7339367396552787
Case229_6;0;6;0;0.9999999999999716;1.0;0.7825347051399614;0.7825347051399614
Case244_6;1;6;1;1.0;1.0;-0.10296108924587144;-0.10296108924587144
Case38_6;1;6;1;0.9999999999996732;1.0;0.5557122851195441;0.5557122851195441
Case39_6;0;6;0;0.9907437214258512;1.0;0.8712481309066991;0.8712481309066991
Case70_6;1;6;1;1.0;1.0;0.6689792898660476;0.6689792898660476
Case72_6;0;6;0;1.0;1.0;0.7114222519855453;0.7114222519855453
