Case ID;Actual;Prefix Length;Prediction;Prediction Probability;SHAP Subset Stability;SHAP Weight Stability;SHAP Adjusted Weight Stability;LIME Subset Stability;LIME Weight Stability;LIME Adjusted Weight Stability
Case103_8;1;8;1;1.0;0.7838107324147934;0.6925157542792044;0.6925157542792044;1.0;0.9250720849083859;0.9250720849083859
Case106_8;0;8;0;1.0;1.0;0.9077792351316128;0.9077792351316128;1.0;0.8108657428451952;0.8108657428451952
Case11_8;1;8;0;0.9430685544444606;0.8320659062103929;-8.348425471242312;-8.348425471242312;1.0;0.9607916108584258;0.9607916108584258
Case223_8;0;8;0;0.9999999999999716;0.8320659062103929;-6.239412009899369;-6.239412009899369;1.0;0.9748502250144782;0.9748502250144782
Case225_8;1;8;0;1.0;0.8320659062103929;-6.858600835797547;-6.858600835797547;1.0;0.9672753345680238;0.9672753345680238
Case250_8;0;8;0;1.0;1.0;0.9667568615952897;0.9667568615952897;0.9769257560805712;0.9809608673470072;0.9809608673470072
Case63_8;1;8;1;1.0;0.8320659062103929;0.369646969641482;0.369646969641482;0.9790480708412397;0.9579554740613481;0.9579554740613481
Case64_8;0;8;1;0.9999999999999148;0.8320659062103929;0.027586598751751068;0.027586598751751068;1.0;0.9688535033356491;0.9688535033356491
