Case ID,Actual,Prefix Length,Prediction,Prediction Probability
Case101_4,0,4,0,1.0
Case125_4,0,4,1,0.5232988637491162
Case163_4,1,4,1,1.0
Case229_4,0,4,0,0.9999999948884977
Case265_4,0,4,0,1.0
Case267_4,1,4,1,1.0
Case38_4,1,4,1,1.0
Case53_4,1,4,0,0.99999999999892
