Case ID,Actual,Prefix Length,Prediction,Prediction Probability
Case11_9,1,9,1,0.970073048757577
Case122_9,0,9,0,1.0
Case12_9,0,9,0,1.0
Case25_9,1,9,1,0.9999523714728505
Case266_9,1,9,1,0.9999998997396965
Case28_9,1,9,1,0.9999999999532463
Case46_9,0,9,0,1.0
Case72_9,0,9,0,1.0
