Case ID;Actual;Prefix Length;Prediction;Prediction Probability;SHAP Subset Stability;SHAP Weight Stability;SHAP Adjusted Weight Stability
Case103_8;1;8;1;1.0;0.7838107324147934;0.6925157542792044;0.6925157542792044
Case106_8;0;8;0;1.0;1.0;0.9077792351316128;0.9077792351316128
Case11_8;1;8;0;0.9430685544444606;0.8320659062103929;-8.348425471242312;-8.348425471242312
Case223_8;0;8;0;0.9999999999999716;0.8320659062103929;-6.239412009899369;-6.239412009899369
Case225_8;1;8;0;1.0;0.8320659062103929;-6.858600835797547;-6.858600835797547
Case250_8;0;8;0;1.0;1.0;0.9667568615952897;0.9667568615952897
Case63_8;1;8;1;1.0;0.8320659062103929;0.369646969641482;0.369646969641482
Case64_8;0;8;1;0.9999999999999148;0.8320659062103929;0.027586598751751068;0.027586598751751068
