Case ID;Actual;Prefix Length;Prediction;Prediction Probability;SHAP Subset Stability;SHAP Weight Stability;SHAP Adjusted Weight Stability;LIME Subset Stability;LIME Weight Stability;LIME Adjusted Weight Stability
AVTD_6;0;6;0;0.9993127;1.0;0.9999999999987907;0.9999999999987907;-0.14389945964022188;0.9849688500314098;0.9849688500314098
FRUD_6;0;6;0;1.0;1.0;0.9999999999999232;0.9999999999999232;-0.13560420851360666;0.9741870981293204;0.9741870981293204
FZYD_6;0;6;0;0.9999998999999999;1.0;0.9999999999998586;0.9999999999998586;-0.1291524739567682;0.9853477347415803;0.9853477347415803
ITCE_6;1;6;1;0.99998915;1.0;0.9999999999994184;0.9999999999994184;-0.0648361379947402;0.9798061231313765;0.9798061231313765
MRVD_6;1;6;0;0.9999918;1.0;0.9999999999999823;0.9999999999999823;-0.13599050159526715;0.9903831611373575;0.9903831611373575
NJPD_6;1;6;0;0.9999993;1.0;0.9999999999999992;0.9999999999999992;-0.1566663607596832;0.9880007193318444;0.9880007193318444
WODE_6;0;6;0;0.9999998;1.0;1.0;1.0;-0.13903877332872216;0.9892222346891408;0.9892222346891408
ZNND_6;1;6;0;0.9999995999999999;1.0;0.9999999999999609;0.9999999999999609;-0.14224362408325697;0.9896727976870401;0.9896727976870401
