Case ID,Actual,Prefix Length,Prediction,Prediction Probability
AZIE_3,0,3,0,0.9958635
DHQD_3,1,3,0,0.6501479
EJSD_3,1,3,0,0.9748739
FHAE_3,1,3,0,0.99973184
GVTD_3,0,3,0,0.99996215
TUOD_3,0,3,0,1.0
UQUD_3,0,3,0,0.9999999
WRYD_3,1,3,1,0.99913234
