Case ID,Actual,Prefix Length,Prediction,Prediction Probability
AIYD_4,1,4,0,0.99981135
AJIE_4,0,4,0,0.9996049
HOME_4,1,4,1,0.98576385
HVSD_4,0,4,0,0.9983441
ONQD_4,0,4,0,0.99995
PRMD_4,1,4,0,0.9381949
SNUD_4,1,4,1,0.71561074
WRHE_4,0,4,0,0.9950208
