Case ID;Actual;Prefix Length;Prediction;Prediction Probability;SHAP Subset Stability;SHAP Weight Stability;SHAP Adjusted Weight Stability;LIME Subset Stability;LIME Weight Stability;LIME Adjusted Weight Stability
CLLD_14;0;14;0;0.9992612;1.0;0.999999999999869;0.999999999999869;1.0;0.9171018402844713;0.9171018402844713
DDZ_14;0;14;0;0.99850464;1.0;0.999999999999869;0.999999999999869;0.1087930737539845;0.9686098588066685;0.9686098588066685
DPTC_14;0;14;0;0.99934477;1.0;0.999999999999827;0.999999999999827;1.0;0.9695987750237748;0.9695987750237748
PBE_14;1;14;1;0.94372857;1.0;0.9999999999999062;0.9999999999999062;1.0;0.9773040188117522;0.9773040188117522
RFX_14;1;14;1;0.93769825;1.0;0.999999999999866;0.999999999999866;1.0;0.9751830605798972;0.9751830605798972
TRU_14;0;14;0;0.99312437;1.0;0.999999999999826;0.999999999999826;0.10224995304411;0.9737259413715875;0.9737259413715875
VGH_14;1;14;1;0.96434236;1.0;0.9999999999998316;0.9999999999998316;0.10462445152648836;0.9732788682155369;0.9732788682155369
WHC_14;1;14;1;0.9317514000000001;1.0;0.9999999999998704;0.9999999999998704;1.0;0.9712261087530576;0.9712261087530576
