Case ID;Actual;Prefix Length;Prediction;Prediction Probability;SHAP Subset Stability;SHAP Weight Stability;SHAP Adjusted Weight Stability;LIME Subset Stability;LIME Weight Stability;LIME Adjusted Weight Stability
IKME_9;0;9;0;0.9998915;1.0;0.9999999999992408;0.9999999999992408;0.04610009715061347;0.5838647938992798;0.5838647938992798
IOEE_9;1;9;0;0.9999950000000001;1.0;0.999999999999912;0.999999999999912;0.0314967135144647;0.29294073588049385;0.29294073588049385
JISD_9;1;9;0;0.9997431;1.0;0.9999999999998104;0.9999999999998104;0.0234079128253023;0.4675875586671414;0.4675875586671414
MJSD_9;0;9;0;0.9999931000000001;1.0;0.9999999999994263;0.9999999999994263;0.022185731459568703;0.5885961720994057;0.5885961720994057
TBXD_9;0;9;0;0.9999998999999999;1.0;0.9999999999997096;0.9999999999997096;0.021648628041004758;0.6248236518177757;0.6248236518177757
TQZD_9;0;9;0;0.9999995;1.0;0.9999999999996166;0.9999999999996166;0.002568502032316178;0.21429632100656426;0.21429632100656426
XLHE_9;1;9;0;0.9761196;1.0;0.9999999999999996;0.9999999999999996;1.0;0.5270729691482006;0.5270729691482006
YKYD_9;1;9;0;0.95046955;1.0;0.999999999999212;0.999999999999212;1.0;0.16033543079279522;0.16033543079279522
