Case ID;Actual;Prefix Length;Prediction;Prediction Probability;SHAP Subset Stability;SHAP Weight Stability;SHAP Adjusted Weight Stability
AQYD_7;1;7;0;0.9818387;1.0;0.9999999999996506;0.9999999999996506
HISD_7;1;7;1;0.87944436;1.0;0.9999999999985608;0.9999999999985608
PKLD_7;0;7;0;0.9999813;1.0;0.9999999999996692;0.9999999999996692
URID_7;1;7;0;0.9999976;1.0;0.999999999999533;0.999999999999533
WECE_7;0;7;0;0.99999815;1.0;0.9999999999996702;0.9999999999996702
WOND_7;1;7;0;1.0;1.0;0.9999999999993203;0.9999999999993203
XVUD_7;0;7;0;0.99997365;1.0;0.999999999999669;0.999999999999669
YNUD_7;0;7;0;0.9999988;1.0;0.999999999999661;0.999999999999661
