Case ID;Actual;Prefix Length;Prediction;Prediction Probability;SHAP Subset Stability;SHAP Weight Stability;SHAP Adjusted Weight Stability
BPH_11;1;11;1;0.8374355;1.0;0.9999999999996457;0.9999999999996457
BQL_11;1;11;1;0.97215414;1.0;0.9999999999996457;0.9999999999996457
FJXB_11;0;11;0;0.9999888;1.0;0.9999999999997611;0.9999999999997611
OMWD_11;0;11;0;0.9999783;1.0;0.9999999999995306;0.9999999999995306
TBA_11;1;11;1;0.9827047;1.0;0.9999999999997621;0.9999999999997621
UHM_11;0;11;0;0.99999595;1.0;0.9999999999997611;0.9999999999997611
WPRC_11;1;11;1;0.985558;1.0;0.9999999999997611;0.9999999999997611
ZLLD_11;0;11;0;0.9998115;1.0;0.9999999999995306;0.9999999999995306
