Case ID;Actual;Prefix Length;Prediction;Prediction Probability;SHAP Subset Stability;SHAP Weight Stability;SHAP Adjusted Weight Stability;LIME Subset Stability;LIME Weight Stability;LIME Adjusted Weight Stability
BTH_12;1;12;1;0.95527303;1.0;0.9999999999999988;0.9999999999999988;0.0958978427901993;0.9324632326516012;0.9324632326516012
CPQC_12;0;12;0;0.981398;1.0;1.0;1.0;0.038517716334165675;0.9213347128760928;0.9213347128760928
OUSB_12;0;12;0;0.9883445;1.0;1.0;1.0;0.06700085241992948;0.9086234070365196;0.9086234070365196
PBTC_12;1;12;1;0.98157513;1.0;1.0;1.0;0.08238320540795674;0.8958395562979643;0.8958395562979643
PUC_12;1;12;1;0.9454193000000001;1.0;0.9999999999999692;0.9999999999999692;0.040605693963225886;0.8701449622579098;0.8701449622579098
UEMA_12;0;12;0;0.99634373;1.0;1.0;1.0;0.048297745424578764;0.8911165926743478;0.8911165926743478
WECE_12;0;12;0;0.999993;1.0;1.0;1.0;0.03473763087673476;0.8901546026027427;0.8901546026027427
WPRC_12;1;12;1;0.9941473;1.0;1.0;1.0;0.08037037037037043;0.9102662820729728;0.9102662820729728
