Case ID;Actual;Prefix Length;Prediction;Prediction Probability;SHAP Subset Stability;SHAP Weight Stability;SHAP Adjusted Weight Stability
DHM_13;0;13;0;0.99996376;1.0;0.9999999999994754;0.9999999999994754
EWHA_13;0;13;0;0.99996716;1.0;0.9999999999994754;0.9999999999994754
KDRA_13;0;13;0;0.9999562;1.0;0.9999999999994754;0.9999999999994754
KNZ_13;0;13;0;0.9999992;1.0;0.9999999999994754;0.9999999999994754
KUM_13;1;13;1;0.98499924;1.0;0.9999999999994754;0.9999999999994754
LHH_13;1;13;1;0.9549587;1.0;0.9999999999994754;0.9999999999994754
RFX_13;1;13;1;0.89296323;1.0;0.9999999999994754;0.9999999999994754
WHC_13;1;13;1;0.9381585;1.0;0.9999999999994754;0.9999999999994754
