Case ID;Actual;Prefix Length;Prediction;Prediction Probability;SHAP Subset Stability;SHAP Weight Stability;SHAP Adjusted Weight Stability
AVTD_6;0;6;0;0.9993127;1.0;0.9999999999987907;0.9999999999987907
FRUD_6;0;6;0;1.0;1.0;0.9999999999999231;0.9999999999999231
FZYD_6;0;6;0;0.9999999;1.0;0.9999999999998586;0.9999999999998586
ITCE_6;1;6;1;0.99998915;1.0;0.9999999999994185;0.9999999999994185
MRVD_6;1;6;0;0.9999918;1.0;0.9999999999999825;0.9999999999999825
NJPD_6;1;6;0;0.9999993;1.0;0.9999999999999993;0.9999999999999993
WODE_6;0;6;0;0.9999998;1.0;1.0;1.0
ZNND_6;1;6;0;0.9999996;1.0;0.999999999999961;0.999999999999961
