Case ID;Actual;Prefix Length;Prediction;Prediction Probability;SHAP Subset Stability;SHAP Weight Stability;SHAP Adjusted Weight Stability;LIME Subset Stability;LIME Weight Stability;LIME Adjusted Weight Stability
AZIE_3;0;3;0;0.9958635;1.0;0.999999999999076;0.999999999999076;-0.1852077553125291;0.9890868708446614;0.9890868708446614
DHQD_3;1;3;0;0.6501479;1.0;0.9999999999995388;0.9999999999995388;-0.1781753762783198;0.986277330799152;0.986277330799152
EJSD_3;1;3;0;0.9748739;1.0;1.0;1.0;-0.18105646493788274;0.980715311309745;0.980715311309745
FHAE_3;1;3;0;0.99973184;1.0;1.0;1.0;-0.1800667468423307;0.9874342469910689;0.9874342469910689
GVTD_3;0;3;0;0.99996215;1.0;1.0;1.0;-0.18207665927488015;0.9911894336958034;0.9911894336958034
TUOD_3;0;3;0;1.0;1.0;0.9999999999999996;0.9999999999999996;-0.18332702401509238;0.9754880300767708;0.9754880300767708
UQUD_3;0;3;0;0.9999998999999999;1.0;0.9999999999999984;0.9999999999999984;-0.1839893291595267;0.9884835660965635;0.9884835660965635
WRYD_3;1;3;1;0.99913234;1.0;1.0;1.0;-0.17443008797918425;0.9876827202480188;0.9876827202480188
