Case ID;Actual;Prefix Length;Prediction;Prediction Probability;SHAP Subset Stability;SHAP Weight Stability;SHAP Adjusted Weight Stability
CLLD_14;0;14;0;0.9992612;1.0;0.999999999999869;0.999999999999869
DDZ_14;0;14;0;0.99850464;1.0;0.999999999999869;0.999999999999869
DPTC_14;0;14;0;0.99934477;1.0;0.999999999999827;0.999999999999827
PBE_14;1;14;1;0.94372857;1.0;0.9999999999999062;0.9999999999999062
RFX_14;1;14;1;0.93769825;1.0;0.9999999999998661;0.9999999999998661
TRU_14;0;14;0;0.99312437;1.0;0.9999999999998259;0.9999999999998259
VGH_14;1;14;1;0.96434236;1.0;0.9999999999998316;0.9999999999998316
WHC_14;1;14;1;0.9317514;1.0;0.9999999999998703;0.9999999999998703
