Case ID;Actual;Prefix Length;Prediction;Prediction Probability;SHAP Subset Stability;SHAP Weight Stability;SHAP Adjusted Weight Stability;LIME Subset Stability;LIME Weight Stability;LIME Adjusted Weight Stability
DHM_13;0;13;0;0.99996376;1.0;0.9999999999994754;0.9999999999994754;0.05025687352333663;-0.018905581517751457;-0.018905581517751457
EWHA_13;0;13;0;0.99996716;1.0;0.9999999999994754;0.9999999999994754;0.0897348349547199;0.33038875936682044;0.33038875936682044
KDRA_13;0;13;0;0.9999562;1.0;0.9999999999994754;0.9999999999994754;0.06060101945550167;-0.08270317395469906;-0.08270317395469906
KNZ_13;0;13;0;0.9999992;1.0;0.9999999999994754;0.9999999999994754;0.1241940770344997;0.6026399501491915;0.6026399501491915
KUM_13;1;13;1;0.98499924;1.0;0.9999999999994754;0.9999999999994754;0.07374399575301549;0.4767976410962719;0.4767976410962719
LHH_13;1;13;1;0.9549586999999999;1.0;0.9999999999994754;0.9999999999994754;0.0866708099075334;0.5588002658611038;0.5588002658611038
RFX_13;1;13;1;0.89296323;1.0;0.9999999999994754;0.9999999999994754;0.11681479362623559;0.3885762744531004;0.3885762744531004
WHC_13;1;13;1;0.9381584999999999;1.0;0.9999999999994754;0.9999999999994754;0.06119849443782732;0.5443659376165146;0.5443659376165146
