Case ID,Actual,Prefix Length,Prediction,Prediction Probability
AQYD_7,1,7,0,0.9818387
HISD_7,1,7,1,0.87944436
PKLD_7,0,7,0,0.9999813
URID_7,1,7,0,0.9999976
WECE_7,0,7,0,0.99999815
WOND_7,1,7,0,1.0
XVUD_7,0,7,0,0.99997365
YNUD_7,0,7,0,0.9999988
