Case ID;Actual;Prefix Length;Prediction;Prediction Probability;SHAP Subset Stability;SHAP Weight Stability;SHAP Adjusted Weight Stability
CZND_5;0;5;0;0.99999094;1.0;0.9999999999997363;0.9999999999997363
FOCE_5;0;5;0;0.9899934;1.0;1.0;1.0
LJOE_5;1;5;0;0.99976146;1.0;0.9999999999999791;0.9999999999999791
PXUD_5;0;5;0;0.9392216;1.0;1.0;1.0
RDBE_5;1;5;1;0.9220383;1.0;1.0;1.0
SDBE_5;1;5;1;0.83606184;1.0;1.0;1.0
TTZD_5;1;5;1;0.8752815;1.0;0.9999999999998193;0.9999999999998193
WSOD_5;0;5;0;0.999982;1.0;1.0;1.0
