Case ID,Actual,Prefix Length,Prediction,Prediction Probability
DCLD_2,0,2,0,0.5116677
EXCE_2,1,2,0,0.9925655
FBFE_2,0,2,0,0.9999612
JLYD_2,1,2,1,1.0
KSOD_2,0,2,0,0.99905884
MTVD_2,0,2,0,0.99993765
WVLE_2,1,2,1,0.99999845
YSXD_2,1,2,1,0.9999995
