Case ID;Actual;Prefix Length;Prediction;Prediction Probability;SHAP Subset Stability;SHAP Weight Stability;SHAP Adjusted Weight Stability
IWBE_8;0;8;0;0.99871796;1.0;0.9999999999997369;0.9999999999997369
MRVD_8;1;8;0;0.91380584;1.0;0.9999999999999059;0.9999999999999059
OTRD_8;0;8;0;0.9795032;1.0;0.9999999999995314;0.9999999999995314
PNSD_8;0;8;0;0.9999965;1.0;0.9999999999999781;0.9999999999999781
UQWD_8;1;8;0;0.9999957;1.0;0.9999999999990472;0.9999999999990472
WDBE_8;1;8;1;0.52081114;1.0;0.9999999999999997;0.9999999999999997
XLHE_8;1;8;0;0.9981786;1.0;1.0;1.0
YTWD_8;0;8;0;0.9970162;1.0;0.9999999999995454;0.9999999999995454
