Case ID,Actual,Prefix Length,Prediction,Prediction Probability
CLLD_14,0,14,0,0.9992612
DDZ_14,0,14,0,0.99850464
DPTC_14,0,14,0,0.99934477
PBE_14,1,14,1,0.94372857
RFX_14,1,14,1,0.93769825
TRU_14,0,14,0,0.99312437
VGH_14,1,14,1,0.96434236
WHC_14,1,14,1,0.9317514
