Case ID;Actual;Prefix Length;Prediction;Prediction Probability;SHAP Subset Stability;SHAP Weight Stability;SHAP Adjusted Weight Stability;LIME Subset Stability;LIME Weight Stability;LIME Adjusted Weight Stability
CLQD;1;1;1;1.0;1.0;0.9999999999986362;0.9999999999986362;0.13011997560435362;0.33074560737248226;0.33074560737248226
FIFE;0;1;0;1.0;1.0;0.9999999999985584;0.9999999999985584;0.22641354390817547;0.24314837146074475;0.24314837146074475
GTBE;1;1;0;1.0;1.0;0.9999999999985708;0.9999999999985708;0.22222919034813926;-0.09006508356244769;-0.09006508356244769
JQHE;0;1;0;1.0;1.0;0.9999999999999752;0.9999999999999752;0.22714456206069966;0.15054637097750345;0.15054637097750345
MAUD;0;1;0;1.0;1.0;0.9999999999986176;0.9999999999986176;0.1267602602691742;0.40193878323721555;0.40193878323721555
PVPD;1;1;1;1.0;1.0;0.9999999999999988;0.9999999999999988;0.2632148073250197;0.24323380335741251;0.24323380335741251
VYXD;1;1;0;1.0;1.0;0.9999999999999984;0.9999999999999984;0.13185239392712045;0.535629058080922;0.535629058080922
WQCE;0;1;0;1.0;1.0;0.999999999998594;0.999999999998594;0.13185239392712045;0.4591377197232809;0.4591377197232809
