Case ID;Actual;Prefix Length;Prediction;Prediction Probability;SHAP Subset Stability;SHAP Weight Stability;SHAP Adjusted Weight Stability;LIME Subset Stability;LIME Weight Stability;LIME Adjusted Weight Stability
DCLD_2;0;2;0;0.5116677;1.0;1.0;1.0;0.19232321571119204;0.8013310335488822;0.8013310335488822
EXCE_2;1;2;0;0.9925655000000001;1.0;1.0;1.0;0.19982440585646455;0.7879532585952891;0.7879532585952891
FBFE_2;0;2;0;0.9999611999999999;1.0;1.0;1.0;0.18726126054779624;0.7515827278216627;0.7515827278216627
JLYD_2;1;2;1;1.0;1.0;0.9999999999996778;0.9999999999996778;1.0;0.6610704810763354;0.6610704810763354
KSOD_2;0;2;0;0.99905884;1.0;1.0;1.0;0.18667225432287127;0.013507561148773828;0.013507561148773828
MTVD_2;0;2;0;0.99993765;1.0;1.0;1.0;0.2036569893706034;0.7475717206713899;0.7475717206713899
WVLE_2;1;2;1;0.99999845;1.0;1.0;1.0;1.0;0.5158893916097134;0.5158893916097134
YSXD_2;1;2;1;0.9999995;1.0;1.0;1.0;1.0;0.7543309671948482;0.7543309671948482
