Case ID,Actual,Prefix Length,Prediction,Prediction Probability
BPH_11,1,11,1,0.8374355
BQL_11,1,11,1,0.97215414
FJXB_11,0,11,0,0.9999888
OMWD_11,0,11,0,0.9999783
TBA_11,1,11,1,0.9827047
UHM_11,0,11,0,0.99999595
WPRC_11,1,11,1,0.985558
ZLLD_11,0,11,0,0.9998115
