Case ID;Actual;Prefix Length;Prediction;Prediction Probability;SHAP Subset Stability;SHAP Weight Stability;SHAP Adjusted Weight Stability
AZIE_3;0;3;0;0.9958635;1.0;0.9999999999990759;0.9999999999990759
DHQD_3;1;3;0;0.6501479;1.0;0.9999999999995387;0.9999999999995387
EJSD_3;1;3;0;0.9748739;1.0;1.0;1.0
FHAE_3;1;3;0;0.99973184;1.0;1.0;1.0
GVTD_3;0;3;0;0.99996215;1.0;1.0;1.0
TUOD_3;0;3;0;1.0;1.0;0.9999999999999996;0.9999999999999996
UQUD_3;0;3;0;0.9999999;1.0;0.9999999999999983;0.9999999999999983
WRYD_3;1;3;1;0.99913234;1.0;1.0;1.0
