Case ID,Actual,Prefix Length,Prediction,Prediction Probability
CZND_5,0,5,0,0.99999094
FOCE_5,0,5,0,0.9899934
LJOE_5,1,5,0,0.99976146
PXUD_5,0,5,0,0.9392216
RDBE_5,1,5,1,0.9220383
SDBE_5,1,5,1,0.83606184
TTZD_5,1,5,1,0.8752815
WSOD_5,0,5,0,0.999982
