Case ID;Actual;Prefix Length;Prediction;Prediction Probability;SHAP Subset Stability;SHAP Weight Stability;SHAP Adjusted Weight Stability
IKME_9;0;9;0;0.9998915;1.0;0.9999999999992409;0.9999999999992409
IOEE_9;1;9;0;0.999995;1.0;0.9999999999999121;0.9999999999999121
JISD_9;1;9;0;0.9997431;1.0;0.9999999999998103;0.9999999999998103
MJSD_9;0;9;0;0.9999931;1.0;0.9999999999994265;0.9999999999994265
TBXD_9;0;9;0;0.9999999;1.0;0.9999999999997096;0.9999999999997096
TQZD_9;0;9;0;0.9999995;1.0;0.9999999999996166;0.9999999999996166
XLHE_9;1;9;0;0.9761196;1.0;0.9999999999999996;0.9999999999999996
YKYD_9;1;9;0;0.95046955;1.0;0.9999999999992121;0.9999999999992121
