Case ID,Actual,Prefix Length,Prediction,Prediction Probability
IKME_9,0,9,0,0.9998915
IOEE_9,1,9,0,0.999995
JISD_9,1,9,0,0.9997431
MJSD_9,0,9,0,0.9999931
TBXD_9,0,9,0,0.9999999
TQZD_9,0,9,0,0.9999995
XLHE_9,1,9,0,0.9761196
YKYD_9,1,9,0,0.95046955
