Case ID;Actual;Prefix Length;Prediction;Prediction Probability;SHAP Subset Stability;SHAP Weight Stability;SHAP Adjusted Weight Stability;LIME Subset Stability;LIME Weight Stability;LIME Adjusted Weight Stability
AHNC_10;0;10;0;0.99998903;1.0;0.99999999999987;0.99999999999987;0.05815014955113995;0.9479151325895526;0.9479151325895526
BPH_10;1;10;1;0.99807054;1.0;0.9999999999998164;0.9999999999998164;0.5426909773725268;0.9233119562196436;0.9233119562196436
DZI_10;0;10;0;0.9999334999999999;1.0;0.999999999999976;0.999999999999976;0.058950660095755;0.9328134445125896;0.9328134445125896
HLI_10;0;10;0;0.99996644;1.0;1.0;1.0;0.06607799852832985;0.9423820439221404;0.9423820439221404
JVGA_10;1;10;1;0.99864966;1.0;1.0;1.0;0.6871252997601918;0.8879823116993413;0.8879823116993413
NPUB_10;1;10;1;0.9990779000000001;1.0;0.9999999999999968;0.9999999999999968;0.7141359352098511;0.9274001696147807;0.9274001696147807
SHA_10;1;10;1;0.9964898000000001;1.0;0.999999999999832;0.999999999999832;0.5167168579360988;0.8892497320461469;0.8892497320461469
ULFB_10;0;10;0;0.9999815999999999;1.0;0.9999999999997919;0.9999999999997919;0.052053140096618655;0.9447233462000233;0.9447233462000233
