Case ID;Actual;Prefix Length;Prediction;Prediction Probability;SHAP Subset Stability;SHAP Weight Stability;SHAP Adjusted Weight Stability
CLQD;1;1;1;1.0;1.0;0.9999999999986362;0.9999999999986362
FIFE;0;1;0;1.0;1.0;0.9999999999985583;0.9999999999985583
GTBE;1;1;0;1.0;1.0;0.9999999999985708;0.9999999999985708
JQHE;0;1;0;1.0;1.0;0.9999999999999751;0.9999999999999751
MAUD;0;1;0;1.0;1.0;0.9999999999986176;0.9999999999986176
PVPD;1;1;1;1.0;1.0;0.9999999999999988;0.9999999999999988
VYXD;1;1;0;1.0;1.0;0.9999999999999984;0.9999999999999984
WQCE;0;1;0;1.0;1.0;0.9999999999985939;0.9999999999985939
