Case ID;Actual;Prefix Length;Prediction;Prediction Probability;SHAP Subset Stability;SHAP Weight Stability;SHAP Adjusted Weight Stability;LIME Subset Stability;LIME Weight Stability;LIME Adjusted Weight Stability
IWBE_8;0;8;0;0.99871796;1.0;0.9999999999997368;0.9999999999997368;0.11093669401497086;0.42411970471327765;0.42411970471327765
MRVD_8;1;8;0;0.91380584;1.0;0.999999999999906;0.999999999999906;0.8332599603786044;0.4237608690192527;0.4237608690192527
OTRD_8;0;8;0;0.9795031999999999;1.0;0.9999999999995314;0.9999999999995314;0.10375435676571598;0.1444616896064398;0.1444616896064398
PNSD_8;0;8;0;0.9999965000000001;1.0;0.999999999999978;0.999999999999978;0.1055604115401626;0.3080312420536171;0.3080312420536171
UQWD_8;1;8;0;0.9999957;1.0;0.9999999999990472;0.9999999999990472;0.10543434104173566;0.21551407665494093;0.21551407665494093
WDBE_8;1;8;1;0.52081114;1.0;0.9999999999999996;0.9999999999999996;0.11135805418446243;0.402979708641512;0.402979708641512
XLHE_8;1;8;0;0.9981786;1.0;1.0;1.0;0.8332599603786044;0.11747192003048856;0.11747192003048856
YTWD_8;0;8;0;0.9970162;1.0;0.9999999999995454;0.9999999999995454;0.10393338643806638;0.2875654480623625;0.2875654480623625
