Case ID;Actual;Prefix Length;Prediction;Prediction Probability;SHAP Subset Stability;SHAP Weight Stability;SHAP Adjusted Weight Stability
BTH_12;1;12;1;0.95527303;1.0;0.9999999999999989;0.9999999999999989
CPQC_12;0;12;0;0.981398;1.0;1.0;1.0
OUSB_12;0;12;0;0.9883445;1.0;1.0;1.0
PBTC_12;1;12;1;0.98157513;1.0;1.0;1.0
PUC_12;1;12;1;0.9454193;1.0;0.9999999999999691;0.9999999999999691
UEMA_12;0;12;0;0.99634373;1.0;1.0;1.0
WECE_12;0;12;0;0.999993;1.0;1.0;1.0
WPRC_12;1;12;1;0.9941473;1.0;1.0;1.0
