Case ID,Actual,Prefix Length,Prediction,Prediction Probability
IWBE_8,0,8,0,0.99871796
MRVD_8,1,8,0,0.91380584
OTRD_8,0,8,0,0.9795032
PNSD_8,0,8,0,0.9999965
UQWD_8,1,8,0,0.9999957
WDBE_8,1,8,1,0.52081114
XLHE_8,1,8,0,0.9981786
YTWD_8,0,8,0,0.9970162
