Case ID;Actual;Prefix Length;Prediction;Prediction Probability;SHAP Subset Stability;SHAP Weight Stability;SHAP Adjusted Weight Stability;LIME Subset Stability;LIME Weight Stability;LIME Adjusted Weight Stability
CZND_5;0;5;0;0.99999094;1.0;0.9999999999997364;0.9999999999997364;-0.00035811152293274695;0.9817829305294268;0.9817829305294268
FOCE_5;0;5;0;0.9899934000000001;1.0;1.0;1.0;-0.01886555662134315;0.9795240042577816;0.9795240042577816
LJOE_5;1;5;0;0.99976146;1.0;0.9999999999999792;0.9999999999999792;-0.03708084549923485;0.9735748044718684;0.9735748044718684
PXUD_5;0;5;0;0.9392216;1.0;1.0;1.0;-0.00674734181045733;0.9834159538220737;0.9834159538220737
RDBE_5;1;5;1;0.9220383;1.0;1.0;1.0;0.08635974582227834;0.7035283644705274;0.7035283644705274
SDBE_5;1;5;1;0.83606184;1.0;1.0;1.0;0.09111595113385207;0.9511808791178363;0.9511808791178363
TTZD_5;1;5;1;0.8752815;1.0;0.9999999999998191;0.9999999999998191;0.06336095943772857;0.9681873245022701;0.9681873245022701
WSOD_5;0;5;0;0.9999819999999999;1.0;1.0;1.0;-0.0049207984832695395;0.9794908060727497;0.9794908060727497
