Case ID,Actual,Prefix Length,Prediction,Prediction Probability
DHM_13,0,13,0,0.99996376
EWHA_13,0,13,0,0.99996716
KDRA_13,0,13,0,0.9999562
KNZ_13,0,13,0,0.9999992
KUM_13,1,13,1,0.98499924
LHH_13,1,13,1,0.9549587
RFX_13,1,13,1,0.89296323
WHC_13,1,13,1,0.9381585
