Case ID;Actual;Prefix Length;Prediction;Prediction Probability;SHAP Subset Stability;SHAP Weight Stability;SHAP Adjusted Weight Stability;LIME Subset Stability;LIME Weight Stability;LIME Adjusted Weight Stability
AIYD_4;1;4;0;0.99981135;1.0;0.9999999999998196;0.9999999999998196;-0.1820522553379218;0.9868378697929293;0.9868378697929293
AJIE_4;0;4;0;0.9996049000000001;1.0;0.9999999999997332;0.9999999999997332;-0.19003848957195468;0.9872773000408334;0.9872773000408334
HOME_4;1;4;1;0.98576385;1.0;0.9999999999999988;0.9999999999999988;-0.20837418924856266;0.988467272283439;0.988467272283439
HVSD_4;0;4;0;0.9983440999999998;1.0;0.9999999999998028;0.9999999999998028;-0.1791164323122323;0.9885708699607343;0.9885708699607343
ONQD_4;0;4;0;0.99995;1.0;0.9999999999997979;0.9999999999997979;-0.18113380900344977;0.9863275475299024;0.9863275475299024
PRMD_4;1;4;0;0.9381949;1.0;1.0;1.0;-0.16995929912876395;0.9821282690822531;0.9821282690822531
SNUD_4;1;4;1;0.71561074;1.0;1.0;1.0;-0.18951365914520268;0.9793579796999846;0.9793579796999846
WRHE_4;0;4;0;0.9950208;1.0;0.9999999999999026;0.9999999999999026;-0.17407676122759907;0.987155280074518;0.987155280074518
