Case ID;Actual;Prefix Length;Prediction;Prediction Probability;SHAP Subset Stability;SHAP Weight Stability;SHAP Adjusted Weight Stability;LIME Subset Stability;LIME Weight Stability;LIME Adjusted Weight Stability
AQYD_7;1;7;0;0.9818386999999998;1.0;0.9999999999996506;0.9999999999996506;0.1693703528336411;0.23401195190372537;0.23401195190372537
HISD_7;1;7;1;0.87944436;1.0;0.9999999999985608;0.9999999999985608;0.17474742511558838;-0.07599736552160397;-0.07599736552160397
PKLD_7;0;7;0;0.9999813;1.0;0.9999999999996692;0.9999999999996692;0.13757462395760256;0.025590078560435714;0.025590078560435714
URID_7;1;7;0;0.9999976;1.0;0.999999999999533;0.999999999999533;0.1071660109567697;-0.2225348071969182;-0.2225348071969182
WECE_7;0;7;0;0.99999815;1.0;0.9999999999996702;0.9999999999996702;0.15882341549612056;-0.8544176536956023;-0.8544176536956023
WOND_7;1;7;0;1.0;1.0;0.9999999999993204;0.9999999999993204;0.16593916353292593;-0.11109326734703995;-0.11109326734703995
XVUD_7;0;7;0;0.99997365;1.0;0.999999999999669;0.999999999999669;0.1621465106300537;0.3544257986150544;0.3544257986150544
YNUD_7;0;7;0;0.9999988000000001;1.0;0.9999999999996608;0.9999999999996608;0.14357693820657058;-0.05569059660143649;-0.05569059660143649
