Case ID;Actual;Prefix Length;Prediction;Prediction Probability;SHAP Subset Stability;SHAP Weight Stability;SHAP Adjusted Weight Stability
AIYD_4;1;4;0;0.99981135;1.0;0.9999999999998195;0.9999999999998195
AJIE_4;0;4;0;0.9996049;1.0;0.9999999999997331;0.9999999999997331
HOME_4;1;4;1;0.98576385;1.0;0.9999999999999989;0.9999999999999989
HVSD_4;0;4;0;0.9983441;1.0;0.9999999999998027;0.9999999999998027
ONQD_4;0;4;0;0.99995;1.0;0.999999999999798;0.999999999999798
PRMD_4;1;4;0;0.9381949;1.0;1.0;1.0
SNUD_4;1;4;1;0.71561074;1.0;1.0;1.0
WRHE_4;0;4;0;0.9950208;1.0;0.9999999999999026;0.9999999999999026
