Case ID;Actual;Prefix Length;Prediction;Prediction Probability;SHAP Subset Stability;SHAP Weight Stability;SHAP Adjusted Weight Stability
AHNC_10;0;10;0;0.99998903;1.0;0.9999999999998701;0.9999999999998701
BPH_10;1;10;1;0.99807054;1.0;0.9999999999998165;0.9999999999998165
DZI_10;0;10;0;0.9999335;1.0;0.9999999999999759;0.9999999999999759
HLI_10;0;10;0;0.99996644;1.0;1.0;1.0
JVGA_10;1;10;1;0.99864966;1.0;0.9999999999999999;0.9999999999999999
NPUB_10;1;10;1;0.9990779;1.0;0.9999999999999969;0.9999999999999969
SHA_10;1;10;1;0.9964898;1.0;0.9999999999998321;0.9999999999998321
ULFB_10;0;10;0;0.9999816;1.0;0.999999999999792;0.999999999999792
