Case ID,Actual,Prefix Length,Prediction,Prediction Probability
AHNC_10,0,10,0,0.99998903
BPH_10,1,10,1,0.99807054
DZI_10,0,10,0,0.9999335
HLI_10,0,10,0,0.99996644
JVGA_10,1,10,1,0.99864966
NPUB_10,1,10,1,0.9990779
SHA_10,1,10,1,0.9964898
ULFB_10,0,10,0,0.9999816
