Case ID;Actual;Prefix Length;Prediction;Prediction Probability;SHAP Subset Stability;SHAP Weight Stability;SHAP Adjusted Weight Stability;LIME Subset Stability;LIME Weight Stability;LIME Adjusted Weight Stability
BPH_11;1;11;1;0.8374355;1.0;0.9999999999996456;0.9999999999996456;0.475675470806329;0.463716139870993;0.463716139870993
BQL_11;1;11;1;0.97215414;1.0;0.9999999999996456;0.9999999999996456;0.4995318352059923;0.3299583189092208;0.3299583189092208
FJXB_11;0;11;0;0.9999888000000001;1.0;0.9999999999997612;0.9999999999997612;0.14739813111440414;0.3352313047823966;0.3352313047823966
OMWD_11;0;11;0;0.9999783000000001;1.0;0.9999999999995306;0.9999999999995306;0.4639346892927346;0.24424373961414036;0.24424373961414036
TBA_11;1;11;1;0.9827046999999999;1.0;0.999999999999762;0.999999999999762;0.18743996244031813;0.11036497264251943;0.11036497264251943
UHM_11;0;11;0;0.99999595;1.0;0.9999999999997612;0.9999999999997612;0.16224870303880967;0.5582924505013869;0.5582924505013869
WPRC_11;1;11;1;0.985558;1.0;0.9999999999997612;0.9999999999997612;0.13066065580514696;0.06618681584495689;0.06618681584495689
ZLLD_11;0;11;0;0.9998115;1.0;0.9999999999995306;0.9999999999995306;0.49969579257733887;0.5647689039532973;0.5647689039532973
