Case ID,Actual,Prefix Length,Prediction,Prediction Probability
BTH_12,1,12,1,0.95527303
CPQC_12,0,12,0,0.981398
OUSB_12,0,12,0,0.9883445
PBTC_12,1,12,1,0.98157513
PUC_12,1,12,1,0.9454193
UEMA_12,0,12,0,0.99634373
WECE_12,0,12,0,0.999993
WPRC_12,1,12,1,0.9941473
