Case ID,Actual,Prefix Length,Prediction,Prediction Probability
206240_11,0,11,0,0.5735568754158222
206357_11,0,11,1,0.611659035742883
206763_11,0,11,1,0.5456354186132888
208067_11,1,11,1,0.6083529414095654
209078_11,0,11,0,0.5198425162806637
209808_11,1,11,0,0.5949491521345649
212875_11,1,11,0,0.5084121911730252
213789_11,1,11,1,0.5078439489584605
