Case ID;Actual;Prefix Length;Prediction;Prediction Probability;SHAP Subset Stability;SHAP Weight Stability;SHAP Adjusted Weight Stability;LIME Subset Stability;LIME Weight Stability;LIME Adjusted Weight Stability;ACV Subset Stability;ACV Weight Stability;ACV Adjusted Weight Stability;LINDA Subset Stability;LINDA Weight Stability;LINDA Adjusted Weight Stability
204703_12;1;12;0;0.5426204625084496;1.0;1.0;1.0;-0.06223218018394627;0.9999999997803376;0.9999999997803376;;1.0;1.0;1.0;1.0;1.0
204847_12;0;12;1;0.6379891709563635;1.0;1.0;1.0;0.7831692451945617;0.9999999998633065;0.9999999998633065;;1.0;1.0;;1.0;1.0
204897_12;0;12;1;0.5686895857411627;1.0;1.0;1.0;0.8568744473916887;0.9999999995683708;0.9999999995683708;;1.0;1.0;;1.0;1.0
207780_12;1;12;1;0.5843484840288581;1.0;1.0;1.0;1.0;0.9999999997486344;0.9999999997486344;;1.0;1.0;;1.0;1.0
207783_12;1;12;1;0.6322238619139697;1.0;1.0;1.0;0.7786139772364643;0.9999999996907176;0.9999999996907176;;1.0;1.0;;1.0;1.0
210890_12;0;12;1;0.6290796991811815;1.0;1.0;1.0;0.1492166661556863;0.9999999997556388;0.9999999997556388;;1.0;1.0;;1.0;1.0
210987_12;1;12;1;0.5152997483438596;1.0;1.0;1.0;0.7661122661122662;0.9999999997584516;0.9999999997584516;;1.0;1.0;;1.0;1.0
212773_12;0;12;1;0.5418791197129695;1.0;1.0;1.0;1.0;0.9999999996935952;0.9999999996935952;;1.0;1.0;;1.0;1.0
