Case ID,Actual,Prefix Length,Prediction,Prediction Probability
205080_19,1,19,1,0.5732902425677666
206348_19,0,19,1,0.5926907687496198
207894_19,1,19,1,0.6199424383334157
208358_19,0,19,0,0.5621150129943839
211928_19,0,19,0,0.9997972215112435
212803_19,1,19,0,0.6170113828891284
