Case ID,Actual,Prefix Length,Prediction,Prediction Probability
204987_8,1,8,1,0.6963130414600418
205517_8,0,8,1,0.5669383701515203
206240_8,0,8,1,0.5491219487277579
207041_8,0,8,1,0.6924478641339351
208655_8,1,8,1,0.7099670137882931
209099_8,1,8,1,0.5052022688991101
211059_8,0,8,1,0.5269040953701383
212012_8,1,8,1,0.7257539790523592
