"Case ID;Actual;Prefix Length;Prediction;Prediction Probability;SHAP Subset Stability;SHAP Weight Stability;SHAP Adjusted Weight Stability";LIME Subset Stability;LIME Weight Stability;LIME Adjusted Weight Stability
"205065_5;1;5;1;0.5126035895754161;1.0;1.0;1.0";1.0;0.9981758857496638;0.9981758857496638
"205468_5;1;5;1;0.6119502522392217;1.0;1.0;1.0";1.0;0.9985179040221867;0.9985179040221867
"205565_5;1;5;1;0.6424404486480689;1.0;1.0;1.0";0.8313878080415045;0.9969102323690412;0.9969102323690412
"206621_5;0;5;1;0.6201244565610332;1.0;1.0;1.0";1.0;0.9973282127421098;0.9973282127421098
"206880_5;0;5;1;0.5928834706833177;1.0;1.0;1.0";1.0;0.9984282339761242;0.9984282339761242
"207359_5;0;5;1;0.6286664282409387;1.0;1.0;1.0";1.0;0.9983320199677581;0.9983320199677581
"209742_5;1;5;1;0.6342885066004408;1.0;1.0;1.0";1.0;0.9982847145919094;0.9982847145919094
"212563_5;0;5;1;0.6401719775598418;1.0;1.0;1.0";0.8313878080415045;0.9968668917383945;0.9968668917383945
