"Case ID;Actual;Prefix Length;Prediction;Prediction Probability;SHAP Subset Stability;SHAP Weight Stability;SHAP Adjusted Weight Stability";LIME Subset Stability;LIME Weight Stability;LIME Adjusted Weight Stability
"206240_11;0;11;0;0.5735568754158222;1.0;1.0;1.0";0.8097577696526508;0.9999999979539541;0.9999999979539541
"206357_11;0;11;1;0.611659035742883;1.0;1.0;1.0";0.8097577696526508;0.9999999979297324;0.9999999979297324
"206763_11;0;11;1;0.5456354186132888;1.0;1.0;1.0";0.8097577696526508;0.999999999171751;0.999999999171751
"208067_11;1;11;1;0.6083529414095654;1.0;1.0;1.0";0.8097577696526508;0.9999999977053724;0.9999999977053724
"209078_11;0;11;0;0.5198425162806637;1.0;1.0;1.0";0.7829770594369134;0.999999997924162;0.999999997924162
"209808_11;1;11;0;0.5949491521345649;1.0;1.0;1.0";0.831511839708561;0.9999999964787708;0.9999999964787708
"212875_11;1;11;0;0.5084121911730252;1.0;1.0;1.0";0.6382950990615225;0.9999999986285848;0.9999999986285848
"213789_11;1;11;1;0.5078439489584605;1.0;1.0;1.0";0.5963636363636364;0.9999999983322871;0.9999999983322871
