Case ID,Actual,Prefix Length,Prediction,Prediction Probability
204541_14,1,14,1,0.561401524402903
205062_14,0,14,0,0.581873865413487
205864_14,0,14,0,0.5617715534548902
206132_14,0,14,0,0.5384863523430776
206333_14,0,14,0,0.5404290408014962
208529_14,1,14,1,0.5448069254049597
209422_14,1,14,1,0.5428369416728783
211287_14,1,14,1,0.5533796481856181
