"Case ID;Actual;Prefix Length;Prediction;Prediction Probability;SHAP Subset Stability;SHAP Weight Stability;SHAP Adjusted Weight Stability";LIME Subset Stability;LIME Weight Stability;LIME Adjusted Weight Stability
"205179_6;0;6;0;0.5492667493189864;1.0;1.0;1.0";0.842861378399504;0.9992471057024869;0.9992471057024869
"207560_6;0;6;1;0.5966549338932815;1.0;1.0;1.0";0.921430689199752;0.9993745102449245;0.9993745102449245
"208532_6;1;6;1;0.5099765319541837;1.0;1.0;1.0";0.9098025867937373;0.9989724370765308;0.9989724370765308
"208832_6;1;6;0;0.5169529778419422;1.0;1.0;1.0";0.8411318605557387;0.9994580926692097;0.9994580926692097
"209604_6;1;6;0;0.532655902908947;1.0;1.0;1.0";0.8714320368723215;0.9988987144396575;0.9988987144396575
"210224_6;0;6;1;0.5253732308996346;1.0;1.0;1.0";0.9293207681365576;0.9988828772098455;0.9988828772098455
"210815_6;1;6;0;0.5056624363251632;1.0;1.0;1.0";0.9330808080808081;0.9991418286642335;0.9991418286642335
"212608_6;0;6;1;0.540097900300926;1.0;1.0;1.0";0.9145787545787546;0.9991507911646429;0.9991507911646429
