Case ID;Actual;Prefix Length;Prediction;Prediction Probability;SHAP Subset Stability;SHAP Weight Stability;SHAP Adjusted Weight Stability
204703_12;1;12;0;0.5426204625084496;1.0;1.0;1.0
204847_12;0;12;1;0.6379891709563635;1.0;1.0;1.0
204897_12;0;12;1;0.5686895857411627;1.0;1.0;1.0
207780_12;1;12;1;0.5843484840288581;1.0;1.0;1.0
207783_12;1;12;1;0.6322238619139697;1.0;1.0;1.0
210890_12;0;12;1;0.6290796991811815;1.0;1.0;1.0
210987_12;1;12;1;0.5152997483438596;1.0;1.0;1.0
212773_12;0;12;1;0.5418791197129695;1.0;1.0;1.0
