Case ID;Actual;Prefix Length;Prediction;Prediction Probability;SHAP Subset Stability;SHAP Weight Stability;SHAP Adjusted Weight Stability
204924_10;1;10;1;0.5048245122823612;1.0;1.0;1.0
205340_10;0;10;0;0.5418944654158869;1.0;1.0;1.0
205379_10;0;10;1;0.5295233790004158;1.0;1.0;1.0
206309_10;1;10;0;0.5150035128688213;1.0;1.0;1.0
206369_10;0;10;0;0.5065226500082877;1.0;1.0;1.0
206883_10;1;10;0;0.6400571116106328;1.0;1.0;1.0
209664_10;0;10;0;0.5616705639804797;1.0;1.0;1.0
212917_10;1;10;0;0.5279800488031896;1.0;1.0;1.0
