Case ID,Actual,Prefix Length,Prediction,Prediction Probability
206642_4,0,4,1,0.7881219766166765
210347_4,1,4,1,0.7809309439951583
211606_4,1,4,1,0.7657536058404891
212298_4,0,4,1,0.7742404655707893
212428_4,0,4,1,0.7848159427584857
213088_4,1,4,1,0.6213570568468881
