Case ID,Actual,Prefix Length,Prediction,Prediction Probability
205385_10,1,10,0,0.6402478599446517
206615_10,1,10,1,0.5517362384480008
207044_10,0,10,0,0.628718440607978
208577_10,1,10,1,0.5286674474112688
210966_10,0,10,0,0.5672176395105655
211928_10,0,10,0,0.5313921469020519
