Case ID;Actual;Prefix Length;Prediction;Prediction Probability;SHAP Subset Stability;SHAP Weight Stability;SHAP Adjusted Weight Stability
205086_14;0;14;1;0.5196334673643291;1.0;1.0;1.0
205921_14;0;14;0;0.5660464786958526;1.0;1.0;1.0
206255_14;0;14;0;0.5238891501064724;1.0;1.0;1.0
206408_14;1;14;1;0.5148363800028759;1.0;1.0;1.0
208556_14;1;14;0;0.5418996083578966;1.0;1.0;1.0
208730_14;1;14;0;0.5689556658367048;1.0;1.0;1.0
210668_14;0;14;0;0.5404060337347674;1.0;1.0;1.0
211444_14;1;14;0;0.5523301996272221;1.0;1.0;1.0
