Case ID;Actual;Prefix Length;Prediction;Prediction Probability;SHAP Subset Stability;SHAP Weight Stability;SHAP Adjusted Weight Stability
204514_4;0;4;1;0.7850089717389556;1.0;1.0;1.0
205433_4;0;4;1;0.7328751370238031;1.0;1.0;1.0
205954_4;1;4;1;0.6939423112160845;1.0;1.0;1.0
206453_4;1;4;1;0.7891045583084918;1.0;1.0;1.0
206483_4;1;4;1;0.7861234956549675;1.0;1.0;1.0
206519_4;1;4;1;0.7844961590094311;1.0;1.0;1.0
207143_4;0;4;1;0.7687965988664899;1.0;1.0;1.0
209090_4;0;4;1;0.7621252919518361;1.0;1.0;1.0
