Case ID,Actual,Prefix Length,Prediction,Prediction Probability
205179_6,0,6,0,0.5492667493189864
207560_6,0,6,1,0.5966549338932815
208532_6,1,6,1,0.5099765319541837
208832_6,1,6,0,0.5169529778419422
209604_6,1,6,0,0.532655902908947
210224_6,0,6,1,0.5253732308996346
210815_6,1,6,0,0.5056624363251632
212608_6,0,6,1,0.540097900300926
