Case ID;Actual;Prefix Length;Prediction;Prediction Probability;SHAP Subset Stability;SHAP Weight Stability;SHAP Adjusted Weight Stability
205065_5;1;5;1;0.5126035895754161;1.0;1.0;1.0
205468_5;1;5;1;0.6119502522392217;1.0;1.0;1.0
205565_5;1;5;1;0.6424404486480689;1.0;1.0;1.0
206621_5;0;5;1;0.6201244565610332;1.0;1.0;1.0
206880_5;0;5;1;0.5928834706833177;1.0;1.0;1.0
207359_5;0;5;1;0.6286664282409387;1.0;1.0;1.0
209742_5;1;5;1;0.6342885066004408;1.0;1.0;1.0
212563_5;0;5;1;0.6401719775598418;1.0;1.0;1.0
