Case ID,Actual,Prefix Length,Prediction,Prediction Probability
206351_5,1,5,1,0.6492978197431819
206576_5,0,5,1,0.614834885447737
207119_5,0,5,1,0.6195594587161877
207215_5,1,5,1,0.6028199840611308
209607_5,0,5,1,0.6482821560116583
212917_5,1,5,1,0.5752328584929898
