Case ID;Actual;Prefix Length;Prediction;Prediction Probability;SHAP Subset Stability;SHAP Weight Stability;SHAP Adjusted Weight Stability;LIME Subset Stability;LIME Weight Stability;LIME Adjusted Weight Stability;ACV Subset Stability;ACV Weight Stability;ACV Adjusted Weight Stability;LINDA Subset Stability;LINDA Weight Stability;LINDA Adjusted Weight Stability
204793_2;0;2;0;0.5091657994492791;1.0;1.0;1.0;1.0;0.9946319928502108;0.9946319928502108;;1.0;1.0;1.0;1.0;1.0
205041_2;1;2;0;0.5486265018567177;1.0;1.0;1.0;1.0;0.9968118719546928;0.9968118719546928;;1.0;1.0;1.0;1.0;1.0
205385_2;1;2;0;0.5287326646392636;1.0;1.0;1.0;1.0;0.9981498874816696;0.9981498874816696;;1.0;1.0;1.0;1.0;1.0
205797_2;0;2;0;0.5653851160838128;1.0;1.0;1.0;1.0;0.9980779794937092;0.9980779794937092;;1.0;1.0;1.0;1.0;1.0
206438_2;1;2;0;0.5259655675775421;1.0;1.0;1.0;1.0;0.9978486258536012;0.9978486258536012;;1.0;1.0;1.0;1.0;1.0
206615_2;1;2;0;0.5112931514512963;1.0;1.0;1.0;1.0;0.9984700312316648;0.9984700312316648;;1.0;1.0;1.0;1.0;1.0
206672_2;0;2;0;0.5790554796912413;1.0;1.0;1.0;1.0;0.9994257715610704;0.9994257715610704;;1.0;1.0;1.0;1.0;1.0
212118_2;0;2;0;0.5314980873731076;1.0;1.0;1.0;1.0;0.9976443331848264;0.9976443331848264;;1.0;1.0;1.0;1.0;1.0
