Case ID,Actual,Prefix Length,Prediction,Prediction Probability
204730_8,0,8,1,0.6245555223333156
206621_8,0,8,1,0.6927507381654978
207572_8,0,8,1,0.603001560079976
209505_8,1,8,1,0.599233512669562
210206_8,1,8,1,0.6143914327835825
212052_8,1,8,1,0.6582667688411411
212346_8,0,8,1,0.6283120930833447
213672_8,1,8,1,0.5753302440620214
