Case ID,Actual,Prefix Length,Prediction,Prediction Probability
206315_13,0,13,1,0.5817165688698235
206754_13,0,13,1,0.5029050532502894
206865_13,1,13,1,0.521226992924024
206952_13,0,13,0,0.5480018253544603
207852_13,1,13,1,0.5858715735059253
211507_13,1,13,1,0.5118645159812854
213954_13,0,13,0,0.5709804463345689
214277_13,1,13,1,0.5504342166162324
