Case ID,Actual,Prefix Length,Prediction,Prediction Probability
205568_3,0,3,0,0.5860050893204681
206718_3,1,3,0,0.5454399595440647
207215_3,1,3,0,0.5256239322723972
207993_3,0,3,0,0.5329573445139596
209559_3,0,3,0,0.516732911225945
213822_3,1,3,0,0.580309331256472
