Case ID;Actual;Prefix Length;Prediction;Prediction Probability;SHAP Subset Stability;SHAP Weight Stability;SHAP Adjusted Weight Stability
205179_6;0;6;0;0.5492667493189864;1.0;1.0;1.0
207560_6;0;6;1;0.5966549338932815;1.0;1.0;1.0
208532_6;1;6;1;0.5099765319541837;1.0;1.0;1.0
208832_6;1;6;0;0.5169529778419422;1.0;1.0;1.0
209604_6;1;6;0;0.532655902908947;1.0;1.0;1.0
210224_6;0;6;1;0.5253732308996346;1.0;1.0;1.0
210815_6;1;6;0;0.5056624363251632;1.0;1.0;1.0
212608_6;0;6;1;0.540097900300926;1.0;1.0;1.0
