Case ID,Actual,Prefix Length,Prediction,Prediction Probability
205897_7,0,7,1,0.6396782953286761
206099_7,0,7,1,0.615970290945849
206865_7,1,7,1,0.6275818067990622
209419_7,1,7,1,0.6764077422677609
209511_7,0,7,1,0.6420900456156929
211083_7,1,7,1,0.6037526384970509
211360_7,0,7,1,0.5715017047028316
214238_7,1,7,1,0.6246810272291097
