Case ID,Actual,Prefix Length,Prediction,Prediction Probability
205295_10,0,10,0,0.5692000439451079
205867_10,1,10,1,0.5139079560577039
207077_10,0,10,0,0.5057390868439644
207302_10,1,10,0,0.5121984468079486
208619_10,1,10,0,0.5737453117886228
211095_10,1,10,1,0.5465862632287448
211155_10,0,10,0,0.5161212104023851
211883_10,0,10,0,0.5062810568408845
