Case ID;Actual;Prefix Length;Prediction;Prediction Probability;SHAP Subset Stability;SHAP Weight Stability;SHAP Adjusted Weight Stability
204730_8;0;8;1;0.6245555223333156;1.0;1.0;1.0
206621_8;0;8;1;0.6927507381654978;1.0;1.0;1.0
207572_8;0;8;1;0.603001560079976;1.0;1.0;1.0
209505_8;1;8;1;0.599233512669562;1.0;1.0;1.0
210206_8;1;8;1;0.6143914327835825;1.0;1.0;1.0
212052_8;1;8;1;0.6582667688411411;1.0;1.0;1.0
212346_8;0;8;1;0.6283120930833447;1.0;1.0;1.0
213672_8;1;8;1;0.5753302440620214;1.0;1.0;1.0
