Case ID;Actual;Prefix Length;Prediction;Prediction Probability;SHAP Subset Stability;SHAP Weight Stability;SHAP Adjusted Weight Stability;LIME Subset Stability;LIME Weight Stability;LIME Adjusted Weight Stability
205876_3;0;3;0;0.5182820739575644;1.0;1.0;1.0;1.0;0.9996241827862299;0.9996241827862299
206162_3;1;3;0;0.5203381314035134;1.0;1.0;1.0;1.0;0.999727925495796;0.999727925495796
206294_3;0;3;0;0.5653742595754957;1.0;1.0;1.0;0.7865188953488372;0.9998900322753771;0.9998900322753771
207614_3;1;3;0;0.5175087271306018;1.0;1.0;1.0;1.0;0.9996691421922358;0.9996691421922358
209302_3;1;3;0;0.5684543853067844;1.0;1.0;1.0;0.7349261689909763;0.9997852623738733;0.9997852623738733
210032_3;0;3;0;0.5693231135743835;1.0;1.0;1.0;0.5032265242545618;0.9988141029260771;0.9988141029260771
210422_3;0;3;0;0.5645177153956046;1.0;1.0;1.0;0.7931858184561227;0.9998304956119266;0.9998304956119266
214052_3;1;3;0;0.524979760499749;1.0;1.0;1.0;1.0;0.9997335199358229;0.9997335199358229
