Case ID,Actual,Prefix Length,Prediction,Prediction Probability
204682_7,0,7,1,0.5602581884043052
204909_7,0,7,1,0.5855645034508797
206453_7,1,7,1,0.7077659630072051
210422_7,0,7,1,0.5887703420884223
212944_7,1,7,1,0.7137350264898829
213672_7,1,7,1,0.5905361227349026
