Case ID,Actual,Prefix Length,Prediction,Prediction Probability
207254_2,0,2,0,0.5210408668292681
208025_2,0,2,1,0.5013229848172207
208655_2,1,2,1,0.5340937337608592
210599_2,0,2,1,0.5109011806537821
211227_2,0,2,0,0.5149049709697813
211287_2,1,2,0,0.5004933593995753
211606_2,1,2,0,0.5047962269359536
212929_2,1,2,1,0.5258498829523052
