Case ID,Actual,Prefix Length,Prediction,Prediction Probability
204604_8,0,8,1,0.5699822984569575
205229_8,1,8,1,0.5258560445258369
206141_8,0,8,1,0.5827747550970157
210866_8,0,8,1,0.5771400833997123
213609_8,1,8,1,0.572062172455561
213672_8,1,8,1,0.5753302440620214
