Case ID,Actual,Prefix Length,Prediction,Prediction Probability
205583_9,0,9,0,0.5982209386050732
207488_9,0,9,1,0.5392895919796965
208310_9,0,9,0,0.6089261541681003
210119_9,1,9,0,0.518654621939316
210755_9,0,9,1,0.5904010747876258
211588_9,1,9,0,0.5549953595841166
212725_9,1,9,1,0.5839970271878291
214250_9,1,9,1,0.5581066819775514
