"Case ID;Actual;Prefix Length;Prediction;Prediction Probability;SHAP Subset Stability;SHAP Weight Stability;SHAP Adjusted Weight Stability";LIME Subset Stability;LIME Weight Stability;LIME Adjusted Weight Stability
"205367.0;0.0;1.0;0.0;0.5343462692875234;1.0;1.0;1.0";0.6167557932263815;0.9999890858323567;0.9999890858323567
"205465.0;0.0;1.0;0.0;0.5297042561961682;1.0;1.0;1.0";0.7046703296703296;0.9999390846430376;0.9999390846430376
"206291.0;1.0;1.0;0.0;0.5223936346517872;1.0;1.0;1.0";0.6105072463768115;0.9999744848136708;0.9999744848136708
"207245.0;0.0;1.0;0.0;0.5367599291225325;1.0;1.0;1.0";0.7401987110633728;0.9999921733647881;0.9999921733647881
"208247.0;1.0;1.0;0.0;0.5206922620729353;1.0;1.0;1.0";1.0;0.9999572698026123;0.9999572698026123
"208934.0;0.0;1.0;0.0;0.5457650668017162;1.0;1.0;1.0";1.0;0.9999667963348651;0.9999667963348651
"209835.0;1.0;1.0;0.0;0.5308649421264483;1.0;1.0;1.0";0.7519230769230769;0.99996351990692;0.99996351990692
"212929.0;1.0;1.0;0.0;0.5159811743208265;1.0;1.0;1.0";1.0;0.9999712307507113;0.9999712307507113
