Case ID,Actual,Prefix Length,Prediction,Prediction Probability
204859_5,1,5,1,0.5024825407081248
205791_5,0,5,1,0.5932271286933612
205969_5,0,5,1,0.6601534538253052
206456_5,1,5,1,0.5850716809607834
207632_5,0,5,1,0.6575998537337056
210149_5,1,5,1,0.561129974393243
210638_5,0,5,1,0.6907521557839474
213432_5,1,5,1,0.5727514135766024
