Case ID;Actual;Prefix Length;Prediction;Prediction Probability;SHAP Subset Stability;SHAP Weight Stability;SHAP Adjusted Weight Stability
205876_3;0;3;0;0.5182820739575644;1.0;1.0;1.0
206162_3;1;3;0;0.5203381314035134;1.0;1.0;1.0
206294_3;0;3;0;0.5653742595754957;1.0;1.0;1.0
207614_3;1;3;0;0.5175087271306018;1.0;1.0;1.0
209302_3;1;3;0;0.5684543853067844;1.0;1.0;1.0
210032_3;0;3;0;0.5693231135743835;1.0;1.0;1.0
210422_3;0;3;0;0.5645177153956046;1.0;1.0;1.0
214052_3;1;3;0;0.524979760499749;1.0;1.0;1.0
