Case ID;Actual;Prefix Length;Prediction;Prediction Probability;SHAP Subset Stability;SHAP Weight Stability;SHAP Adjusted Weight Stability;LIME Subset Stability;LIME Weight Stability;LIME Adjusted Weight Stability
206315_13;0;13;1;0.5817165688698235;1.0;1.0;1.0;0.26050021998849293;0.9978601012608852;0.9978601012608852
206754_13;0;13;1;0.5029050532502894;1.0;1.0;1.0;0.13470873786407744;0.9986961227810229;0.9986961227810229
206865_13;1;13;1;0.521226992924024;1.0;1.0;1.0;0.11027439653393833;0.9988307516663035;0.9988307516663035
206952_13;0;13;0;0.5480018253544603;1.0;1.0;1.0;0.008522539766351978;0.9983354449539678;0.9983354449539678
207852_13;1;13;1;0.5858715735059253;1.0;1.0;1.0;0.06019160558118486;0.9985815999665115;0.9985815999665115
211507_13;1;13;1;0.5118645159812854;1.0;1.0;1.0;0.27427184466019394;0.9986518043340574;0.9986518043340574
213954_13;0;13;0;0.5709804463345689;1.0;1.0;1.0;0.6405077742742198;0.9984122120895886;0.9984122120895886
214277_13;1;13;1;0.5504342166162324;1.0;1.0;1.0;0.07952010936038523;0.9986123996819641;0.9986123996819641
