Case ID,Actual,Prefix Length,Prediction,Prediction Probability
205459_12,0,12,0,0.5072402014257671
205640_12,1,12,1,0.6586451815447762
206315_12,0,12,1,0.6682188422106908
207245_12,0,12,1,0.5171375900603669
208550_12,0,12,1,0.6751162240747772
209449_12,1,12,1,0.6411538223403984
210287_12,1,12,1,0.6787796391622102
212455_12,1,12,1,0.6132222826224123
