Case ID,Actual,Prefix Length,Prediction,Prediction Probability
204703.0,1.0,1.0,0.0,0.5341457406882757
206411.0,0.0,1.0,0.0,0.5268432375502534
207753.0,0.0,1.0,0.0,0.5381178689314849
209341.0,0.0,1.0,0.0,0.541623527606236
210587.0,1.0,1.0,0.0,0.5204350995336925
214220.0,1.0,1.0,0.0,0.5321499207506071
