Case ID,Actual,Prefix Length,Prediction,Prediction Probability
205876_3,0,3,0,0.5182820739575644
206162_3,1,3,0,0.5203381314035134
206294_3,0,3,0,0.5653742595754957
207614_3,1,3,0,0.5175087271306018
209302_3,1,3,0,0.5684543853067844
210032_3,0,3,0,0.5693231135743835
210422_3,0,3,0,0.5645177153956046
214052_3,1,3,0,0.524979760499749
