Case ID,Actual,Prefix Length,Prediction,Prediction Probability
205745_6,1,6,0,0.5304571096290941
206483_6,1,6,1,0.6320148425986633
207539_6,0,6,1,0.5176051280247606
207560_6,0,6,1,0.5966549338932815
209592_6,1,6,1,0.5040883373166368
211543_6,0,6,0,0.5429531334585274
