Case ID,Actual,Prefix Length,Prediction,Prediction Probability
206198_11,1,11,0,0.5110370952088475
207662_11,0,11,1,0.5779256350114068
208418_11,0,11,1,0.5564993392217776
208958_11,1,11,1,0.5986597109717702
210386_11,1,11,1,0.6386657178343425
211155_11,0,11,1,0.5380645671982566
213300_11,1,11,1,0.6508363093834357
214034_11,0,11,1,0.6040208992584551
