Case ID;Actual;Prefix Length;Prediction;Prediction Probability;SHAP Subset Stability;SHAP Weight Stability;SHAP Adjusted Weight Stability
206315_13;0;13;1;0.5817165688698235;1.0;1.0;1.0
206754_13;0;13;1;0.5029050532502894;1.0;1.0;1.0
206865_13;1;13;1;0.521226992924024;1.0;1.0;1.0
206952_13;0;13;0;0.5480018253544603;1.0;1.0;1.0
207852_13;1;13;1;0.5858715735059253;1.0;1.0;1.0
211507_13;1;13;1;0.5118645159812854;1.0;1.0;1.0
213954_13;0;13;0;0.5709804463345689;1.0;1.0;1.0
214277_13;1;13;1;0.5504342166162324;1.0;1.0;1.0
