Case ID,Actual,Prefix Length,Prediction,Prediction Probability
205517_15,0,15,1,0.5069145274933282
206309_15,1,15,1,0.5579506016044626
206528_15,0,15,1,0.5615061010352528
207894_15,1,15,1,0.5756852710118555
209781_15,0,15,1,0.5927014082611543
211335_15,1,15,0,0.5143108161108556
