Case ID,Actual,Prefix Length,Prediction,Prediction Probability
204553_7,0,7,1,0.6957266796280906
204730_7,0,7,1,0.6938818212854333
205361_7,1,7,1,0.5932768225712722
205867_7,1,7,1,0.6793070950022381
206913_7,0,7,1,0.7165200517904838
211402_7,1,7,1,0.715733202812591
212413_7,0,7,1,0.6864940892082979
212425_7,1,7,1,0.7237746738183984
