Case ID,Actual,Prefix Length,Prediction,Prediction Probability
204808_15,0,15,1,0.5653332850554674
205149_15,1,15,0,0.5015077007467006
206510_15,1,15,0,0.5092054722952246
206754_15,0,15,1,0.5817448240262385
206910_15,1,15,1,0.6447510359550596
209269_15,0,15,1,0.5891066615055343
209706_15,0,15,1,0.5671069622260627
210008_15,1,15,0,0.6291682243271781
