Case ID;Actual;Prefix Length;Prediction;Prediction Probability;SHAP Subset Stability;SHAP Weight Stability;SHAP Adjusted Weight Stability;LIME Subset Stability;LIME Weight Stability;LIME Adjusted Weight Stability
205897_7;0;7;1;0.6396782953286761;1.0;1.0;1.0;1.0;0.9971516759529193;0.9971516759529193
206099_7;0;7;1;0.615970290945849;1.0;1.0;1.0;1.0;0.9985434104167572;0.9985434104167572
206865_7;1;7;1;0.6275818067990622;1.0;1.0;1.0;0.15446004646934042;0.9977866502980738;0.9977866502980738
209419_7;1;7;1;0.6764077422677609;1.0;1.0;1.0;0.8314606741573033;0.9984259111375983;0.9984259111375983
209511_7;0;7;1;0.6420900456156929;1.0;1.0;1.0;0.8314606741573033;0.9976402869605808;0.9976402869605808
211083_7;1;7;1;0.6037526384970509;1.0;1.0;1.0;0.8314606741573033;0.9982539596560932;0.9982539596560932
211360_7;0;7;1;0.5715017047028316;1.0;1.0;1.0;0.23295454545454553;0.9978445859868991;0.9978445859868991
214238_7;1;7;1;0.6246810272291097;1.0;1.0;1.0;1.0;0.9982206502297839;0.9982206502297839
