Case ID,Actual,Prefix Length,Prediction,Prediction Probability
205310_13,0,13,1,0.5458060894402856
206513_13,1,13,1,0.5678222664862966
207137_13,0,13,1,0.620696243219987
208022_13,0,13,1,0.5709678928020415
208607_13,1,13,1,0.6272519599032613
208778_13,1,13,1,0.61288587089529
209006_13,0,13,1,0.5757383522194496
210566_13,1,13,1,0.6414913232649222
