Case ID,Actual,Prefix Length,Prediction,Prediction Probability
204679_11,0,11,0,0.5779727846926339
205062_11,0,11,0,0.5666616714750339
205122_11,1,11,1,0.589535468877187
207248_11,1,11,1,0.5800235832519189
208421_11,1,11,1,0.5357408522690348
210581_11,0,11,1,0.5397982026121482
