Case ID;Actual;Prefix Length;Prediction;Prediction Probability;SHAP Subset Stability;SHAP Weight Stability;SHAP Adjusted Weight Stability
206240_11;0;11;0;0.5735568754158222;1.0;1.0;1.0
206357_11;0;11;1;0.611659035742883;1.0;1.0;1.0
206763_11;0;11;1;0.5456354186132888;1.0;1.0;1.0
208067_11;1;11;1;0.6083529414095654;1.0;1.0;1.0
209078_11;0;11;0;0.5198425162806637;1.0;1.0;1.0
209808_11;1;11;0;0.5949491521345649;1.0;1.0;1.0
212875_11;1;11;0;0.5084121911730252;1.0;1.0;1.0
213789_11;1;11;1;0.5078439489584605;1.0;1.0;1.0
