Case ID,Actual,Prefix Length,Prediction,Prediction Probability
204999_2,0,2,0,0.5643657174395351
205598_2,1,2,0,0.5392123647081273
206360_2,1,2,0,0.5194900028676894
206621_2,0,2,0,0.511656393506777
207044_2,0,2,0,0.5503897634474022
210969_2,1,2,0,0.5602445977392628
