Case ID,Actual,Prefix Length,Prediction,Prediction Probability
206135_17,1,17,1,0.5737287698247989
206222_17,0,17,1,0.5398735129583004
206925_17,0,17,0,0.8402260930898876
207050_17,1,17,0,0.5608456711493683
207053_17,1,17,1,0.6809920386045218
209087_17,0,17,1,0.6431496000230696
