Case ID,Actual,Prefix Length,Prediction,Prediction Probability
205367.0,0.0,1.0,0.0,0.5343462692875234
205465.0,0.0,1.0,0.0,0.5297042561961682
206291.0,1.0,1.0,0.0,0.5223936346517872
207245.0,0.0,1.0,0.0,0.5367599291225325
208247.0,1.0,1.0,0.0,0.5206922620729353
208934.0,0.0,1.0,0.0,0.5457650668017162
209835.0,1.0,1.0,0.0,0.5308649421264483
212929.0,1.0,1.0,0.0,0.5159811743208265
