Case ID,Actual,Prefix Length,Prediction,Prediction Probability
204793_2,0,2,0,0.5091657994492791
205041_2,1,2,0,0.5486265018567177
205385_2,1,2,0,0.5287326646392636
205797_2,0,2,0,0.5653851160838128
206438_2,1,2,0,0.5259655675775421
206615_2,1,2,0,0.5112931514512963
206672_2,0,2,0,0.5790554796912413
212118_2,0,2,0,0.5314980873731076
