Case ID,Actual,Prefix Length,Prediction,Prediction Probability
206216_20,0,20,0,0.5925487088252146
208172_20,1,20,1,0.5296260407166823
209078_20,0,20,0,0.5117868621381356
210197_20,1,20,1,0.5220764965957249
210668_20,0,20,0,0.9999895861460035
213822_20,1,20,1,0.5556203635435925
