Case ID,Actual,Prefix Length,Prediction,Prediction Probability
205298_14,0,14,1,0.5047539370150542
205358_14,0,14,0,0.6573090711238099
206408_14,1,14,1,0.5148363800028759
208793_14,1,14,0,0.5580297547125239
212079_14,1,14,0,0.5282984521176068
212671_14,0,14,1,0.5032898979312844
