Case ID,Actual,Prefix Length,Prediction,Prediction Probability
204472_9,0,9,0,0.5283260524669622
206880_9,0,9,0,0.5863144886106503
207254_9,0,9,0,0.5608916268687121
211083_9,1,9,0,0.6009318642760695
211263_9,1,9,0,0.622979123143907
211652_9,1,9,0,0.5481827814931451
