Case ID,Actual,Prefix Length,Prediction,Prediction Probability
204514_4,0,4,1,0.7850089717389556
205433_4,0,4,1,0.7328751370238031
205954_4,1,4,1,0.6939423112160845
206453_4,1,4,1,0.7891045583084918
206483_4,1,4,1,0.7861234956549675
206519_4,1,4,1,0.7844961590094311
207143_4,0,4,1,0.7687965988664899
209090_4,0,4,1,0.7621252919518361
