Case ID,Actual,Prefix Length,Prediction,Prediction Probability
204646_9,1,9,1,0.5466763082061856
205104_9,0,9,1,0.572654050200022
205897_9,0,9,0,0.5495321880012594
208901_9,1,9,1,0.5673074358586059
209799_9,0,9,0,0.5682931324344924
211335_9,1,9,0,0.6140806584225216
212298_9,0,9,0,0.5682738213594507
212704_9,1,9,0,0.5240313418745562
