Case ID,Actual,Prefix Length,Prediction,Prediction Probability
205065_3,1,3,0,0.5436182387248583
205649_3,0,3,1,0.5157594618805149
205969_3,0,3,1,0.5223010742446735
207212_3,0,3,1,0.5063795281988823
208451_3,1,3,1,0.5264075254369461
212524_3,0,3,0,0.5348743786337942
212944_3,1,3,1,0.5324798545708282
212950_3,1,3,1,0.5329068712383427
