Case ID,Actual,Prefix Length,Prediction,Prediction Probability
204595_16,1,16,1,0.5473379392489115
205421_16,1,16,1,0.6804382831403143
207708_16,0,16,1,0.5089446635368007
207726_16,0,16,0,0.5558397530564033
207831_16,0,16,0,0.5340458855001795
210119_16,1,16,0,0.5151748556785576
