Case ID,Actual,Prefix Length,Prediction,Prediction Probability
204544.0,0.0,1.0,1.0,0.5267075779484591
206513.0,1.0,1.0,1.0,0.5241795573064092
208343.0,0.0,1.0,1.0,0.5069861202802529
208601.0,1.0,1.0,1.0,0.5231626186109378
209380.0,0.0,1.0,0.0,0.5053265755999106
210422.0,0.0,1.0,1.0,0.5141561249551571
211955.0,1.0,1.0,1.0,0.5102488390875114
213411.0,1.0,1.0,0.0,0.5071707997831298
