Case ID,Actual,Prefix Length,Prediction,Prediction Probability
206342_18,0,18,1,0.52286603400627
206793_18,1,18,1,0.5647146224588426
207248_18,1,18,1,0.7458375031851415
209087_18,0,18,1,0.6007726044458775
209120_18,1,18,0,0.5250395362577787
213954_18,0,18,1,0.640281155647244
