Case ID,Actual,Prefix Length,Prediction,Prediction Probability
205459_12,0,12,0,0.5247743008390897
211847_12,1,12,1,0.5524692506590058
212692_12,1,12,1,0.5931788249057877
213465_12,1,12,1,0.5897974140554174
213495_12,0,12,1,0.6234589734001057
214061_12,0,12,1,0.5191952648065865
