Case ID;Actual;Prefix Length;Prediction;Prediction Probability;SHAP Subset Stability;SHAP Weight Stability;SHAP Adjusted Weight Stability
205897_7;0;7;1;0.6396782953286761;1.0;1.0;1.0
206099_7;0;7;1;0.615970290945849;1.0;1.0;1.0
206865_7;1;7;1;0.6275818067990622;1.0;1.0;1.0
209419_7;1;7;1;0.6764077422677609;1.0;1.0;1.0
209511_7;0;7;1;0.6420900456156929;1.0;1.0;1.0
211083_7;1;7;1;0.6037526384970509;1.0;1.0;1.0
211360_7;0;7;1;0.5715017047028316;1.0;1.0;1.0
214238_7;1;7;1;0.6246810272291097;1.0;1.0;1.0
