Case ID,Actual,Prefix Length,Prediction,Prediction Probability
204703_12,1,12,0,0.5426204625084496
204847_12,0,12,1,0.6379891709563635
204897_12,0,12,1,0.5686895857411627
207780_12,1,12,1,0.5843484840288581
207783_12,1,12,1,0.6322238619139697
210890_12,0,12,1,0.6290796991811815
210987_12,1,12,1,0.5152997483438596
212773_12,0,12,1,0.5418791197129695
