"Case ID;Actual;Prefix Length;Prediction;Prediction Probability;SHAP Subset Stability;SHAP Weight Stability;SHAP Adjusted Weight Stability";LIME Subset Stability;LIME Weight Stability;LIME Adjusted Weight Stability
"204730_8;0;8;1;0.6245555223333156;1.0;1.0;1.0";0.8870056497175142;0.9985551652003266;0.9985551652003266
"206621_8;0;8;1;0.6927507381654978;1.0;1.0;1.0";0.6045197740112993;0.9980068092827192;0.9980068092827192
"207572_8;0;8;1;0.603001560079976;1.0;1.0;1.0";0.6610169491525424;0.9960183904341882;0.9960183904341882
"209505_8;1;8;1;0.599233512669562;1.0;1.0;1.0";0.6610169491525424;0.9969350731883401;0.9969350731883401
"210206_8;1;8;1;0.6143914327835825;1.0;1.0;1.0";0.8096804511278195;0.9973757565048664;0.9973757565048664
"212052_8;1;8;1;0.6582667688411411;1.0;1.0;1.0";0.7962264150943397;0.9966347709900721;0.9966347709900721
"212346_8;0;8;1;0.6283120930833447;1.0;1.0;1.0";1.0;0.9977633635040396;0.9977633635040396
"213672_8;1;8;1;0.5753302440620214;1.0;1.0;1.0";0.8721590909090909;0.9985643681393428;0.9985643681393428
