Case ID,Actual,Prefix Length,Prediction,Prediction Probability
205086_13,0,13,1,0.5828532079920933
205421_13,1,13,0,0.5103278233983677
209057_13,0,13,1,0.5384768243851289
209257_13,1,13,1,0.5581065474986564
211155_13,0,13,1,0.5292695190075132
213873_13,1,13,1,0.6191481793042084
