Case ID,Actual,Prefix Length,Prediction,Prediction Probability
204541_6,1,6,1,0.563554967627795
204607_6,1,6,1,0.5999511687180468
205125_6,1,6,0,0.5201215468335398
205170_6,1,6,0,0.5137883241533119
205370_6,0,6,1,0.519727334968675
206150_6,0,6,1,0.5475858412476
206180_6,0,6,1,0.6635301954118045
206366_6,0,6,1,0.6395752134028462
