Case ID,Actual,Prefix Length,Prediction,Prediction Probability
205143_4,0,4,1,0.7732607327233764
205727_4,0,4,1,0.7800257988637791
208022_4,0,4,1,0.7380530055410024
208028_4,1,4,1,0.7816439260487601
208181_4,1,4,1,0.7853720596929054
210509_4,1,4,1,0.7991852304507641
212506_4,1,4,1,0.7006534895030865
212857_4,0,4,1,0.7964884894034727
