Case ID;Actual;Prefix Length;Prediction;Prediction Probability;SHAP Subset Stability;SHAP Weight Stability;SHAP Adjusted Weight Stability
1015_5;0;5;0;1.0;1.0;-5.015630310796462;-5.015630310796462
1030_5;1;5;1;1.0;1.0;-4.964814346328995;-4.964814346328995
1036_5;1;5;1;1.0;0.4276639875550946;-11.436000943684856;-11.436000943684856
1056_5;0;5;0;1.0;0.28457998444386823;-5.029326377840543;-5.029326377840543
925_5;1;5;1;1.0;0.4992059891107078;-16.760643187770675;-16.760643187770675
952_5;0;5;0;1.0;0.599546485260771;-11.990432383694687;-11.990432383694687
955_5;1;5;1;1.0;0.7138319937775472;-11.09189116988607;-11.09189116988607
996_5;0;5;0;1.0;0.1860250737463126;-60.52468413622054;-60.52468413622054
