Case ID;Actual;Prefix Length;Prediction;Prediction Probability;SHAP Subset Stability;SHAP Weight Stability;SHAP Adjusted Weight Stability;LIME Subset Stability;LIME Weight Stability;LIME Adjusted Weight Stability
1047_4;0;4;0;1.0;0.7216586514377317;-9.806062359769767;-9.806062359769767;0.3107913736315546;0.8622920807393413;0.8622920807393413
1050_4;1;4;1;1.0;0.8331080573702786;-6.274466716609519;-6.274466716609519;0.30179272045114003;0.927641274554678;0.927641274554678
1074_4;0;4;1;1.0;0.8331080573702786;-5.498349007220669;-5.498349007220669;0.31307642855376694;0.8912205924740872;0.8912205924740872
1077_4;1;4;1;1.0;0.7853762956286615;-7.346209797080678;-7.346209797080678;0.3163958586683895;0.8470039108434084;0.8470039108434084
1100_4;1;4;1;1.0;0.8331080573702786;-6.719600643904113;-6.719600643904113;0.3009150775694893;0.9081647790890907;0.9081647790890907
1102_4;0;4;1;1.0;1.0;-5.678784362358773;-5.678784362358773;0.3122803330531203;0.8988533194272516;0.8988533194272516
1127_4;1;4;1;0.9999920630679134;0.7853762956286615;-5.289199633612972;-5.289199633612972;0.3122803330531203;0.9224243771398085;0.9224243771398085
924_4;0;4;0;1.0;1.0;-3.286594040981189;-3.286594040981189;0.32705662785335754;0.9287373401854977;0.9287373401854977
