Case ID;Actual;Prefix Length;Prediction;Prediction Probability;SHAP Subset Stability;SHAP Weight Stability;SHAP Adjusted Weight Stability;LIME Subset Stability;LIME Weight Stability;LIME Adjusted Weight Stability
1017_12;1;12;1;1.0;1.0;0.9997433189198092;0.9997433189198092;0.5995242579723323;0.7796279093455265;0.7796279093455265
1018_12;0;12;0;1.0;1.0;0.9998169930811632;0.9998169930811632;0.5844028776978417;0.889466202809717;0.889466202809717
1050_12;1;12;1;1.0;1.0;0.9997764267681172;0.9997764267681172;0.589396422179767;0.920570262467324;0.920570262467324
1116_12;1;12;1;1.0;1.0;0.9997852904159582;0.9997852904159582;0.6011852306995772;0.924374819337626;0.924374819337626
1141_12;0;12;0;1.0;1.0;0.9997637306261224;0.9997637306261224;0.5490297182049583;0.9209704938641594;0.9209704938641594
917_12;1;12;1;1.0;1.0;0.9991628781850888;0.9991628781850888;0.5531019268255097;0.915126146823932;0.915126146823932
922_12;0;12;0;1.0;1.0;0.9998098481462451;0.9998098481462451;0.5656878683878754;0.7256536704515184;0.7256536704515184
961_12;0;12;0;1.0;1.0;0.9998119251720448;0.9998119251720448;0.5580614164324429;0.9144972443970816;0.9144972443970816
