Case ID;Actual;Prefix Length;Prediction;Prediction Probability;SHAP Subset Stability;SHAP Weight Stability;SHAP Adjusted Weight Stability
1014_14;1;14;0;1.0;1.0;0.9995433517392137;0.9995433517392137
1031_14;0;14;0;1.0;1.0;0.9998319262500097;0.9998319262500097
1042_14;1;14;1;1.0;1.0;0.9998748115730871;0.9998748115730871
1091_14;1;14;1;1.0;1.0;0.999840039240748;0.999840039240748
1098_14;0;14;0;1.0;1.0;0.9997855048715091;0.9997855048715091
1140_14;0;14;0;1.0;1.0;0.9996387524091834;0.9996387524091834
987_14;1;14;0;1.0;1.0;0.9999340298313747;0.9999340298313747
996_14;0;14;0;1.0;1.0;0.9997611481128501;0.9997611481128501
