Case ID;Actual;Prefix Length;Prediction;Prediction Probability;SHAP Subset Stability;SHAP Weight Stability;SHAP Adjusted Weight Stability;LIME Subset Stability;LIME Weight Stability;LIME Adjusted Weight Stability
1014_14;1;14;0;1.0;1.0;0.9995433517392136;0.9995433517392136;0.5408545537019886;-0.3376581248558226;-0.3376581248558226
1031_14;0;14;0;1.0;1.0;0.9998319262500096;0.9998319262500096;0.5314043667034583;0.7695675152017896;0.7695675152017896
1042_14;1;14;1;1.0;1.0;0.9998748115730872;0.9998748115730872;0.5355124234154971;0.8670688545209282;0.8670688545209282
1091_14;1;14;1;1.0;1.0;0.9998400392407479;0.9998400392407479;0.5072288244644615;0.891273942619992;0.891273942619992
1098_14;0;14;0;1.0;1.0;0.9997855048715092;0.9997855048715092;0.541963470667405;0.8370983720693335;0.8370983720693335
1140_14;0;14;0;1.0;1.0;0.9996387524091834;0.9996387524091834;0.5236880222841227;0.8896058600645096;0.8896058600645096
987_14;1;14;0;1.0;1.0;0.9999340298313748;0.9999340298313748;0.539890718672644;0.855247276828515;0.855247276828515
996_14;0;14;0;1.0;1.0;0.99976114811285;0.99976114811285;0.5593232092087927;-0.38244388289255893;-0.38244388289255893
