Case ID;Actual;Prefix Length;Prediction;Prediction Probability;SHAP Subset Stability;SHAP Weight Stability;SHAP Adjusted Weight Stability;LIME Subset Stability;LIME Weight Stability;LIME Adjusted Weight Stability
1015_5;0;5;0;1.0;1.0;-5.015630310796461;-5.015630310796461;0.3064777180300646;0.7484056369004157;0.7484056369004157
1030_5;1;5;1;1.0;1.0;-4.964814346328995;-4.964814346328995;0.23467548042140252;0.9328209629890167;0.9328209629890167
1036_5;1;5;1;1.0;0.4276639875550946;-11.436000943684855;-11.436000943684855;0.22801775912664013;0.8480185334099672;0.8480185334099672
1056_5;0;5;0;1.0;0.28457998444386823;-5.029326377840543;-5.029326377840543;0.23963474912252314;0.9292229565682616;0.9292229565682616
925_5;1;5;1;1.0;0.4992059891107078;-16.760643187770675;-16.760643187770675;0.23974310012070943;0.915512100268209;0.915512100268209
952_5;0;5;0;1.0;0.599546485260771;-11.990432383694687;-11.990432383694687;0.23334419008065188;0.9163876822670325;0.9163876822670325
955_5;1;5;1;1.0;0.7138319937775472;-11.09189116988607;-11.09189116988607;0.2414479702687251;0.8650237588218322;0.8650237588218322
996_5;0;5;0;1.0;0.1860250737463126;-60.52468413622054;-60.52468413622054;0.22738355581968384;0.9151003489311345;0.9151003489311345
