Case ID;Actual;Prefix Length;Prediction;Prediction Probability;SHAP Subset Stability;SHAP Weight Stability;SHAP Adjusted Weight Stability
1055_11;1;11;1;1.0;1.0;-12.144667562864678;-12.144667562864678
1089_11;0;11;0;1.0;1.0;-5.716349012521522;-5.716349012521522
1117_11;1;11;1;1.0;1.0;-1.0527398618926678;-1.0527398618926678
1139_11;1;11;1;1.0;1.0;0.1906832561041789;0.1906832561041789
1140_11;0;11;0;1.0;1.0;-3.237050663687816;-3.237050663687816
916_11;0;11;0;1.0;0.8331031307550644;-10.286808769236659;-10.286808769236659
941_11;1;11;1;1.0;0.8331031307550644;-9.646828014642539;-9.646828014642539
971_11;0;11;0;1.0;0.8331031307550644;-10.96043049902255;-10.96043049902255
