Case ID;Actual;Prefix Length;Prediction;Prediction Probability;SHAP Subset Stability;SHAP Weight Stability;SHAP Adjusted Weight Stability
1048_6;0;6;0;1.0;1.0;0.9954106540968487;0.9954106540968487
1092_6;0;6;0;1.0;1.0;0.9997698780063399;0.9997698780063399
1121_6;1;6;1;1.0;1.0;-0.44960256993898606;-0.44960256993898606
1126_6;1;6;1;1.0;1.0;0.08429703016526624;0.08429703016526624
932_6;0;6;0;1.0;1.0;0.8414392069834882;0.8414392069834882
962_6;1;6;1;1.0;1.0;-0.2425470219180812;-0.2425470219180812
972_6;0;6;0;1.0;1.0;0.9992417186164902;0.9992417186164902
982_6;1;6;1;1.0;1.0;-4.831989802256167;-4.831989802256167
