Case ID;Actual;Prefix Length;Prediction;Prediction Probability;SHAP Subset Stability;SHAP Weight Stability;SHAP Adjusted Weight Stability;LIME Subset Stability;LIME Weight Stability;LIME Adjusted Weight Stability
1009_8;0;8;0;1.0;1.0;0.9998080230811236;0.9998080230811236;0.25522667332687865;0.9183494671784995;0.9183494671784995
1044_8;1;8;0;1.0;1.0;0.9997794628311436;0.9997794628311436;0.2546113385911677;0.8767114418995544;0.8767114418995544
1056_8;0;8;0;1.0;1.0;0.99970110002542;0.99970110002542;0.2407296427475344;0.92253714990347;0.92253714990347
1127_8;1;8;1;1.0;1.0;0.9996928761781804;0.9996928761781804;0.2510688061225639;0.9174701433853467;0.9174701433853467
934_8;0;8;0;1.0;1.0;0.9997737796208148;0.9997737796208148;0.26045996246355096;0.9194312555998245;0.9194312555998245
947_8;0;8;0;1.0;1.0;0.9990299317857084;0.9990299317857084;0.26525234731341607;0.9347143278660612;0.9347143278660612
955_8;1;8;1;1.0;1.0;0.9996514449881412;0.9996514449881412;0.2584440154440155;0.9186881790884676;0.9186881790884676
991_8;1;8;1;1.0;1.0;0.9995430219613324;0.9995430219613324;0.25365035214861686;0.9153597648728915;0.9153597648728915
