Case ID;Actual;Prefix Length;Prediction;Prediction Probability;SHAP Subset Stability;SHAP Weight Stability;SHAP Adjusted Weight Stability;LIME Subset Stability;LIME Weight Stability;LIME Adjusted Weight Stability
1048_6;0;6;0;1.0;1.0;0.9954106540968488;0.9954106540968488;0.38360114784401056;0.5567470920884167;0.5567470920884167
1092_6;0;6;0;1.0;1.0;0.99976987800634;0.99976987800634;0.3670282032210933;0.8984246385703168;0.8984246385703168
1121_6;1;6;1;1.0;1.0;-0.4496025699389861;-0.4496025699389861;0.3819981966602717;0.9152690677555819;0.9152690677555819
1126_6;1;6;1;1.0;1.0;0.08429703016526624;0.08429703016526624;0.3696699278451352;0.910229504387769;0.910229504387769
932_6;0;6;0;1.0;1.0;0.8414392069834882;0.8414392069834882;0.38074846700996;0.8709832884038471;0.8709832884038471
962_6;1;6;1;1.0;1.0;-0.2425470219180812;-0.2425470219180812;0.3829456723768855;0.8721762684940217;0.8721762684940217
972_6;0;6;0;1.0;1.0;0.9992417186164902;0.9992417186164902;0.382085066620089;0.8517303735977536;0.8517303735977536
982_6;1;6;1;1.0;1.0;-4.831989802256167;-4.831989802256167;0.37333056968496015;0.8713361391984695;0.8713361391984695
