Case ID;Actual;Prefix Length;Prediction;Prediction Probability;SHAP Subset Stability;SHAP Weight Stability;SHAP Adjusted Weight Stability;LIME Subset Stability;LIME Weight Stability;LIME Adjusted Weight Stability
1002_7;1;7;1;1.0;1.0;0.999517560186444;0.999517560186444;0.07874406191348937;0.9153480659884777;0.9153480659884777
1003_7;0;7;0;1.0;1.0;0.9994282448395886;0.9994282448395886;0.09535164414613295;0.9284278169801242;0.9284278169801242
1036_7;1;7;1;1.0;1.0;0.9996097952485375;0.9996097952485375;0.07573738097132676;0.9317343806182149;0.9317343806182149
933_7;0;7;0;1.0;1.0;0.9999334041018628;0.9999334041018628;0.07796915608100408;0.9247942742452909;0.9247942742452909
969_7;1;7;1;1.0;1.0;0.9995428170567962;0.9995428170567962;0.07699071065407681;0.923524729937017;0.923524729937017
971_7;0;7;0;1.0;1.0;0.999922334681129;0.999922334681129;0.07796915608100419;0.9228560642213173;0.9228560642213173
973_7;0;7;0;1.0;1.0;0.9996029422645932;0.9996029422645932;0.07754234176809793;0.9026460481110746;0.9026460481110746
987_7;1;7;0;1.0;1.0;0.9999214727306416;0.9999214727306416;0.08096509132778562;0.9305977074792825;0.9305977074792825
