Case ID;Actual;Prefix Length;Prediction;Prediction Probability;SHAP Subset Stability;SHAP Weight Stability;SHAP Adjusted Weight Stability;LIME Subset Stability;LIME Weight Stability;LIME Adjusted Weight Stability
1055_11;1;11;1;1.0;1.0;-12.144667562864678;-12.144667562864678;0.2222473958902016;0.8516007617253047;0.8516007617253047
1089_11;0;11;0;1.0;1.0;-5.716349012521522;-5.716349012521522;0.22984279918864103;0.8239954695874898;0.8239954695874898
1117_11;1;11;1;1.0;1.0;-1.0527398618926678;-1.0527398618926678;0.22181191042858572;0.9119983043338704;0.9119983043338704
1139_11;1;11;1;1.0;1.0;0.1906832561041789;0.1906832561041789;0.22163180768708401;0.9265680880009564;0.9265680880009564
1140_11;0;11;0;1.0;1.0;-3.2370506636878162;-3.2370506636878162;0.21611981042052275;0.8638710941993664;0.8638710941993664
916_11;0;11;0;1.0;0.8331031307550644;-10.28680876923666;-10.28680876923666;0.21998864587534117;0.8895439326624236;0.8895439326624236
941_11;1;11;1;1.0;0.8331031307550644;-9.646828014642539;-9.646828014642539;0.21820963463056497;0.913682998902643;0.913682998902643
971_11;0;11;0;1.0;0.8331031307550644;-10.96043049902255;-10.96043049902255;0.220434747243896;0.9289527467452001;0.9289527467452001
