Case ID;Actual;Prefix Length;Prediction;Prediction Probability;SHAP Subset Stability;SHAP Weight Stability;SHAP Adjusted Weight Stability;LIME Subset Stability;LIME Weight Stability;LIME Adjusted Weight Stability
958.0;0.0;1.0;0.0;1.0;1.0;0.9999465707233768;0.9999465707233768;0.3484887479897828;0.9296128595049163;0.9296128595049163
976.0;0.0;1.0;1.0;1.0;1.0;0.9999571242412004;0.9999571242412004;0.07184856826819908;0.9468354442185601;0.9468354442185601
989.0;1.0;1.0;1.0;1.0;1.0;0.9999230500743248;0.9999230500743248;0.07438181251946441;0.9471756317601622;0.9471756317601622
1049.0;1.0;1.0;0.0;1.0;1.0;0.9999902906450984;0.9999902906450984;0.35050876813163023;0.947677903791779;0.947677903791779
1066.0;1.0;1.0;1.0;1.0;1.0;0.9999632613550812;0.9999632613550812;0.19718263669257863;0.9391380805845875;0.9391380805845875
1075.0;0.0;1.0;1.0;1.0;1.0;0.999953666792774;0.999953666792774;0.31366370714227076;0.9430720934326282;0.9430720934326282
1085.0;1.0;1.0;1.0;1.0;1.0;0.999905613063896;0.999905613063896;0.2135081093090423;0.921913483126272;0.921913483126272
1101.0;0.0;1.0;1.0;1.0;1.0;0.999895523941322;0.999895523941322;0.14804150098267732;0.8965273561190592;0.8965273561190592
