Case ID;Actual;Prefix Length;Prediction;Prediction Probability;SHAP Subset Stability;SHAP Weight Stability;SHAP Adjusted Weight Stability;LIME Subset Stability;LIME Weight Stability;LIME Adjusted Weight Stability;ACV Subset Stability;ACV Weight Stability;ACV Adjusted Weight Stability;LINDA Subset Stability;LINDA Weight Stability;LINDA Adjusted Weight Stability
205131_9;1;9;1;0.5806642196409697;1.0;0.8733447629724116;0.8733447629724116;;1.0;1.0;;1.0;1.0;;1.0;1.0
206627_9;1;9;0;0.6959577132066533;1.0;0.6248719860417333;0.6248719860417333;;1.0;1.0;;1.0;1.0;;1.0;1.0
207041_9;0;9;1;0.6689941029595279;1.0;0.8738688424968629;0.8738688424968629;;1.0;1.0;;1.0;1.0;;1.0;1.0
208118_9;1;9;0;0.6592344969698526;1.0;-1.07964622527355;-1.07964622527355;;1.0;1.0;;1.0;1.0;;1.0;1.0
208136_9;0;9;1;0.5613503150773232;1.0;0.8414201897073565;0.8414201897073565;;1.0;1.0;;1.0;1.0;;1.0;1.0
211275_9;0;9;0;0.6090541826702088;1.0;0.7116504177215034;0.7116504177215034;;1.0;1.0;;1.0;1.0;;1.0;1.0
211423_9;0;9;0;0.6595025276218675;1.0;-0.16683578924827902;-0.16683578924827902;;1.0;1.0;;1.0;1.0;;1.0;1.0
213995_9;1;9;0;0.5812713299705227;1.0;0.6377355095378643;0.6377355095378643;;1.0;1.0;;1.0;1.0;;1.0;1.0
