Case ID;Actual;Prefix Length;Prediction;Prediction Probability;SHAP Subset Stability;SHAP Weight Stability;SHAP Adjusted Weight Stability
1002_7;1;7;1;1.0;1.0;0.9995175601864439;0.9995175601864439
1003_7;0;7;0;1.0;1.0;0.9994282448395886;0.9994282448395886
1036_7;1;7;1;1.0;1.0;0.9996097952485375;0.9996097952485375
933_7;0;7;0;1.0;1.0;0.9999334041018629;0.9999334041018629
969_7;1;7;1;1.0;1.0;0.9995428170567962;0.9995428170567962
971_7;0;7;0;1.0;1.0;0.999922334681129;0.999922334681129
973_7;0;7;0;1.0;1.0;0.9996029422645932;0.9996029422645932
987_7;1;7;0;1.0;1.0;0.9999214727306416;0.9999214727306416
