Case ID;Actual;Prefix Length;Prediction;Prediction Probability;SHAP Subset Stability;SHAP Weight Stability;SHAP Adjusted Weight Stability;LIME Subset Stability;LIME Weight Stability;LIME Adjusted Weight Stability
1019_2;0;2;0;1.0;1.0;0.999949087190505;0.999949087190505;0.39037046386288976;-0.09431007785549017;-0.09431007785549017
1028_2;1;2;1;1.0;1.0;-0.3409417436333533;-0.3409417436333533;0.3834698182859466;0.9117417295924358;0.9117417295924358
1070_2;0;2;0;1.0;1.0;0.9620075070777856;0.9620075070777856;0.3942025045563805;0.9166204664353816;0.9166204664353816
1097_2;1;2;0;1.0;1.0;0.9942265432416618;0.9942265432416618;0.39786002442993795;0.9067804152570813;0.9067804152570813
1099_2;0;2;0;1.0;1.0;0.9999292470500148;0.9999292470500148;0.3875559034920424;0.910222759734029;0.910222759734029
922_2;0;2;1;1.0;1.0;0.999933292881296;0.999933292881296;0.3825606922693213;0.9299286256314625;0.9299286256314625
926_2;1;2;0;1.0;1.0;0.9962065981050732;0.9962065981050732;0.3885298580382749;-3.307247153420615;-3.307247153420615
962_2;1;2;1;1.0;1.0;-1.090417554460915;-1.090417554460915;0.3888844674359996;0.8787971238424697;0.8787971238424697
