Case ID;Actual;Prefix Length;Prediction;Prediction Probability;SHAP Subset Stability;SHAP Weight Stability;SHAP Adjusted Weight Stability
1017_12;1;12;1;1.0;1.0;0.9997433189198092;0.9997433189198092
1018_12;0;12;0;1.0;1.0;0.9998169930811632;0.9998169930811632
1050_12;1;12;1;1.0;1.0;0.9997764267681171;0.9997764267681171
1116_12;1;12;1;1.0;1.0;0.9997852904159582;0.9997852904159582
1141_12;0;12;0;1.0;1.0;0.9997637306261223;0.9997637306261223
917_12;1;12;1;1.0;1.0;0.9991628781850889;0.9991628781850889
922_12;0;12;0;1.0;1.0;0.999809848146245;0.999809848146245
961_12;0;12;0;1.0;1.0;0.9998119251720448;0.9998119251720448
