Case ID;Actual;Prefix Length;Prediction;Prediction Probability;SHAP Subset Stability;SHAP Weight Stability;SHAP Adjusted Weight Stability
958.0;0.0;1.0;0.0;1.0;1.0;0.9999465707233768;0.9999465707233768
976.0;0.0;1.0;1.0;1.0;1.0;0.9999571242412005;0.9999571242412005
989.0;1.0;1.0;1.0;1.0;1.0;0.9999230500743248;0.9999230500743248
1049.0;1.0;1.0;0.0;1.0;1.0;0.9999902906450983;0.9999902906450983
1066.0;1.0;1.0;1.0;1.0;1.0;0.9999632613550811;0.9999632613550811
1075.0;0.0;1.0;1.0;1.0;1.0;0.9999536667927741;0.9999536667927741
1085.0;1.0;1.0;1.0;1.0;1.0;0.9999056130638961;0.9999056130638961
1101.0;0.0;1.0;1.0;1.0;1.0;0.999895523941322;0.999895523941322
