Case ID;Actual;Prefix Length;Prediction;Prediction Probability;SHAP Subset Stability;SHAP Weight Stability;SHAP Adjusted Weight Stability
1009_8;0;8;0;1.0;1.0;0.9998080230811236;0.9998080230811236
1044_8;1;8;0;1.0;1.0;0.9997794628311437;0.9997794628311437
1056_8;0;8;0;1.0;1.0;0.9997011000254199;0.9997011000254199
1127_8;1;8;1;1.0;1.0;0.9996928761781805;0.9996928761781805
934_8;0;8;0;1.0;1.0;0.9997737796208149;0.9997737796208149
947_8;0;8;0;1.0;1.0;0.9990299317857084;0.9990299317857084
955_8;1;8;1;1.0;1.0;0.9996514449881412;0.9996514449881412
991_8;1;8;1;1.0;1.0;0.9995430219613324;0.9995430219613324
