Case ID;Actual;Prefix Length;Prediction;Prediction Probability;SHAP Subset Stability;SHAP Weight Stability;SHAP Adjusted Weight Stability;LIME Subset Stability;LIME Weight Stability;LIME Adjusted Weight Stability
1026_3;1;3;1;1.0;1.0;0.999874016121462;0.999874016121462;0.04392246294184721;0.9202333300942115;0.9202333300942115
1074_3;0;3;1;1.0;1.0;0.9996575585587888;0.9996575585587888;0.04107259185094603;0.9191959801872056;0.9191959801872056
1103_3;0;3;0;1.0;1.0;0.9998108877286812;0.9998108877286812;0.028880992196209432;0.9153075213098492;0.9153075213098492
1115_3;1;3;1;1.0;1.0;0.9998691121468434;0.9998691121468434;0.04107259185094603;0.8497997637944757;0.8497997637944757
1116_3;1;3;1;1.0;1.0;0.9998537468336832;0.9998537468336832;0.03485193621867855;0.8963279705900462;0.8963279705900462
1136_3;0;3;0;1.0;1.0;0.9999248925228016;0.9999248925228016;0.03300035450217742;0.8810062067292928;0.8810062067292928
957_3;1;3;1;1.0;1.0;0.9998403965566188;0.9998403965566188;0.040919144753010506;0.909420450500783;0.909420450500783
973_3;0;3;0;1.0;1.0;0.9998137480351604;0.9998137480351604;0.04362991765782254;0.9056435020163954;0.9056435020163954
