Case ID;Actual;Prefix Length;Prediction;Prediction Probability;SHAP Subset Stability;SHAP Weight Stability;SHAP Adjusted Weight Stability
1066_13;1;13;1;1.0;1.0;0.9996577999001068;0.9996577999001068
1069_13;0;13;0;1.0;1.0;0.9997564054541357;0.9997564054541357
1100_13;1;13;1;1.0;1.0;0.999794588061412;0.999794588061412
1104_13;1;13;0;1.0;1.0;0.9998426441167022;0.9998426441167022
1110_13;0;13;0;1.0;1.0;0.9999747955384937;0.9999747955384937
915_13;1;13;1;1.0;1.0;0.9999261185901261;0.9999261185901261
937_13;0;13;0;1.0;1.0;0.9999664230129403;0.9999664230129403
961_13;0;13;0;1.0;1.0;0.9998135644188911;0.9998135644188911
