Case ID;Actual;Prefix Length;Prediction;Prediction Probability;SHAP Subset Stability;SHAP Weight Stability;SHAP Adjusted Weight Stability;LIME Subset Stability;LIME Weight Stability;LIME Adjusted Weight Stability;ACV Subset Stability;ACV Weight Stability;ACV Adjusted Weight Stability;LINDA Subset Stability;LINDA Weight Stability;LINDA Adjusted Weight Stability
Case12_13;0;13;0;1.0;1.0;0.9108892830487514;0.9108892830487514;1.0;0.9748201841780201;0.9748201841780201;;1.0;1.0;;1.0;1.0
Case135_13;1;13;0;1.0;1.0;0.9418984891036988;0.9418984891036988;1.0;0.9791688142513828;0.9791688142513828;;1.0;1.0;;1.0;1.0
Case188_13;1;13;1;1.0;1.0;0.9758084927641346;0.9758084927641346;1.0;0.927629602611674;0.927629602611674;;1.0;1.0;;1.0;1.0
Case194_13;1;13;1;1.0;1.0;0.8890116558473752;0.8890116558473752;1.0;0.9607618246560644;0.9607618246560644;;1.0;1.0;;1.0;1.0
Case195_13;0;13;0;1.0;1.0;0.8654626156811637;0.8654626156811637;1.0;0.9809502138172276;0.9809502138172276;;1.0;1.0;;1.0;1.0
Case245_13;1;13;0;0.9999946578791438;1.0;0.6072790792469305;0.6072790792469305;1.0;0.9687974313438268;0.9687974313438268;;1.0;1.0;;1.0;1.0
Case89_13;0;13;0;1.0;1.0;0.7148438654616591;0.7148438654616591;1.0;0.9693555408912856;0.9693555408912856;;1.0;1.0;;1.0;1.0
Case90_13;0;13;0;1.0;1.0;0.7634774555139887;0.7634774555139887;1.0;0.9585691879691659;0.9585691879691659;;1.0;1.0;;1.0;1.0
