Case ID;Actual;Prefix Length;Prediction;Prediction Probability;SHAP Subset Stability;SHAP Weight Stability;SHAP Adjusted Weight Stability;LIME Subset Stability;LIME Weight Stability;LIME Adjusted Weight Stability
1003_9;0;9;0;1.0;1.0;0.9211277957839459;0.9211277957839459;0.2246179398517193;0.9137904624102932;0.9137904624102932
1045_9;0;9;1;1.0;1.0;0.9937966676474116;0.9937966676474116;0.21277486001202672;0.9220409659554454;0.9220409659554454
1057_9;1;9;1;1.0;1.0;0.11154272414855493;0.11154272414855493;0.21686075367673074;0.9288735805058768;0.9288735805058768
1086_9;0;9;1;1.0;1.0;0.9961075705781192;0.9961075705781192;0.20690031811141085;0.9268952139865099;0.9268952139865099
959_9;1;9;0;1.0;0.8331057502655135;-9.413657863405712;-9.413657863405712;0.21777777777777774;0.894449094569049;0.894449094569049
961_9;0;9;0;1.0;1.0;0.9936559742017756;0.9936559742017756;0.21344075332562173;0.9148870485614663;0.9148870485614663
969_9;1;9;1;1.0;1.0;0.99451242101351;0.99451242101351;0.21151731186508127;0.845169167214995;0.845169167214995
990_9;1;9;1;1.0;1.0;-5.861385987734853;-5.861385987734853;0.21405581224439807;0.9084642789235244;0.9084642789235244
