Case ID;Actual;Prefix Length;Prediction;Prediction Probability;SHAP Subset Stability;SHAP Weight Stability;SHAP Adjusted Weight Stability
1026_3;1;3;1;1.0;1.0;0.999874016121462;0.999874016121462
1074_3;0;3;1;1.0;1.0;0.9996575585587888;0.9996575585587888
1103_3;0;3;0;1.0;1.0;0.9998108877286813;0.9998108877286813
1115_3;1;3;1;1.0;1.0;0.9998691121468434;0.9998691121468434
1116_3;1;3;1;1.0;1.0;0.9998537468336832;0.9998537468336832
1136_3;0;3;0;1.0;1.0;0.9999248925228017;0.9999248925228017
957_3;1;3;1;1.0;1.0;0.9998403965566189;0.9998403965566189
973_3;0;3;0;1.0;1.0;0.9998137480351603;0.9998137480351603
