Case ID;Actual;Prefix Length;Prediction;Prediction Probability;SHAP Subset Stability;SHAP Weight Stability;SHAP Adjusted Weight Stability
1047_4;0;4;0;1.0;0.7216586514377317;-9.806062359769768;-9.806062359769768
1050_4;1;4;1;1.0;0.8331080573702786;-6.274466716609519;-6.274466716609519
1074_4;0;4;1;1.0;0.8331080573702786;-5.498349007220669;-5.498349007220669
1077_4;1;4;1;1.0;0.7853762956286615;-7.346209797080677;-7.346209797080677
1100_4;1;4;1;1.0;0.8331080573702786;-6.719600643904112;-6.719600643904112
1102_4;0;4;1;1.0;1.0;-5.678784362358772;-5.678784362358772
1127_4;1;4;1;0.9999920630679134;0.7853762956286615;-5.289199633612971;-5.289199633612971
924_4;0;4;0;1.0;1.0;-3.286594040981189;-3.286594040981189
