Case ID;Actual;Prefix Length;Prediction;Prediction Probability;SHAP Subset Stability;SHAP Weight Stability;SHAP Adjusted Weight Stability
1011_10;0;10;0;1.0;1.0;0.9567987397216777;0.9567987397216777
1030_10;1;10;0;1.0;1.0;0.14432006058116265;0.14432006058116265
1062_10;1;10;1;1.0;1.0;-0.379756988947362;-0.379756988947362
1076_10;1;10;1;1.0;1.0;-8.57397581671241;-8.57397581671241
1084_10;0;10;0;1.0;1.0;0.9381252215180703;0.9381252215180703
1140_10;0;10;0;1.0;1.0;0.9716159645550732;0.9716159645550732
976_10;0;10;1;1.0;1.0;0.9964837401678384;0.9964837401678384
986_10;1;10;1;1.0;1.0;-3.649999240687161;-3.649999240687161
