Case ID;Actual;Prefix Length;Prediction;Prediction Probability;SHAP Subset Stability;SHAP Weight Stability;SHAP Adjusted Weight Stability;LIME Subset Stability;LIME Weight Stability;LIME Adjusted Weight Stability
1011_10;0;10;0;1.0;1.0;0.9567987397216776;0.9567987397216776;0.3621274190950373;0.9221559973598952;0.9221559973598952
1030_10;1;10;0;1.0;1.0;0.14432006058116265;0.14432006058116265;0.35094730609828295;0.9190440080926563;0.9190440080926563
1062_10;1;10;1;1.0;1.0;-0.3797569889473621;-0.3797569889473621;0.34855686369705063;0.9293096466461268;0.9293096466461268
1076_10;1;10;1;1.0;1.0;-8.57397581671241;-8.57397581671241;0.34855686369705063;0.9283445910978502;0.9283445910978502
1084_10;0;10;0;1.0;1.0;0.9381252215180704;0.9381252215180704;0.349239253318814;0.92817454676428;0.92817454676428
1140_10;0;10;0;1.0;1.0;0.9716159645550732;0.9716159645550732;0.3641371127457258;0.9048826116103211;0.9048826116103211
976_10;0;10;1;1.0;1.0;0.9964837401678384;0.9964837401678384;0.3805669598449656;0.9356991539121119;0.9356991539121119
986_10;1;10;1;1.0;1.0;-3.649999240687161;-3.649999240687161;0.3474136685450081;0.93581265400636;0.93581265400636
