Case ID;Actual;Prefix Length;Prediction;Prediction Probability;SHAP Subset Stability;SHAP Weight Stability;SHAP Adjusted Weight Stability;LIME Subset Stability;LIME Weight Stability;LIME Adjusted Weight Stability
1066_13;1;13;1;1.0;1.0;0.9996577999001068;0.9996577999001068;0.429517644090576;0.8884980053118166;0.8884980053118166
1069_13;0;13;0;1.0;1.0;0.9997564054541356;0.9997564054541356;0.42542887630304527;0.8721780105183075;0.8721780105183075
1100_13;1;13;1;1.0;1.0;0.999794588061412;0.999794588061412;0.4243873153282697;0.9039842158092353;0.9039842158092353
1104_13;1;13;0;1.0;1.0;0.9998426441167022;0.9998426441167022;0.42239223719729513;0.8984748207706246;0.8984748207706246
1110_13;0;13;0;1.0;1.0;0.9999747955384936;0.9999747955384936;0.4236612423018884;0.9071791077588441;0.9071791077588441
915_13;1;13;1;1.0;1.0;0.999926118590126;0.999926118590126;0.43710339165216483;0.8744067871683088;0.8744067871683088
937_13;0;13;0;1.0;1.0;0.9999664230129404;0.9999664230129404;0.42071480544679674;0.9181943679100945;0.9181943679100945
961_13;0;13;0;1.0;1.0;0.9998135644188912;0.9998135644188912;0.4252538464313118;0.8879010670637385;0.8879010670637385
