Case ID,Actual,Prefix Length,Prediction,Prediction Probability
Case192_9,0,9,0,0.9986978047510886
Case245_9,1,9,1,0.9999814435159036
Case25_9,1,9,1,0.9982750869569038
Case269_9,0,9,0,0.9999995104802443
Case37_9,1,9,1,0.9711278063582219
Case99_9,0,9,1,0.6106965444717919
