Case ID,Actual,Prefix Length,Prediction,Prediction Probability
Case19_8,1,8,1,0.9992604677650271
Case206_8,1,8,1,0.9993379699233833
Case236_8,0,8,0,0.9997644713790262
Case245_8,1,8,1,1.0
Case251_8,0,8,0,0.9997260683972529
Case260_8,1,8,1,0.9985344211147553
Case27_8,0,8,0,0.9972556081473473
Case72_8,0,8,0,0.9999255633125089
