Case ID;Actual;Prefix Length;Prediction;Prediction Probability;SHAP Subset Stability;SHAP Weight Stability;SHAP Adjusted Weight Stability
Case188_7;1;7;1;0.9994362103207618;1.0;1.0;1.0
Case257_7;1;7;1;0.9986599328593914;1.0;1.0;1.0
Case258_7;1;7;1;0.9987265567300851;1.0;1.0;1.0
Case46_7;0;7;0;0.9991444044858098;1.0;1.0;1.0
Case55_7;1;7;1;0.9998223288937984;1.0;1.0;1.0
Case64_7;0;7;0;0.9970295918846482;1.0;1.0;1.0
Case67_7;0;7;0;0.9957859742898426;1.0;1.0;1.0
Case96_7;0;7;1;0.7016903999561093;1.0;1.0;1.0
