Case ID,Actual,Prefix Length,Prediction,Prediction Probability
Case201_15,1,15,1,0.9956305316647838
Case20_15,1,15,1,0.83928978673742
Case260_15,1,15,0,0.7502215480141797
Case27_15,0,15,0,0.9973822365243996
Case3_15,0,15,0,0.9913436793600974
Case67_15,0,15,0,0.9634238406781782
