Case ID,Actual,Prefix Length,Prediction,Prediction Probability
Case156_5,1,5,1,1.0
Case50_5,0,5,0,0.9981865637739252
Case53_5,1,5,1,0.9911356219174253
Case64_5,0,5,1,0.999998294956914
Case91_5,1,5,1,0.9999933198263213
Case9_5,0,5,0,0.9999999999247556
