Case ID;Actual;Prefix Length;Prediction;Prediction Probability;SHAP Subset Stability;SHAP Weight Stability;SHAP Adjusted Weight Stability
Case118_3;1;3;1;0.9999996557033596;1.0;1.0;1.0
Case126_3;1;3;1;0.999999999864954;1.0;1.0;1.0
Case134_3;0;3;1;0.9999999997489272;1.0;1.0;1.0
Case208_3;1;3;1;0.999982706592418;1.0;1.0;1.0
Case256_3;1;3;1;0.9916354046811182;1.0;1.0;1.0
Case269_3;0;3;0;0.97697577342012;1.0;1.0;1.0
Case46_3;0;3;0;0.9998435955984752;1.0;1.0;1.0
Case83_3;0;3;1;1.0;1.0;1.0;1.0
