Case ID,Actual,Prefix Length,Prediction,Prediction Probability
Case115_16,1,16,1,0.9379757071723385
Case249_16,1,16,1,0.8868098978529829
Case265_16,0,16,0,0.966139693726338
Case55_16,1,16,1,0.8391663899373433
Case84_16,0,16,0,0.9683965726571558
Case90_16,0,16,0,0.8503620235796326
