Case ID,Actual,Prefix Length,Prediction,Prediction Probability
Case122_8,0,8,0,0.9993806374360171
Case123_8,1,8,1,1.0
Case195_8,0,8,0,0.9995517271719978
Case229_8,0,8,0,0.9999100118057899
Case25_8,1,8,1,0.9989722684906092
Case61_8,1,8,1,0.9997278703301268
