Case ID,Actual,Prefix Length,Prediction,Prediction Probability
Case138_2,1,2,1,1.0
Case215_2,0,2,0,0.9999999989259629
Case31_2,1,2,1,1.0
Case40_2,0,2,0,0.9999999854693872
Case74_2,0,2,0,1.0
Case92_2,1,2,1,0.8661552432211138
