Case ID;Actual;Prefix Length;Prediction;Prediction Probability;SHAP Subset Stability;SHAP Weight Stability;SHAP Adjusted Weight Stability
Case174_2;1;2;1;0.999962352457092;1.0;1.0;1.0
Case211_2;0;2;0;0.999987673414134;1.0;1.0;1.0
Case241_2;1;2;1;0.7637722127870863;1.0;1.0;1.0
Case267_2;1;2;1;1.0;1.0;1.0;1.0
Case26_2;1;2;1;0.999999711035788;1.0;1.0;1.0
Case3_2;0;2;0;0.8027255642058327;1.0;1.0;1.0
Case46_2;0;2;0;0.9999999282783116;1.0;1.0;1.0
Case58_2;0;2;0;0.9998925583100948;1.0;1.0;1.0
