Case ID,Actual,Prefix Length,Prediction,Prediction Probability
Case13_4,0,4,0,0.9999979141105104
Case185_4,0,4,0,0.998002807139851
Case27_4,0,4,0,0.993212804841325
Case48_4,1,4,1,0.9999970149574725
Case63_4,1,4,1,0.9999657541243215
Case73_4,1,4,1,0.9999999999838378
Case7_4,0,4,0,0.9896121305095575
Case93_4,1,4,1,0.9950436519883378
