Case ID,Actual,Prefix Length,Prediction,Prediction Probability
Case103,1,1,0,0.9779584480450789
Case125,0,1,1,0.987261179928835
Case199,1,1,1,0.9999999999999962
Case225,1,1,0,0.9999999977347398
Case46,0,1,0,0.9940905795783516
Case71,0,1,0,0.9999613276161861
