Case ID;Actual;Prefix Length;Prediction;Prediction Probability;SHAP Subset Stability;SHAP Weight Stability;SHAP Adjusted Weight Stability;LIME Subset Stability;LIME Weight Stability;LIME Adjusted Weight Stability
Case118_3;1;3;1;0.9999996557033596;1.0;1.0;1.0;0.9709302325581395;0.979683435737374;0.979683435737374
Case126_3;1;3;1;0.999999999864954;1.0;1.0;1.0;0.9368199368199368;0.9647171040272405;0.9647171040272405
Case134_3;0;3;1;0.9999999997489272;1.0;1.0;1.0;0.9186616323907455;0.9534762944178965;0.9534762944178965
Case208_3;1;3;1;0.999982706592418;1.0;1.0;1.0;0.9186616323907455;0.9840062075082274;0.9840062075082274
Case256_3;1;3;1;0.9916354046811182;1.0;1.0;1.0;0.9511969794344473;0.9743581226080079;0.9743581226080079
Case269_3;0;3;0;0.97697577342012;1.0;1.0;1.0;1.0;0.8568073708488659;0.8568073708488659
Case46_3;0;3;0;0.9998435955984752;1.0;1.0;1.0;0.9709302325581395;0.9795055908903784;0.9795055908903784
Case83_3;0;3;1;1.0;1.0;1.0;1.0;0.9526149526149527;0.9834738541538665;0.9834738541538665
