Case ID;Actual;Prefix Length;Prediction;Prediction Probability;SHAP Subset Stability;SHAP Weight Stability;SHAP Adjusted Weight Stability
Case185_10;0;10;0;0.9960944375994476;1.0;1.0;1.0
Case192_10;0;10;0;0.9816784045254284;1.0;1.0;1.0
Case201_10;1;10;1;0.997867285975412;1.0;1.0;1.0
Case266_10;1;10;1;0.931007138199775;1.0;1.0;1.0
Case38_10;1;10;1;0.9272592919917676;1.0;1.0;1.0
Case3_10;0;10;0;0.9638122692147464;1.0;1.0;1.0
Case55_10;1;10;1;0.967793703651853;1.0;1.0;1.0
Case83_10;0;10;1;0.9999226382620124;1.0;1.0;1.0
