Case ID;Actual;Prefix Length;Prediction;Prediction Probability;SHAP Subset Stability;SHAP Weight Stability;SHAP Adjusted Weight Stability
Case178_13;0;13;0;0.992675213251068;1.0;1.0;1.0
Case194_13;1;13;1;0.99950428485442;1.0;1.0;1.0
Case223_13;0;13;0;0.9791898056289678;1.0;1.0;1.0
Case238_13;1;13;1;0.9999444297804158;1.0;1.0;1.0
Case257_13;1;13;1;0.9878922722498992;1.0;1.0;1.0
Case259_13;1;13;1;0.9999978792991084;1.0;1.0;1.0
Case3_13;0;13;0;0.9892142283466672;1.0;1.0;1.0
Case90_13;0;13;0;0.99864979145241;1.0;1.0;1.0
