Case ID,Actual,Prefix Length,Prediction,Prediction Probability
Case106_7,0,7,0,0.9999999905745933
Case225_7,1,7,1,0.9993145635709322
Case236_7,0,7,0,0.9999999906023893
Case245_7,1,7,1,0.9999999999466267
Case4_7,0,7,1,0.9998704410962262
Case63_7,1,7,1,0.9999999999999996
