Case ID,Actual,Prefix Length,Prediction,Prediction Probability
Case185_10,0,10,0,0.9960944375994476
Case192_10,0,10,0,0.9816784045254283
Case201_10,1,10,1,0.9978672859754119
Case266_10,1,10,1,0.931007138199775
Case38_10,1,10,1,0.9272592919917677
Case3_10,0,10,0,0.9638122692147464
Case55_10,1,10,1,0.967793703651853
Case83_10,0,10,1,0.9999226382620123
