Case ID,Actual,Prefix Length,Prediction,Prediction Probability
Case178_13,0,13,0,0.992675213251068
Case194_13,1,13,1,0.99950428485442
Case223_13,0,13,0,0.9791898056289678
Case238_13,1,13,1,0.9999444297804158
Case257_13,1,13,1,0.9878922722498991
Case259_13,1,13,1,0.9999978792991083
Case3_13,0,13,0,0.9892142283466671
Case90_13,0,13,0,0.99864979145241
