Case ID,Actual,Prefix Length,Prediction,Prediction Probability
Case17_6,1,6,1,0.994127627735043
Case211_6,0,6,0,0.9880577026487553
Case256_6,1,6,1,0.9984598323951387
Case266_6,1,6,1,0.9673696571268532
Case40_6,0,6,0,0.9764609731235454
Case46_6,0,6,0,0.8034442922082236
Case90_6,0,6,0,0.9357811525631906
Case95_6,1,6,1,0.9997076719215057
