Case ID,Actual,Prefix Length,Prediction,Prediction Probability
Case103_2,1,2,1,0.9999999999996791
Case129_2,0,2,0,1.0
Case163_2,1,2,1,0.9681957497788298
Case210_2,0,2,0,0.8835346516645184
Case251_2,0,2,0,0.8546360832092206
Case268_2,1,2,1,1.0
Case30_2,0,2,0,0.8392268355787043
Case59_2,1,2,0,0.9999999999984335
