Case ID,Actual,Prefix Length,Prediction,Prediction Probability
Case12_12,0,12,0,0.9244882438659906
Case155_12,0,12,0,0.9671824363392775
Case187_12,1,12,1,0.9576103824717654
Case195_12,0,12,0,0.9654003652612115
Case238_12,1,12,1,0.9464757982060039
Case245_12,1,12,1,0.8852077229933246
Case267_12,1,12,1,0.9594835044615326
Case273_12,0,12,0,0.9563999327579424
