Case ID,Actual,Prefix Length,Prediction,Prediction Probability
Case188_7,1,7,1,0.9994362103207618
Case257_7,1,7,1,0.9986599328593914
Case258_7,1,7,1,0.9987265567300853
Case46_7,0,7,0,0.9991444044858098
Case55_7,1,7,1,0.9998223288937985
Case64_7,0,7,0,0.9970295918846482
Case67_7,0,7,0,0.9957859742898426
Case96_7,0,7,1,0.7016903999561093
