Case ID,Actual,Prefix Length,Prediction,Prediction Probability
Case20_11,1,11,1,0.9984791440132199
Case249_11,1,11,0,0.9969498952023317
Case264_11,1,11,1,0.9999281956359963
Case274_11,0,11,0,0.999999996259389
Case277_11,1,11,1,0.9982147485868355
Case83_11,0,11,1,0.9932477161997341
Case89_11,0,11,0,0.9956552573403085
Case90_11,0,11,0,0.9991287052849958
