Case ID;Actual;Prefix Length;Prediction;Prediction Probability;SHAP Subset Stability;SHAP Weight Stability;SHAP Adjusted Weight Stability;LIME Subset Stability;LIME Weight Stability;LIME Adjusted Weight Stability;ACV Subset Stability;ACV Weight Stability;ACV Adjusted Weight Stability;LINDA Subset Stability;LINDA Weight Stability;LINDA Adjusted Weight Stability
Case17_6;1;6;1;0.994127627735043;1.0;1.0;1.0;1.0;0.9834345214864472;0.9834345214864472;;1.0;1.0;;1.0;1.0
Case211_6;0;6;0;0.9880577026487553;1.0;1.0;1.0;1.0;0.9823884776766496;0.9823884776766496;;1.0;1.0;;1.0;1.0
Case256_6;1;6;1;0.9984598323951388;1.0;1.0;1.0;1.0;0.9867744713670396;0.9867744713670396;;1.0;1.0;;1.0;1.0
Case266_6;1;6;1;0.9673696571268532;1.0;1.0;1.0;1.0;0.9829201681427056;0.9829201681427056;;1.0;1.0;;1.0;1.0
Case40_6;0;6;0;0.9764609731235454;1.0;1.0;1.0;0.8321048321048321;0.9857728787356752;0.9857728787356752;;1.0;1.0;;1.0;1.0
Case46_6;0;6;0;0.8034442922082236;1.0;1.0;1.0;0.7838692672641012;0.9897031998460559;0.9897031998460559;;1.0;1.0;;1.0;1.0
Case90_6;0;6;0;0.9357811525631906;1.0;1.0;1.0;0.9425528933725656;0.986282528346422;0.986282528346422;;1.0;1.0;;1.0;1.0
Case95_6;1;6;1;0.9997076719215056;1.0;1.0;1.0;1.0;0.9845296809284172;0.9845296809284172;;1.0;1.0;;1.0;1.0
