Case ID,Actual,Prefix Length,Prediction,Prediction Probability
Case103_10,1,10,1,0.9687795475424047
Case251_10,0,10,0,0.9977150110443087
Case257_10,1,10,1,0.9964916179497244
Case43_10,0,10,0,0.9685817268118783
Case44_10,1,10,1,0.9999997054385705
Case4_10,0,10,0,0.9975003173492142
Case78_10,1,10,1,0.9918764473523545
Case84_10,0,10,0,0.9999785254222593
