Case ID;Actual;Prefix Length;Prediction;Prediction Probability;SHAP Subset Stability;SHAP Weight Stability;SHAP Adjusted Weight Stability;LIME Subset Stability;LIME Weight Stability;LIME Adjusted Weight Stability;ACV Subset Stability;ACV Weight Stability;ACV Adjusted Weight Stability;LINDA Subset Stability;LINDA Weight Stability;LINDA Adjusted Weight Stability
Case185_10;0;10;0;0.9960944375994476;1.0;1.0;1.0;1.0;0.9432831088370212;0.9432831088370212;;1.0;1.0;;1.0;1.0
Case192_10;0;10;0;0.9816784045254284;1.0;1.0;1.0;1.0;0.98020639183459;0.98020639183459;;1.0;1.0;;1.0;1.0
Case201_10;1;10;1;0.997867285975412;1.0;1.0;1.0;1.0;0.9769453501288904;0.9769453501288904;;1.0;1.0;;1.0;1.0
Case266_10;1;10;1;0.9310071381997752;1.0;1.0;1.0;1.0;0.9741267772678291;0.9741267772678291;;1.0;1.0;;1.0;1.0
Case38_10;1;10;1;0.9272592919917676;1.0;1.0;1.0;0.8320659062103929;0.9697928819473312;0.9697928819473312;;1.0;1.0;;1.0;1.0
Case3_10;0;10;0;0.9638122692147464;1.0;1.0;1.0;1.0;0.8998572742517286;0.8998572742517286;;1.0;1.0;;1.0;1.0
Case55_10;1;10;1;0.967793703651853;1.0;1.0;1.0;0.8320659062103929;0.9738809332764062;0.9738809332764062;;1.0;1.0;;1.0;1.0
Case83_10;0;10;1;0.9999226382620124;1.0;1.0;1.0;0.8320659062103929;0.9756870241503599;0.9756870241503599;;1.0;1.0;;1.0;1.0
