Case ID,Actual,Prefix Length,Prediction,Prediction Probability
Case115_17,1,17,1,0.99151584655791
Case210_17,0,17,0,0.9635256787854466
Case259_17,1,17,1,0.9977568669323201
Case34_17,0,17,0,0.996150868722502
Case6_17,1,17,1,0.98874567874827
Case84_17,0,17,0,0.993469953565103
