Case ID,Actual,Prefix Length,Prediction,Prediction Probability
Case129_6,0,6,0,0.961847173167305
Case12_6,0,6,0,0.960689822698837
Case207_6,1,6,1,0.9932136318369797
Case215_6,0,6,0,0.9999720702557064
Case218_6,0,6,0,0.9803582661601129
Case240_6,1,6,1,0.9089708206723147
Case29_6,1,6,1,0.999940434649807
Case91_6,1,6,1,0.9686339016548907
