Case ID,Actual,Prefix Length,Prediction,Prediction Probability
Case119_7,0,7,1,0.9998904058015721
Case201_7,1,7,1,0.9999999773276748
Case209_7,0,7,0,0.9991802497333895
Case250_7,0,7,0,0.999996654353525
Case256_7,1,7,1,0.9999999957280277
Case258_7,1,7,1,0.9988974248270949
Case268_7,1,7,1,0.9988595924026071
Case34_7,0,7,0,0.9995558767938209
