Case ID;Actual;Prefix Length;Prediction;Prediction Probability;SHAP Subset Stability;SHAP Weight Stability;SHAP Adjusted Weight Stability
Case109;1;1;1;0.9999999999897926;1.0;1.0;1.0
Case12;0;1;0;0.7571621434937789;1.0;1.0;1.0
Case215;0;1;1;0.6903795138044146;1.0;1.0;1.0
Case34;0;1;0;0.681617580871113;1.0;1.0;1.0
Case38;1;1;1;0.9748103209214118;1.0;1.0;1.0
Case39;0;1;0;0.7877059592977612;1.0;1.0;1.0
Case44;1;1;1;0.9999999999999998;1.0;1.0;1.0
Case45;1;1;1;0.9632014525681228;1.0;1.0;1.0
