Case ID,Actual,Prefix Length,Prediction,Prediction Probability
Case195_6,0,6,0,0.9997717446667076
Case19_6,1,6,1,0.9863684106258785
Case250_6,0,6,0,0.9858666522487814
Case251_6,0,6,0,0.9936839760498815
Case264_6,1,6,1,0.7718991559057591
Case38_6,1,6,1,0.9653432895259303
