"Case ID;Actual;Prefix Length;Prediction;Prediction Probability;SHAP Subset Stability;SHAP Weight Stability;SHAP Adjusted Weight Stability";LIME Subset Stability;LIME Weight Stability;LIME Adjusted Weight Stability
"Case19_8;1;8;1;0.9992604677650272;1.0;1.0;1.0";1.0;0.9480275631544552;0.9480275631544552
"Case206_8;1;8;1;0.9993379699233832;1.0;1.0;1.0";1.0;0.9415422052261471;0.9415422052261471
"Case236_8;0;8;0;0.9997644713790262;1.0;1.0;1.0";1.0;0.9318445438145669;0.9318445438145669
"Case245_8;1;8;1;1.0;1.0;1.0;1.0";0.8105940279542567;0.9725538580639992;0.9725538580639992
"Case251_8;0;8;0;0.9997260683972528;1.0;1.0;1.0";1.0;0.9471387520913721;0.9471387520913721
"Case260_8;1;8;1;0.9985344211147552;1.0;1.0;1.0";1.0;0.9381189051243475;0.9381189051243475
"Case27_8;0;8;0;0.9972556081473472;1.0;1.0;1.0";1.0;0.9569099298894552;0.9569099298894552
"Case72_8;0;8;0;0.9999255633125088;1.0;1.0;1.0";1.0;0.9674674696737661;0.9674674696737661
