Case ID,Actual,Prefix Length,Prediction,Prediction Probability
Case102_14,1,14,1,0.9899793416537295
Case111_14,1,14,1,0.6331167501905502
Case195_14,0,14,0,0.9994591856903123
Case240_14,1,14,1,0.9918657106848021
Case269_14,0,14,0,0.9966326457832742
Case27_14,0,14,0,0.9947309528141467
Case78_14,1,14,1,0.9462944142067929
Case84_14,0,14,0,0.9999943964585682
