Case ID,Actual,Prefix Length,Prediction,Prediction Probability
Case109,1,1,1,0.9999999999897926
Case12,0,1,0,0.7571621434937789
Case215,0,1,1,0.6903795138044146
Case34,0,1,0,0.681617580871113
Case38,1,1,1,0.9748103209214118
Case39,0,1,0,0.7877059592977612
Case44,1,1,1,0.9999999999999998
Case45,1,1,1,0.9632014525681228
