Case ID,Actual,Prefix Length,Prediction,Prediction Probability
Case178_13,0,13,0,0.9971292837055011
Case192_13,0,13,0,0.989695854554133
Case258_13,1,13,1,0.9885403009035395
Case28_13,1,13,1,0.9998342534405315
Case75_13,1,13,0,0.7703375431412853
Case83_13,0,13,0,0.9972327334230038
