Case ID;Actual;Prefix Length;Prediction;Prediction Probability;SHAP Subset Stability;SHAP Weight Stability;SHAP Adjusted Weight Stability
Case19_8;1;8;1;0.9992604677650272;1.0;1.0;1.0
Case206_8;1;8;1;0.9993379699233832;1.0;1.0;1.0
Case236_8;0;8;0;0.9997644713790262;1.0;1.0;1.0
Case245_8;1;8;1;1.0;1.0;1.0;1.0
Case251_8;0;8;0;0.9997260683972528;1.0;1.0;1.0
Case260_8;1;8;1;0.9985344211147552;1.0;1.0;1.0
Case27_8;0;8;0;0.9972556081473472;1.0;1.0;1.0
Case72_8;0;8;0;0.9999255633125088;1.0;1.0;1.0
