Case ID,Actual,Prefix Length,Prediction,Prediction Probability
Case11_13,1,13,0,0.9956242758664778
Case210_13,0,13,0,0.987777113493282
Case21_13,1,13,1,0.9865435350937987
Case240_13,1,13,1,0.9901662790655406
Case273_13,0,13,0,0.9979602101621395
Case274_13,0,13,0,0.9974609927966536
Case27_13,0,13,0,0.9978354472676805
Case55_13,1,13,0,0.9721558164851912
