Case ID,Actual,Prefix Length,Prediction,Prediction Probability
Case124_4,0,4,0,0.9999910494425165
Case174_4,1,4,1,0.999999995219367
Case25_4,1,4,1,0.9804254571230429
Case45_4,1,4,0,0.9422678760632471
Case47_4,0,4,0,0.9999999243714099
Case53_4,1,4,1,0.9999856095899305
Case60_4,0,4,1,0.9999998591263725
Case68_4,0,4,0,0.9999999986473785
