Case ID,Actual,Prefix Length,Prediction,Prediction Probability
Case120_3,1,3,1,0.9583478327880225
Case188_3,1,3,1,0.9999999999999931
Case209_3,0,3,0,0.904399738432831
Case210_3,0,3,0,0.9720911532875647
Case262_3,1,3,0,0.9999982242854557
Case83_3,0,3,1,1.0
