Case ID;Actual;Prefix Length;Prediction;Prediction Probability;SHAP Subset Stability;SHAP Weight Stability;SHAP Adjusted Weight Stability
Case111_14;1;14;1;0.9789010219911348;1.0;1.0;1.0
Case11_14;1;14;1;0.9875540611452076;1.0;1.0;1.0
Case178_14;0;14;0;0.9911590247975944;1.0;1.0;1.0
Case187_14;1;14;1;0.9982359377404412;1.0;1.0;1.0
Case223_14;0;14;0;0.9842754209041108;1.0;1.0;1.0
Case245_14;1;14;1;0.9913301138087672;1.0;1.0;1.0
Case269_14;0;14;0;0.995284296151873;1.0;1.0;1.0
Case273_14;0;14;0;0.9984279356578424;1.0;1.0;1.0
