Case ID,Actual,Prefix Length,Prediction,Prediction Probability
Case135_5,1,5,1,1.0
Case17_5,1,5,1,0.9999999999999984
Case208_5,1,5,1,1.0
Case223_5,0,5,0,0.9940245355438887
Case248_5,1,5,0,0.9999999999999634
Case269_5,0,5,0,0.9999999405791911
Case52_5,0,5,0,0.999590287040727
Case7_5,0,5,0,0.9973769361680823
