Case ID,Actual,Prefix Length,Prediction,Prediction Probability
Case115_10,1,10,1,0.995382398712109
Case119_10,0,10,1,0.9999724090650061
Case21_10,1,10,1,0.9650489014489104
Case61_10,1,10,1,0.9788319520182344
Case89_10,0,10,0,0.9439754649008556
Case90_10,0,10,0,0.9639646140886439
