Case ID,Actual,Prefix Length,Prediction,Prediction Probability
Case102_11,1,11,1,0.9902581637477279
Case19_11,1,11,1,0.9914722180664266
Case209_11,0,11,0,0.9949867231155864
Case210_11,0,11,0,0.9818667892115571
Case273_11,0,11,0,0.9999866310494941
Case277_11,1,11,1,0.9992059939373588
Case27_11,0,11,0,0.9919781903943732
Case6_11,1,11,1,0.9999999996886348
