Case ID,Actual,Prefix Length,Prediction,Prediction Probability
Case104_4,0,4,1,0.9999895267806832
Case127_4,1,4,1,0.9900903451412992
Case203_4,0,4,0,0.9999922841789802
Case22_4,1,4,1,0.9991031276783048
Case236_4,0,4,0,0.9999999979565389
Case260_4,1,4,0,0.9999999303901613
