Case ID,Actual,Prefix Length,Prediction,Prediction Probability
Case127_15,1,15,1,0.9986885690723913
Case207_15,1,15,1,0.9967427864217628
Case210_15,0,15,0,0.9786193234778591
Case223_15,0,15,0,0.9900356391174178
Case259_15,1,15,0,0.8788028612246119
Case265_15,0,15,0,0.9991986958101461
Case55_15,1,15,0,0.9787830683070046
Case67_15,0,15,0,0.9722962092354122
