Case ID,Actual,Prefix Length,Prediction,Prediction Probability
Case118_3,1,3,1,0.9999996557033595
Case126_3,1,3,1,0.999999999864954
Case134_3,0,3,1,0.9999999997489273
Case208_3,1,3,1,0.999982706592418
Case256_3,1,3,1,0.9916354046811182
Case269_3,0,3,0,0.9769757734201201
Case46_3,0,3,0,0.9998435955984752
Case83_3,0,3,1,1.0
