Case ID,Actual,Prefix Length,Prediction,Prediction Probability
Case102_8,1,8,1,0.9986320181382524
Case199_8,1,8,0,0.9999996715823107
Case264_8,1,8,1,0.8166275380120602
Case274_8,0,8,0,0.9999999999999513
Case38_8,1,8,1,0.9983515778267544
Case40_8,0,8,0,0.9999999923565058
Case67_8,0,8,0,0.9962977173259895
Case96_8,0,8,0,0.9512976595495226
