Case ID,Actual,Prefix Length,Prediction,Prediction Probability
Case124_9,0,9,0,0.9969908089620713
Case135_9,1,9,1,0.9995107685153124
Case209_9,0,9,0,0.9648867269920431
Case20_9,1,9,1,0.9999999993094113
Case252_9,0,9,0,0.999999985560617
Case267_9,1,9,1,0.9999787898737222
Case268_9,1,9,1,0.9891919240926813
Case274_9,0,9,0,0.9992282605110517
