Case ID,Actual,Prefix Length,Prediction,Prediction Probability
Case178_11,0,11,0,0.9957633098203781
Case223_11,0,11,0,0.9903293939480715
Case277_11,1,11,0,0.7045087375159194
Case28_11,1,11,1,0.9767276588764107
Case34_11,0,11,0,0.9970279454926179
Case91_11,1,11,1,0.9989123193188716
