Case ID;Actual;Prefix Length;Prediction;Prediction Probability;SHAP Subset Stability;SHAP Weight Stability;SHAP Adjusted Weight Stability
Case103_12;1;12;1;0.8857552845689425;1.0;1.0;1.0
Case10_12;1;12;1;0.8754845785814821;1.0;1.0;1.0
Case115_12;1;12;1;0.8707103735125126;1.0;1.0;1.0
Case11_12;1;12;1;0.7449966049792949;1.0;1.0;1.0
Case223_12;0;12;0;0.5706789465726146;1.0;1.0;1.0
Case263_12;0;12;0;0.8925256931715403;1.0;1.0;1.0
Case265_12;0;12;0;0.8420464630611736;1.0;1.0;1.0
Case41_12;0;12;0;0.9110045455651254;1.0;1.0;1.0
