Case ID;Actual;Prefix Length;Prediction;Prediction Probability;SHAP Subset Stability;SHAP Weight Stability;SHAP Adjusted Weight Stability;LIME Subset Stability;LIME Weight Stability;LIME Adjusted Weight Stability
Case124_9;0;9;0;0.9969908089620712;1.0;1.0;1.0;1.0;0.9563441085887937;0.9563441085887937
Case135_9;1;9;1;0.9995107685153124;1.0;1.0;1.0;1.0;0.9392260974395364;0.9392260974395364
Case209_9;0;9;0;0.9648867269920433;1.0;1.0;1.0;1.0;0.9560472792910437;0.9560472792910437
Case20_9;1;9;1;0.9999999993094112;1.0;1.0;1.0;1.0;0.944960192302301;0.944960192302301
Case252_9;0;9;0;0.999999985560617;1.0;1.0;1.0;1.0;0.976548260672959;0.976548260672959
Case267_9;1;9;1;0.9999787898737222;1.0;1.0;1.0;1.0;0.9721880860170536;0.9721880860170536
Case268_9;1;9;1;0.9891919240926812;1.0;1.0;1.0;1.0;0.9563602742234621;0.9563602742234621
Case274_9;0;9;0;0.9992282605110516;1.0;1.0;1.0;1.0;0.9736992772474445;0.9736992772474445
