Case ID,Actual,Prefix Length,Prediction,Prediction Probability
Case110_9,1,9,1,0.985820677832279
Case201_9,1,9,1,0.9999866102544361
Case223_9,0,9,0,0.9352699977446575
Case263_9,0,9,0,0.9905375125059583
Case277_9,1,9,1,0.9999981078291437
Case3_9,0,9,0,0.9937911720124802
Case44_9,1,9,1,0.9999751321488425
Case89_9,0,9,0,0.9812514970868198
