Case ID;Actual;Prefix Length;Prediction;Prediction Probability;SHAP Subset Stability;SHAP Weight Stability;SHAP Adjusted Weight Stability;LIME Subset Stability;LIME Weight Stability;LIME Adjusted Weight Stability
Case111_14;1;14;1;0.9789010219911348;1.0;1.0;1.0;0.32550043516100957;0.999973539266717;0.999973539266717
Case11_14;1;14;1;0.9875540611452076;1.0;1.0;1.0;0.24217731421121236;0.999961805549371;0.999961805549371
Case178_14;0;14;0;0.9911590247975944;1.0;1.0;1.0;0.26225606853879113;0.9999857040103682;0.9999857040103682
Case187_14;1;14;1;0.9982359377404412;1.0;1.0;1.0;0.5999155246855641;0.9999816699722606;0.9999816699722606
Case223_14;0;14;0;0.9842754209041108;1.0;1.0;1.0;0.26225606853879113;0.9999664307276699;0.9999664307276699
Case245_14;1;14;1;0.9913301138087672;1.0;1.0;1.0;0.24217731421121236;0.9998993917535961;0.9998993917535961
Case269_14;0;14;0;0.995284296151873;1.0;1.0;1.0;0.3453163131218322;0.9999569959309337;0.9999569959309337
Case273_14;0;14;0;0.9984279356578424;1.0;1.0;1.0;0.11587353324641447;0.9999582672911388;0.9999582672911388
