Case ID,Actual,Prefix Length,Prediction,Prediction Probability
Case103_12,1,12,1,0.8857552845689425
Case10_12,1,12,1,0.8754845785814821
Case115_12,1,12,1,0.8707103735125126
Case11_12,1,12,1,0.7449966049792949
Case223_12,0,12,0,0.5706789465726146
Case263_12,0,12,0,0.8925256931715403
Case265_12,0,12,0,0.8420464630611736
Case41_12,0,12,0,0.9110045455651254
