Case ID,Actual,Prefix Length,Prediction,Prediction Probability
Case188_14,1,14,1,0.99730836344079
Case192_14,0,14,0,0.9923192431336167
Case195_14,0,14,0,0.9976911755340069
Case201_14,1,14,1,0.9985597552412735
Case20_14,1,14,1,0.9947707229582163
Case84_14,0,14,0,0.9999897272611945
