Case ID,Actual,Prefix Length,Prediction,Prediction Probability
Case111_14,1,14,1,0.9789010219911349
Case11_14,1,14,1,0.9875540611452075
Case178_14,0,14,0,0.9911590247975945
Case187_14,1,14,1,0.9982359377404413
Case223_14,0,14,0,0.9842754209041109
Case245_14,1,14,1,0.9913301138087671
Case269_14,0,14,0,0.995284296151873
Case273_14,0,14,0,0.9984279356578423
