Case ID,Actual,Prefix Length,Prediction,Prediction Probability
Case188_12,1,12,0,0.9753876908575334
Case210_12,0,12,0,0.8034087408593182
Case248_12,1,12,0,0.5887687964447292
Case273_12,0,12,0,0.9793447224379486
Case37_12,1,12,1,0.7642264188246963
Case3_12,0,12,0,0.8292261976591131
