Case ID,Actual,Prefix Length,Prediction,Prediction Probability
Case25_5,1,5,1,0.997669813710341
Case267_5,1,5,1,1.0
Case27_5,0,5,0,0.9980120376649388
Case29_5,1,5,1,1.0
Case34_5,0,5,0,0.9965516740302245
Case60_5,0,5,1,0.999997473322047
Case78_5,1,5,1,0.9948486082291496
Case86_5,0,5,0,0.9998894654653824
