Case ID,Actual,Prefix Length,Prediction,Prediction Probability
Case104_3,0,3,1,0.9999999999999856
Case115_3,1,3,0,0.997030173913979
Case124_3,0,3,0,0.9999931721476667
Case174_3,1,3,1,0.8353965085615915
Case18_3,1,3,1,0.9999873110651135
Case265_3,0,3,0,0.9999999999999999
Case61_3,1,3,1,0.9999999999995075
Case62_3,0,3,0,0.9999999999999685
