Case ID;Actual;Prefix Length;Prediction;Prediction Probability;SHAP Subset Stability;SHAP Weight Stability;SHAP Adjusted Weight Stability
Case124_4;0;4;0;0.9999910494425164;1.0;1.0;1.0
Case174_4;1;4;1;0.999999995219367;1.0;1.0;1.0
Case25_4;1;4;1;0.9804254571230429;1.0;1.0;1.0
Case45_4;1;4;0;0.9422678760632472;1.0;1.0;1.0
Case47_4;0;4;0;0.99999992437141;1.0;1.0;1.0
Case53_4;1;4;1;0.9999856095899304;1.0;1.0;1.0
Case60_4;0;4;1;0.9999998591263723;1.0;1.0;1.0
Case68_4;0;4;0;0.9999999986473784;1.0;1.0;1.0
