Case ID;Actual;Prefix Length;Prediction;Prediction Probability;SHAP Subset Stability;SHAP Weight Stability;SHAP Adjusted Weight Stability;LIME Subset Stability;LIME Weight Stability;LIME Adjusted Weight Stability
Case124_4;0;4;0;0.9999910494425164;1.0;1.0;1.0;0.946104198549471;0.9752305354932801;0.9752305354932801
Case174_4;1;4;1;0.999999995219367;1.0;1.0;1.0;1.0;0.961306289101863;0.961306289101863
Case25_4;1;4;1;0.9804254571230429;1.0;1.0;1.0;1.0;0.9712506432791969;0.9712506432791969
Case45_4;1;4;0;0.9422678760632472;1.0;1.0;1.0;1.0;0.9774530815691013;0.9774530815691013
Case47_4;0;4;0;0.99999992437141;1.0;1.0;1.0;0.946104198549471;0.9808561781361682;0.9808561781361682
Case53_4;1;4;1;0.9999856095899304;1.0;1.0;1.0;1.0;0.9706130972899185;0.9706130972899185
Case60_4;0;4;1;0.9999998591263723;1.0;1.0;1.0;1.0;0.9782599287559309;0.9782599287559309
Case68_4;0;4;0;0.9999999986473784;1.0;1.0;1.0;1.0;0.7238833105337701;0.7238833105337701
