Case ID;Actual;Prefix Length;Prediction;Prediction Probability;SHAP Subset Stability;SHAP Weight Stability;SHAP Adjusted Weight Stability
Case102_11;1;11;1;0.990258163747728;1.0;1.0;1.0
Case19_11;1;11;1;0.9914722180664266;1.0;1.0;1.0
Case209_11;0;11;0;0.9949867231155864;1.0;1.0;1.0
Case210_11;0;11;0;0.9818667892115572;1.0;1.0;1.0
Case273_11;0;11;0;0.999986631049494;1.0;1.0;1.0
Case277_11;1;11;1;0.9992059939373588;1.0;1.0;1.0
Case27_11;0;11;0;0.9919781903943732;1.0;1.0;1.0
Case6_11;1;11;1;0.9999999996886348;1.0;1.0;1.0
