Case ID,Actual,Prefix Length,Prediction,Prediction Probability
Case11,1,1,0,0.9999999999999999
Case118,1,1,0,0.8323522125202368
Case175,1,1,0,0.9994578276915154
Case178,0,1,0,0.9999999999999944
Case211,0,1,0,0.9999999909537981
Case236,0,1,0,1.0
Case258,1,1,1,0.7146110581087297
Case47,0,1,0,0.7764657001659162
