Case ID,Actual,Prefix Length,Prediction,Prediction Probability
Case103_6,1,6,1,0.9924263144453815
Case119_6,0,6,1,0.9431530140259854
Case218_6,0,6,0,0.9980827481049431
Case235_6,1,6,1,0.9948353310243202
Case252_6,0,6,0,0.9957323961513875
Case261_6,0,6,0,0.998540991744695
Case93_6,1,6,1,0.9873159137217824
Case95_6,1,6,1,0.999990046389248
