Case ID;Actual;Prefix Length;Prediction;Prediction Probability;SHAP Subset Stability;SHAP Weight Stability;SHAP Adjusted Weight Stability
Case116_3;1;3;1;0.9149227895219412;1.0;1.0;1.0
Case13_3;0;3;0;0.9819516289562308;1.0;1.0;1.0
Case174_3;1;3;1;0.7615256606485784;1.0;1.0;1.0
Case251_3;0;3;0;0.7897049349685918;1.0;1.0;1.0
Case42_3;1;3;1;0.833606837739191;1.0;1.0;1.0
Case54_3;1;3;0;0.9867766665105806;1.0;1.0;1.0
Case66_3;0;3;0;0.999920023917015;1.0;1.0;1.0
Case72_3;0;3;0;0.9694987105599324;1.0;1.0;1.0
