Case ID,Actual,Prefix Length,Prediction,Prediction Probability
Case114_2,1,2,1,0.9999872894820879
Case115_2,1,2,1,0.9999997755049179
Case11_2,1,2,1,0.9961074770801918
Case136_2,0,2,1,1.0
Case144_2,0,2,1,1.0
Case265_2,0,2,0,0.9999999999981223
Case43_2,0,2,0,0.9874369565769426
Case45_2,1,2,1,0.9999999333887886
