Case ID;Actual;Prefix Length;Prediction;Prediction Probability;SHAP Subset Stability;SHAP Weight Stability;SHAP Adjusted Weight Stability;LIME Subset Stability;LIME Weight Stability;LIME Adjusted Weight Stability
Case116_3;1;3;1;0.9149227895219412;1.0;1.0;1.0;0.8536333468779629;0.9558173131293879;0.9558173131293879
Case13_3;0;3;0;0.9819516289562308;1.0;1.0;1.0;0.6219550325459765;0.9565121204271365;0.9565121204271365
Case174_3;1;3;1;0.7615256606485784;1.0;1.0;1.0;0.6435041407867494;0.9809942369231598;0.9809942369231598
Case251_3;0;3;0;0.7897049349685918;1.0;1.0;1.0;0.8197538895213313;0.9823033545600871;0.9823033545600871
Case42_3;1;3;1;0.833606837739191;1.0;1.0;1.0;0.6534178187403994;0.9800227962858191;0.9800227962858191
Case54_3;1;3;0;0.9867766665105806;1.0;1.0;1.0;0.7294619422572178;0.9788239928490474;0.9788239928490474
Case66_3;0;3;0;0.999920023917015;1.0;1.0;1.0;0.7886750481638166;0.9676838078874114;0.9676838078874114
Case72_3;0;3;0;0.9694987105599324;1.0;1.0;1.0;0.8472182949243603;0.8848376486910143;0.8848376486910143
