"Case ID;Actual;Prefix Length;Prediction;Prediction Probability;SHAP Subset Stability;SHAP Weight Stability;SHAP Adjusted Weight Stability";LIME Subset Stability;LIME Weight Stability;LIME Adjusted Weight Stability
"Case110_8;1;8;1;0.9865907534763518;1.0;1.0;1.0";0.752638935246996;0.9627901002677672;0.9627901002677672
"Case111_8;1;8;1;0.984024733367461;1.0;1.0;1.0";0.7518382352941176;0.951415723828519;0.951415723828519
"Case123_8;1;8;1;0.9999616712645156;1.0;1.0;1.0";0.8035322011822922;0.914651737418807;0.914651737418807
"Case178_8;0;8;0;0.9914918732691228;1.0;1.0;1.0";0.6706977494989171;0.9730039524412023;0.9730039524412023
"Case34_8;0;8;0;0.9947906450299386;1.0;1.0;1.0";0.6284289417651743;0.9627381533541175;0.9627381533541175
"Case40_8;0;8;0;0.9904482950324838;1.0;1.0;1.0";0.6315173796791445;0.9681909607215966;0.9681909607215966
"Case78_8;1;8;1;0.9988005246045432;1.0;1.0;1.0";0.7229086702770913;0.9763555287518608;0.9763555287518608
"Case86_8;0;8;1;0.964772264479006;1.0;1.0;1.0";0.7986882856622335;0.9749653108190293;0.9749653108190293
