Case ID,Actual,Prefix Length,Prediction,Prediction Probability
Case12_13,0,13,0,0.9999678392699113
Case21_13,1,13,1,0.9999987468192953
Case249_13,1,13,0,0.9999036099712929
Case264_13,1,13,1,0.7822003026747657
Case265_13,0,13,0,0.9999998857182627
Case277_13,1,13,1,0.9999891066847254
Case3_13,0,13,0,0.9999327479912117
Case60_13,0,13,0,0.9835886959913739
