Case ID,Actual,Prefix Length,Prediction,Prediction Probability
Case174_5,1,5,1,0.9859877469619293
Case199_5,1,5,0,0.8304590462862617
Case206_5,1,5,1,0.989938653103674
Case4_5,0,5,1,0.6041758620641264
Case71_5,0,5,0,0.9816900999248699
Case99_5,0,5,1,0.9691990875933486
