Case ID;Actual;Prefix Length;Prediction;Prediction Probability;SHAP Subset Stability;SHAP Weight Stability;SHAP Adjusted Weight Stability
Case103_11;1;11;1;0.9997912203833834;1.0;1.0;1.0
Case115_11;1;11;1;0.9997432144378688;1.0;1.0;1.0
Case122_11;0;11;0;0.9996214849640552;1.0;1.0;1.0
Case229_11;0;11;0;0.9999709984014415;1.0;1.0;1.0
Case266_11;1;11;1;0.9993600733480128;1.0;1.0;1.0
Case3_11;0;11;0;0.9982226685716628;1.0;1.0;1.0
Case55_11;1;11;1;0.9992232625825992;1.0;1.0;1.0
Case9_11;0;11;0;0.999978569660706;1.0;1.0;1.0
