Case ID,Actual,Prefix Length,Prediction,Prediction Probability
Case103_9,1,9,1,0.9997753884750303
Case124_9,0,9,0,0.9183793357336683
Case34_9,0,9,0,0.9997397211379812
Case40_9,0,9,0,0.999305839755109
Case75_9,1,9,1,0.9991049880203642
Case78_9,1,9,1,0.9999887336266148
