Case ID,Actual,Prefix Length,Prediction,Prediction Probability
Case155_11,0,11,0,0.9997814102900728
Case178_11,0,11,0,0.9994406237917273
Case201_11,1,11,1,0.9999983115477973
Case240_11,1,11,0,0.854401149593096
Case67_11,0,11,0,0.9992661128660922
Case91_11,1,11,1,0.9823488301930011
