Case ID,Actual,Prefix Length,Prediction,Prediction Probability
Case101_8,0,8,0,0.6753755360311906
Case127_8,1,8,1,0.9947438814066419
Case195_8,0,8,0,0.9913400603819605
Case199_8,1,8,1,0.9952333659855468
Case261_8,0,8,0,0.9937969349328379
Case277_8,1,8,1,0.9956806217328753
Case41_8,0,8,0,0.9956288766575271
Case59_8,1,8,1,0.683175026437943
