Case ID,Actual,Prefix Length,Prediction,Prediction Probability
Case18_15,1,15,1,0.9388806663921
Case235_15,1,15,1,0.9588809013891604
Case245_15,1,15,0,0.5886980811443547
Case269_15,0,15,0,0.935967840619306
Case273_15,0,15,0,0.9580414635971568
Case27_15,0,15,0,0.9549795212480251
