Case ID,Actual,Prefix Length,Prediction,Prediction Probability
Case111_16,1,16,1,0.5572427787551422
Case178_16,0,16,0,0.6056559676856548
Case192_16,0,16,0,0.5534793831602502
Case223_16,0,16,0,0.6017130732146774
Case259_16,1,16,1,0.5781237272251766
Case78_16,1,16,1,0.5180747162399183
