Case ID,Actual,Prefix Length,Prediction,Prediction Probability
Case124_3,0,3,1,0.9982670005686082
Case127_3,1,3,1,0.9447088969352734
Case135_3,1,3,1,0.6658037556113082
Case147_3,0,3,0,0.9986581656234103
Case195_3,0,3,0,0.9912703132036814
Case208_3,1,3,1,0.9811530912056895
