Case ID,Actual,Prefix Length,Prediction,Prediction Probability
Case102_9,1,9,1,0.999205846115389
Case17_9,1,9,1,0.9994746139933076
Case187_9,1,9,1,0.9996718485363566
Case211_9,0,9,0,0.9995889515420702
Case251_9,0,9,0,0.9995593185558475
Case28_9,1,9,1,0.9997045332932482
Case84_9,0,9,0,0.9999822257172021
Case89_9,0,9,0,0.9988191807958001
