Case ID,Actual,Prefix Length,Prediction,Prediction Probability
Case195_5,0,5,0,0.9861722426096483
Case21_5,1,5,1,0.9986154297272889
Case22_5,1,5,1,0.9793381110021528
Case239_5,0,5,0,0.9885061501677062
Case44_5,1,5,1,0.9995583740431445
Case65_5,0,5,1,0.9857327603751084
Case78_5,1,5,1,0.9907928815899825
Case7_5,0,5,0,0.9706339547427402
