Case ID;Actual;Prefix Length;Prediction;Prediction Probability;SHAP Subset Stability;SHAP Weight Stability;SHAP Adjusted Weight Stability
Case124_2;0;2;1;0.999999999998204;1.0;1.0;1.0
Case136_2;0;2;1;0.9999999975023616;1.0;1.0;1.0
Case155_2;0;2;0;0.9999999995929508;1.0;1.0;1.0
Case244_2;1;2;1;0.9999999997418936;1.0;1.0;1.0
Case264_2;1;2;1;0.993634537566557;1.0;1.0;1.0
Case267_2;1;2;1;1.0;1.0;1.0;1.0
Case273_2;0;2;0;0.9903609856383896;1.0;1.0;1.0
Case91_2;1;2;1;0.999992086628773;1.0;1.0;1.0
