Case ID;Actual;Prefix Length;Prediction;Prediction Probability;SHAP Subset Stability;SHAP Weight Stability;SHAP Adjusted Weight Stability
Case11_4;1;4;1;0.9923572161072116;1.0;1.0;1.0
Case137_4;0;4;1;0.9401014142234912;1.0;1.0;1.0
Case20_4;1;4;1;0.996687875171716;1.0;1.0;1.0
Case252_4;0;4;0;0.9776011693636952;1.0;1.0;1.0
Case272_4;1;4;1;0.997897737841282;1.0;1.0;1.0
Case34_4;0;4;0;0.9892517954994464;1.0;1.0;1.0
Case53_4;1;4;1;0.9884334635535796;1.0;1.0;1.0
Case98_4;0;4;0;0.9337878158416704;1.0;1.0;1.0
