Case ID,Actual,Prefix Length,Prediction,Prediction Probability
Case13_7,0,7,0,0.9999685589275953
Case188_7,1,7,1,0.9999429973471233
Case199_7,1,7,1,0.999921117323892
Case230_7,1,7,1,0.9999075891261245
Case27_7,0,7,0,0.9997526576432233
Case64_7,0,7,1,0.9985009615468828
Case95_7,1,7,1,0.9999999999999396
Case97_7,0,7,0,0.9999999872202352
