Case ID,Actual,Prefix Length,Prediction,Prediction Probability
Case17_12,1,12,1,0.9996016939104796
Case18_12,1,12,1,0.999866186552473
Case195_12,0,12,0,0.9996072897899327
Case209_12,0,12,0,0.9993583199856667
Case21_12,1,12,1,0.9999590862662835
Case89_12,0,12,0,0.9996601861211668
