Case ID,Actual,Prefix Length,Prediction,Prediction Probability
Case187_14,1,14,1,0.9997116844166221
Case195_14,0,14,0,0.9998379830373968
Case245_14,1,14,1,0.9997948119193467
Case265_14,0,14,0,0.9999417337546669
Case55_14,1,14,0,0.8780886243692109
Case84_14,0,14,0,0.9999020332051791
