Case ID;Actual;Prefix Length;Prediction;Prediction Probability;SHAP Subset Stability;SHAP Weight Stability;SHAP Adjusted Weight Stability;LIME Subset Stability;LIME Weight Stability;LIME Adjusted Weight Stability
Case124_2;0;2;1;0.999999999998204;1.0;1.0;1.0;0.7649290663147477;0.9767801329215768;0.9767801329215768
Case136_2;0;2;1;0.9999999975023616;1.0;1.0;1.0;0.763301547033908;0.8207962972436469;0.8207962972436469
Case155_2;0;2;0;0.9999999995929508;1.0;1.0;1.0;0.7307256235827664;0.9660128374981373;0.9660128374981373
Case244_2;1;2;1;0.9999999997418936;1.0;1.0;1.0;0.7755728797543113;0.9808057727853337;0.9808057727853337
Case264_2;1;2;1;0.993634537566557;1.0;1.0;1.0;0.7257252402069476;0.981987887899251;0.981987887899251
Case267_2;1;2;1;1.0;1.0;1.0;1.0;0.7664240755310778;0.9854741751151954;0.9854741751151954
Case273_2;0;2;0;0.9903609856383896;1.0;1.0;1.0;0.8177982355197545;0.9856821059900299;0.9856821059900299
Case91_2;1;2;1;0.999992086628773;1.0;1.0;1.0;0.7343269341492704;0.9670905012725244;0.9670905012725244
