Case ID,Actual,Prefix Length,Prediction,Prediction Probability
Case101_10,0,10,0,0.8109377140074712
Case185_10,0,10,0,0.9841513753400754
Case20_10,1,10,1,0.9794960126133363
Case240_10,1,10,1,0.9588725996752533
Case259_10,1,10,1,0.9290825479797566
Case83_10,0,10,0,0.5395667789361074
