Case ID,Actual,Prefix Length,Prediction,Prediction Probability
Case103_5,1,5,1,0.9926496566795778
Case12_5,0,5,0,0.9928036687927074
Case174_5,1,5,1,0.9893460797726173
Case179_5,1,5,0,0.5177550346209254
Case229_5,0,5,0,0.9999999674172031
Case250_5,0,5,0,0.9932667130318603
Case63_5,1,5,1,0.9999502953915763
Case71_5,0,5,0,0.843304908105662
