Case ID,Actual,Prefix Length,Prediction,Prediction Probability
Case127_12,1,12,1,0.9712510061668914
Case188_12,1,12,0,0.9975885760720992
Case207_12,1,12,1,0.9751090656297657
Case239_12,0,12,0,0.9998036409652717
Case251_12,0,12,0,0.9996870074246517
Case260_12,1,12,1,0.9995855356476399
Case273_12,0,12,0,0.9996387521173437
Case83_12,0,12,0,0.5053083892060926
