Case ID;Actual;Prefix Length;Prediction;Prediction Probability;SHAP Subset Stability;SHAP Weight Stability;SHAP Adjusted Weight Stability
Case110_8;1;8;1;0.9865907534763518;1.0;1.0;1.0
Case111_8;1;8;1;0.984024733367461;1.0;1.0;1.0
Case123_8;1;8;1;0.9999616712645156;1.0;1.0;1.0
Case178_8;0;8;0;0.9914918732691228;1.0;1.0;1.0
Case34_8;0;8;0;0.9947906450299386;1.0;1.0;1.0
Case40_8;0;8;0;0.9904482950324838;1.0;1.0;1.0
Case78_8;1;8;1;0.9988005246045432;1.0;1.0;1.0
Case86_8;0;8;1;0.964772264479006;1.0;1.0;1.0
