Case ID,Actual,Prefix Length,Prediction,Prediction Probability
Case10_6,1,6,1,0.9874288729517011
Case111_6,1,6,1,0.7137335829205179
Case195_6,0,6,0,0.993734430157175
Case218_6,0,6,0,0.9965342013453217
Case62_6,0,6,0,0.9994332369993396
Case91_6,1,6,1,0.9900227873720283
