Case ID,Actual,Prefix Length,Prediction,Prediction Probability
Case111_14,1,14,1,0.9992050815601572
Case115_14,1,14,1,0.9999719308664565
Case12_14,0,14,0,0.9997219929256164
Case17_14,1,14,1,0.9998240856975205
Case240_14,1,14,1,0.9997813638502698
Case67_14,0,14,0,0.9995239989905657
Case83_14,0,14,1,0.9982385805626438
Case84_14,0,14,0,0.9998890898627718
