Case ID;Actual;Prefix Length;Prediction;Prediction Probability;SHAP Subset Stability;SHAP Weight Stability;SHAP Adjusted Weight Stability
Case195_5;0;5;0;0.9861722426096484;1.0;1.0;1.0
Case21_5;1;5;1;0.9986154297272888;1.0;1.0;1.0
Case22_5;1;5;1;0.9793381110021528;1.0;1.0;1.0
Case239_5;0;5;0;0.9885061501677062;1.0;1.0;1.0
Case44_5;1;5;1;0.9995583740431444;1.0;1.0;1.0
Case65_5;0;5;1;0.9857327603751084;1.0;1.0;1.0
Case78_5;1;5;1;0.9907928815899824;1.0;1.0;1.0
Case7_5;0;5;0;0.9706339547427402;1.0;1.0;1.0
