Case ID;Actual;Prefix Length;Prediction;Prediction Probability;SHAP Subset Stability;SHAP Weight Stability;SHAP Adjusted Weight Stability
Case103_12;1;12;1;0.9998757163301332;1.0;1.0;1.0
Case178_12;0;12;0;0.9995994304545852;1.0;1.0;1.0
Case210_12;0;12;0;0.9994657969447528;1.0;1.0;1.0
Case239_12;0;12;0;0.9998484828259782;1.0;1.0;1.0
Case248_12;1;12;1;0.9997842445648104;1.0;1.0;1.0
Case41_12;0;12;0;0.9995113278298888;1.0;1.0;1.0
Case61_12;1;12;1;0.999550889086369;1.0;1.0;1.0
Case75_12;1;12;1;0.999370826443807;1.0;1.0;1.0
