Case ID,Actual,Prefix Length,Prediction,Prediction Probability
Case135_10,1,10,1,0.9963488377352968
Case188_10,1,10,1,0.9711629449567687
Case192_10,0,10,0,0.9496488028731791
Case249_10,1,10,1,0.890543012461626
Case269_10,0,10,0,0.9599778243886988
Case37_10,1,10,1,0.9256794006247763
Case84_10,0,10,0,0.9913530775095625
Case9_10,0,10,0,0.9959472105313222
