Case ID,Actual,Prefix Length,Prediction,Prediction Probability
Case11_4,1,4,1,0.9923572161072117
Case137_4,0,4,1,0.9401014142234911
Case20_4,1,4,1,0.9966878751717159
Case252_4,0,4,0,0.9776011693636952
Case272_4,1,4,1,0.9978977378412821
Case34_4,0,4,0,0.9892517954994465
Case53_4,1,4,1,0.9884334635535797
Case98_4,0,4,0,0.9337878158416704
