Case ID,Actual,Prefix Length,Prediction,Prediction Probability
Case117,0,1,0,0.9999999906559301
Case239,0,1,0,0.6341953451617331
Case245,1,1,1,0.9999999666064361
Case256,1,1,1,0.9999955447254226
Case33,1,1,1,0.8505073037194961
Case36,0,1,0,0.55170741047053
Case42,1,1,1,0.9279809912411227
Case50,0,1,0,0.9999999997636827
