Case ID,Actual,Prefix Length,Prediction,Prediction Probability
Case185_8,0,8,0,0.9958274548177709
Case199_8,1,8,1,0.9946873249856788
Case231_8,1,8,1,0.9937182690386588
Case32_8,1,8,1,0.9940697778570661
Case43_8,0,8,0,0.9999815033836055
Case83_8,0,8,1,0.9332162073583969
