Case ID,Actual,Prefix Length,Prediction,Prediction Probability
Case103_12,1,12,1,0.9998757163301333
Case178_12,0,12,0,0.9995994304545852
Case210_12,0,12,0,0.9994657969447528
Case239_12,0,12,0,0.9998484828259782
Case248_12,1,12,1,0.9997842445648104
Case41_12,0,12,0,0.9995113278298887
Case61_12,1,12,1,0.999550889086369
Case75_12,1,12,1,0.999370826443807
