Case ID,Actual,Prefix Length,Prediction,Prediction Probability
Case257_9,1,9,1,0.9969967956670722
Case267_9,1,9,1,0.999777456886878
Case55_9,1,9,1,0.9995963828904224
Case60_9,0,9,1,0.9999486428206178
Case67_9,0,9,0,0.9989742937969864
Case75_9,1,9,1,0.9990774732162134
Case83_9,0,9,0,0.6621432888718959
Case90_9,0,9,0,0.9991420301291841
