Case ID;Actual;Prefix Length;Prediction;Prediction Probability;SHAP Subset Stability;SHAP Weight Stability;SHAP Adjusted Weight Stability
Case111_14;1;14;1;0.9992050815601572;1.0;1.0;1.0
Case115_14;1;14;1;0.9999719308664564;1.0;1.0;1.0
Case12_14;0;14;0;0.9997219929256164;1.0;1.0;1.0
Case17_14;1;14;1;0.9998240856975203;1.0;1.0;1.0
Case240_14;1;14;1;0.9997813638502698;1.0;1.0;1.0
Case67_14;0;14;0;0.9995239989905657;1.0;1.0;1.0
Case83_14;0;14;1;0.9982385805626438;1.0;1.0;1.0
Case84_14;0;14;0;0.9998890898627718;1.0;1.0;1.0
