Case ID;Actual;Prefix Length;Prediction;Prediction Probability;SHAP Subset Stability;SHAP Weight Stability;SHAP Adjusted Weight Stability
Case102_9;1;9;1;0.999205846115389;1.0;1.0;1.0
Case17_9;1;9;1;0.9994746139933076;1.0;1.0;1.0
Case187_9;1;9;1;0.9996718485363566;1.0;1.0;1.0
Case211_9;0;9;0;0.9995889515420702;1.0;1.0;1.0
Case251_9;0;9;0;0.9995593185558476;1.0;1.0;1.0
Case28_9;1;9;1;0.9997045332932482;1.0;1.0;1.0
Case84_9;0;9;0;0.999982225717202;1.0;1.0;1.0
Case89_9;0;9;0;0.9988191807958;1.0;1.0;1.0
