Case ID,Actual,Prefix Length,Prediction,Prediction Probability
Case103_11,1,11,1,0.9997912203833834
Case115_11,1,11,1,0.9997432144378687
Case122_11,0,11,0,0.9996214849640552
Case229_11,0,11,0,0.9999709984014417
Case266_11,1,11,1,0.9993600733480129
Case3_11,0,11,0,0.9982226685716629
Case55_11,1,11,1,0.9992232625825993
Case9_11,0,11,0,0.9999785696607061
