Case ID,Actual,Prefix Length,Prediction,Prediction Probability
Case146_2,0,2,0,0.9999999999999961
Case198_2,1,2,1,0.9379531461929643
Case199_2,1,2,1,1.0
Case205_2,0,2,0,0.999452003867058
Case252_2,0,2,0,0.637413222046874
Case31_2,1,2,1,1.0
