Case ID,Actual,Prefix Length,Prediction,Prediction Probability
Case113_4,0,4,0,0.996164497600006
Case156_4,1,4,1,0.9999999245632102
Case179_4,1,4,0,0.9444513737796983
Case219_4,1,4,1,0.999986775010855
Case29_4,1,4,1,0.9985491097138116
Case67_4,0,4,0,0.9805860874559976
Case68_4,0,4,0,0.9996835718231939
Case9_4,0,4,0,0.9987427148891042
