Case ID,Actual,Prefix Length,Prediction,Prediction Probability
Case122_6,0,6,0,0.9946901898116121
Case20_6,1,6,1,0.9959783457017336
Case257_6,1,6,1,0.9913648415471817
Case261_6,0,6,0,0.9956683873920719
Case54_6,1,6,1,0.9768512714403326
Case62_6,0,6,0,0.9990092930182127
Case73_6,1,6,1,0.9999968889185747
Case7_6,0,6,0,0.9782046070933099
