"Case ID;Actual;Prefix Length;Prediction;Prediction Probability;SHAP Subset Stability;SHAP Weight Stability;SHAP Adjusted Weight Stability";LIME Subset Stability;LIME Weight Stability;LIME Adjusted Weight Stability
"Case103_11;1;11;1;0.9997912203833834;1.0;1.0;1.0";0.4640473807140474;0.9741618854154896;0.9741618854154896
"Case115_11;1;11;1;0.9997432144378688;1.0;1.0;1.0";0.5329305391738972;0.9735481181406059;0.9735481181406059
"Case122_11;0;11;0;0.9996214849640552;1.0;1.0;1.0";0.4091289953404724;0.9702437108613714;0.9702437108613714
"Case229_11;0;11;0;0.9999709984014415;1.0;1.0;1.0";0.355943301255801;0.9254053934805917;0.9254053934805917
"Case266_11;1;11;1;0.9993600733480128;1.0;1.0;1.0";0.4566285714285714;0.9557179286775351;0.9557179286775351
"Case3_11;0;11;0;0.9982226685716628;1.0;1.0;1.0";0.4563878386683944;0.9723551181669666;0.9723551181669666
"Case55_11;1;11;1;0.9992232625825992;1.0;1.0;1.0";0.5172751322751323;0.9735040523938208;0.9735040523938208
"Case9_11;0;11;0;0.999978569660706;1.0;1.0;1.0";0.4345193899245555;0.8713301177312811;0.8713301177312811
