Case ID;Actual;Prefix Length;Prediction;Prediction Probability;SHAP Subset Stability;SHAP Weight Stability;SHAP Adjusted Weight Stability
Case102_13;1;13;1;0.9999639907382052;1.0;1.0;1.0
Case210_13;0;13;0;0.999950290253722;1.0;1.0;1.0
Case223_13;0;13;0;0.9999343900585144;1.0;1.0;1.0
Case267_13;1;13;1;0.9999690464732982;1.0;1.0;1.0
Case274_13;0;13;0;0.999976258397047;1.0;1.0;1.0
Case277_13;1;13;1;0.9999826603175508;1.0;1.0;1.0
Case78_13;1;13;1;0.9999771912990988;1.0;1.0;1.0
Case89_13;0;13;0;0.9999744998471845;1.0;1.0;1.0
