Case ID,Actual,Prefix Length,Prediction,Prediction Probability
Case101_17,0,17,0,0.9359831185476744
Case201_17,1,17,1,0.9323493410925416
Case225_17,1,17,1,0.916713569335409
Case25_17,1,17,1,0.9015133843912626
Case263_17,0,17,0,0.9679934517160913
Case269_17,0,17,0,0.9278542090707431
