Case ID,Actual,Prefix Length,Prediction,Prediction Probability
Case215_7,0,7,0,0.9999981539392365
Case21_7,1,7,1,0.9999999999331555
Case225_7,1,7,1,0.9999513949144961
Case239_7,0,7,0,0.9999724385805223
Case240_7,1,7,1,0.9999999999068057
Case261_7,0,7,0,0.9999673430863962
Case277_7,1,7,1,0.9999973619012905
Case39_7,0,7,0,0.9997739157999008
