Case ID,Actual,Prefix Length,Prediction,Prediction Probability
Case195_10,0,10,0,0.9607908400015293
Case207_10,1,10,1,0.9768760249626214
Case225_10,1,10,1,0.9737768330376614
Case251_10,0,10,0,0.981964267742409
Case267_10,1,10,1,0.9802086556457721
Case34_10,0,10,0,0.9791318405159802
Case72_10,0,10,0,0.9955892832913356
Case75_10,1,10,1,0.9444108905297559
