Case ID,Actual,Prefix Length,Prediction,Prediction Probability
Case11_15,1,15,0,0.5072908166437261
Case188_15,1,15,0,0.7268583190956676
Case201_15,1,15,1,0.8623345236560502
Case20_15,1,15,1,0.9402408075837357
Case223_15,0,15,0,0.888946030760481
Case273_15,0,15,0,0.9556285949344775
Case34_15,0,15,0,0.9451104661912826
Case67_15,0,15,0,0.8891012728695162
