Case ID,Actual,Prefix Length,Prediction,Prediction Probability
Case13,0,1,0,0.9999999999107034
Case142,0,1,0,0.9999999985973698
Case144,0,1,1,0.9985010543469197
Case196,1,1,0,0.5597185235020251
Case230,1,1,1,0.9999973998299677
Case269,0,1,0,0.535472259604187
Case48,1,1,1,0.9999999916919199
Case53,1,1,1,0.9999577273950119
