Case ID,Actual,Prefix Length,Prediction,Prediction Probability
Case19_13,1,13,0,0.999999252879232
Case210_13,0,13,0,0.999934132687365
Case277_13,1,13,1,0.9999639856594255
Case67_13,0,13,0,0.9999581472111145
Case75_13,1,13,0,0.9997730743691815
Case84_13,0,13,0,0.999945741360936
