Case ID;Actual;Prefix Length;Prediction;Prediction Probability;SHAP Subset Stability;SHAP Weight Stability;SHAP Adjusted Weight Stability
Case117;0;1;0;0.99999999065593;1.0;1.0;1.0
Case239;0;1;0;0.6341953451617331;1.0;1.0;1.0
Case245;1;1;1;0.999999966606436;1.0;1.0;1.0
Case256;1;1;1;0.9999955447254226;1.0;1.0;1.0
Case33;1;1;1;0.8505073037194961;1.0;1.0;1.0
Case36;0;1;0;0.55170741047053;1.0;1.0;1.0
Case42;1;1;1;0.9279809912411228;1.0;1.0;1.0
Case50;0;1;0;0.9999999997636828;1.0;1.0;1.0
