Case ID;Actual;Prefix Length;Prediction;Prediction Probability;SHAP Subset Stability;SHAP Weight Stability;SHAP Adjusted Weight Stability
Case122_6;0;6;0;0.994690189811612;1.0;1.0;1.0
Case20_6;1;6;1;0.9959783457017336;1.0;1.0;1.0
Case257_6;1;6;1;0.9913648415471816;1.0;1.0;1.0
Case261_6;0;6;0;0.995668387392072;1.0;1.0;1.0
Case54_6;1;6;1;0.9768512714403326;1.0;1.0;1.0
Case62_6;0;6;0;0.9990092930182128;1.0;1.0;1.0
Case73_6;1;6;1;0.9999968889185749;1.0;1.0;1.0
Case7_6;0;6;0;0.97820460709331;1.0;1.0;1.0
