Case ID,Actual,Prefix Length,Prediction,Prediction Probability
Case101_11,0,11,0,0.9850007400907003
Case119_11,0,11,1,0.558510983822589
Case17_11,1,11,0,0.9296709559497768
Case187_11,1,11,1,0.999628773494523
Case252_11,0,11,0,0.9999460059381827
Case256_11,1,11,1,0.9998983026572743
Case61_11,1,11,1,0.9992113341327239
Case90_11,0,11,0,0.9989148300193161
