Case ID;Actual;Prefix Length;Prediction;Prediction Probability;SHAP Subset Stability;SHAP Weight Stability;SHAP Adjusted Weight Stability
Case215_7;0;7;0;0.9999981539392364;1.0;1.0;1.0
Case21_7;1;7;1;0.9999999999331556;1.0;1.0;1.0
Case225_7;1;7;1;0.999951394914496;1.0;1.0;1.0
Case239_7;0;7;0;0.9999724385805224;1.0;1.0;1.0
Case240_7;1;7;1;0.9999999999068055;1.0;1.0;1.0
Case261_7;0;7;0;0.9999673430863962;1.0;1.0;1.0
Case277_7;1;7;1;0.9999973619012904;1.0;1.0;1.0
Case39_7;0;7;0;0.9997739157999008;1.0;1.0;1.0
