Case ID,Actual,Prefix Length,Prediction,Prediction Probability
Case124_2,0,2,1,0.9999999999982041
Case136_2,0,2,1,0.9999999975023617
Case155_2,0,2,0,0.9999999995929509
Case244_2,1,2,1,0.9999999997418936
Case264_2,1,2,1,0.993634537566557
Case267_2,1,2,1,1.0
Case273_2,0,2,0,0.9903609856383896
Case91_2,1,2,1,0.999992086628773
