Case ID,Actual,Prefix Length,Prediction,Prediction Probability
Case137_4,0,4,1,0.8800751812184356
Case201_4,1,4,1,0.9978680671045564
Case205_4,0,4,0,0.9974144000671752
Case223_4,0,4,0,0.9710064632280134
Case22_4,1,4,1,0.9837244028946941
Case45_4,1,4,1,0.9873708008701363
