Case ID,Actual,Prefix Length,Prediction,Prediction Probability
Case111_7,1,7,1,0.9999725396207874
Case155_7,0,7,0,0.9998775229685567
Case209_7,0,7,0,0.9997913276144912
Case235_7,1,7,1,0.9999974916765028
Case44_7,1,7,1,0.9999977629348034
Case62_7,0,7,0,0.999946257929283
