Case ID;Actual;Prefix Length;Prediction;Prediction Probability;SHAP Subset Stability;SHAP Weight Stability;SHAP Adjusted Weight Stability
Case135_10;1;10;1;0.9963488377352968;1.0;1.0;1.0
Case188_10;1;10;1;0.9711629449567688;1.0;1.0;1.0
Case192_10;0;10;0;0.9496488028731792;1.0;1.0;1.0
Case249_10;1;10;1;0.890543012461626;1.0;1.0;1.0
Case269_10;0;10;0;0.9599778243886988;1.0;1.0;1.0
Case37_10;1;10;1;0.9256794006247764;1.0;1.0;1.0
Case84_10;0;10;0;0.9913530775095624;1.0;1.0;1.0
Case9_10;0;10;0;0.9959472105313222;1.0;1.0;1.0
