"Case ID;Actual;Prefix Length;Prediction;Prediction Probability;SHAP Subset Stability;SHAP Weight Stability;SHAP Adjusted Weight Stability";LIME Subset Stability;LIME Weight Stability;LIME Adjusted Weight Stability
"Case195_5;0;5;0;0.9861722426096484;1.0;1.0;1.0";0.5799104345836059;0.9663630443908157;0.9663630443908157
"Case21_5;1;5;1;0.9986154297272888;1.0;1.0;1.0";0.7447266925606649;0.9759876830747862;0.9759876830747862
"Case22_5;1;5;1;0.9793381110021528;1.0;1.0;1.0";0.7294023704208799;0.9680436568133163;0.9680436568133163
"Case239_5;0;5;0;0.9885061501677062;1.0;1.0;1.0";0.7384935756682863;0.9623291540675213;0.9623291540675213
"Case44_5;1;5;1;0.9995583740431444;1.0;1.0;1.0";0.6848755109624676;0.9750915625079272;0.9750915625079272
"Case65_5;0;5;1;0.9857327603751084;1.0;1.0;1.0";0.7268767531348521;0.9558220655472244;0.9558220655472244
"Case78_5;1;5;1;0.9907928815899824;1.0;1.0;1.0";0.6877918214931865;0.9631795689745436;0.9631795689745436
"Case7_5;0;5;0;0.9706339547427402;1.0;1.0;1.0";0.7034356264499935;0.9730502449060188;0.9730502449060188
