Case ID,Actual,Prefix Length,Prediction,Prediction Probability
Case11_14,1,14,1,0.9998343007792033
Case12_14,0,14,0,0.999800957251004
Case188_14,1,14,0,0.7658065213145522
Case195_14,0,14,0,0.9998368724168472
Case238_14,1,14,1,0.9999818160349536
Case27_14,0,14,0,0.9998714293806996
Case28_14,1,14,1,0.5485296008322107
Case34_14,0,14,0,0.9998249887713154
