Case ID,Actual,Prefix Length,Prediction,Prediction Probability
Case102_13,1,13,1,0.9999639907382052
Case210_13,0,13,0,0.999950290253722
Case223_13,0,13,0,0.9999343900585144
Case267_13,1,13,1,0.9999690464732982
Case274_13,0,13,0,0.999976258397047
Case277_13,1,13,1,0.9999826603175509
Case78_13,1,13,1,0.9999771912990987
Case89_13,0,13,0,0.9999744998471845
