Case ID,Actual,Prefix Length,Prediction,Prediction Probability
Case126_3,1,3,1,0.9103370913652244
Case262_3,1,3,1,0.9954361302751222
Case269_3,0,3,0,0.5967242590184044
Case34_3,0,3,0,0.9809630645536898
Case4_3,0,3,1,0.9853114610031307
Case62_3,0,3,0,0.9952983458449673
Case73_3,1,3,1,0.9999755366750799
Case91_3,1,3,1,0.9833681395349306
