Case ID;Actual;Prefix Length;Prediction;Prediction Probability;SHAP Subset Stability;SHAP Weight Stability;SHAP Adjusted Weight Stability;LIME Subset Stability;LIME Weight Stability;LIME Adjusted Weight Stability;ACV Subset Stability;ACV Weight Stability;ACV Adjusted Weight Stability
205319_14;0;14;0;0.6214001233275223;1.0;1.0;1.0;-0.008882335016477949;0.9525170162242012;0.9525170162242012;;1.0;1.0
206198_14;1;14;0;0.9744707901992936;1.0;1.0;1.0;0.004582763337893425;0.947645195682038;0.947645195682038;;1.0;1.0
206438_14;1;14;1;0.5148466215321762;1.0;1.0;1.0;-0.10983681850110782;0.9626353757219503;0.9626353757219503;;1.0;1.0
206727_14;0;14;0;0.6456078599473332;1.0;1.0;1.0;0.1422575148061236;0.917938831847256;0.917938831847256;;1.0;1.0
206763_14;0;14;1;0.7016279526143493;1.0;1.0;1.0;-0.1186616738520101;0.9345480305172262;0.9345480305172262;;1.0;1.0
207275_14;1;14;0;0.5534232647170995;1.0;1.0;1.0;0.17888563049853412;0.9286433744145156;0.9286433744145156;;1.0;1.0
210969_14;1;14;0;0.803794031874797;1.0;1.0;1.0;-0.052695487486983834;0.965365111112277;0.965365111112277;;1.0;1.0
213792_14;0;14;1;0.7155546731542175;1.0;1.0;1.0;-0.06644744102015254;0.773407967261734;0.773407967261734;;1.0;1.0
