Case ID,Actual,Prefix Length,Prediction,Prediction Probability
AYYD_2,1,2,1,0.9999998510170058
CFJD_2,0,2,0,0.9841405319138686
DVAE_2,1,2,0,0.8683354950537883
EPID_2,1,2,0,0.95311763879542
ICME_2,0,2,0,0.9211744175431742
PTVD_2,0,2,0,0.8869560793154887
SXRD_2,1,2,0,0.9652921641748066
YEXD_2,0,2,0,0.9838183426040441
