Case ID,Actual,Prefix Length,Prediction,Prediction Probability
CSTD_5,0,5,0,0.9981940108207005
DHWD_5,1,5,1,0.5430301044463907
HCME_5,1,5,1,0.7755117084454448
IITD_5,0,5,0,0.9956217683792231
JNIE_5,0,5,0,0.9980853430948795
LZUD_5,1,5,0,0.9995865031229421
NXLD_5,1,5,0,0.9999263846824112
VSHE_5,0,5,0,0.9951409868198657
