Case ID;Actual;Prefix Length;Prediction;Prediction Probability;SHAP Subset Stability;SHAP Weight Stability;SHAP Adjusted Weight Stability
AYYD_2;1;2;1;0.9999998510170058;1.0;1.0;1.0
CFJD_2;0;2;0;0.9841405319138686;1.0;1.0;1.0
DVAE_2;1;2;0;0.8683354950537883;1.0;1.0;1.0
EPID_2;1;2;0;0.95311763879542;1.0;1.0;1.0
ICME_2;0;2;0;0.9211744175431742;1.0;1.0;1.0
PTVD_2;0;2;0;0.8869560793154887;1.0;1.0;1.0
SXRD_2;1;2;0;0.9652921641748066;1.0;1.0;1.0
YEXD_2;0;2;0;0.9838183426040441;1.0;1.0;1.0
