Case ID;Actual;Prefix Length;Prediction;Prediction Probability;SHAP Subset Stability;SHAP Weight Stability;SHAP Adjusted Weight Stability;LIME Subset Stability;LIME Weight Stability;LIME Adjusted Weight Stability
BHOE;1;1;0;0.9424791944212362;1.0;1.0;1.0;0.06241436230362307;0.9192202520423729;0.9192202520423729
BTME;1;1;0;0.8424544214454653;1.0;1.0;1.0;1.0;0.9252927922937034;0.9252927922937034
FYND;0;1;0;0.871113464038275;1.0;1.0;1.0;0.06735311064049676;0.8058148375940812;0.8058148375940812
PGGE;1;1;1;0.935312702777732;1.0;1.0;1.0;1.0;0.9008480979977787;0.9008480979977787
RDME;0;1;0;0.9614363954695748;1.0;1.0;1.0;0.06502146143103571;0.9146747657626163;0.9146747657626163
UGWD;0;1;0;0.9990757441060044;1.0;1.0;1.0;0.06668295340385466;0.8459752439958445;0.8459752439958445
XJOE;0;1;0;0.8507867084979909;1.0;1.0;1.0;1.0;0.9055949946805733;0.9055949946805733
XYLD;1;1;1;0.9291739036108788;1.0;1.0;1.0;1.0;0.9298985368516542;0.9298985368516542
