Case ID;Actual;Prefix Length;Prediction;Prediction Probability;SHAP Subset Stability;SHAP Weight Stability;SHAP Adjusted Weight Stability;LIME Subset Stability;LIME Weight Stability;LIME Adjusted Weight Stability
CSTD_5;0;5;0;0.9981940108207004;1.0;1.0;1.0;0.01617417684812117;0.9323954290302935;0.9323954290302935
DHWD_5;1;5;1;0.5430301044463907;1.0;1.0;1.0;0.4301053150526575;0.9381821181942034;0.9381821181942034
HCME_5;1;5;1;0.7755117084454448;1.0;1.0;1.0;0.4010208212223677;0.9260069275090882;0.9260069275090882
IITD_5;0;5;0;0.9956217683792232;1.0;1.0;1.0;0.04976774669078754;0.8877373171207484;0.8877373171207484
JNIE_5;0;5;0;0.9980853430948796;1.0;1.0;1.0;0.017553897465873658;0.9508851307762629;0.9508851307762629
LZUD_5;1;5;0;0.999586503122942;1.0;1.0;1.0;0.04980157200839974;0.28713323630444565;0.28713323630444565
NXLD_5;1;5;0;0.9999263846824112;1.0;1.0;1.0;0.0224667636930469;0.9495369356448815;0.9495369356448815
VSHE_5;0;5;0;0.9951409868198656;1.0;1.0;1.0;0.049921961477462196;0.95270080851444;0.95270080851444
