Case ID;Actual;Prefix Length;Prediction;Prediction Probability;SHAP Subset Stability;SHAP Weight Stability;SHAP Adjusted Weight Stability;LIME Subset Stability;LIME Weight Stability;LIME Adjusted Weight Stability
DYLD_6;0;6;0;0.9023509608887462;1.0;1.0;1.0;0.7022394643604721;0.88485738744456;0.88485738744456
GILD_6;0;6;0;0.9998477925531958;1.0;1.0;1.0;0.4997621791810546;0.9101343957544651;0.9101343957544651
HCME_6;1;6;1;0.9930813502518044;1.0;1.0;1.0;1.0;0.9338380348539295;0.9338380348539295
LDMD_6;1;6;0;0.9453506820932248;1.0;1.0;1.0;0.6962339174811321;0.9204091414147706;0.9204091414147706
LZUD_6;1;6;0;0.9772084044940051;1.0;1.0;1.0;0.7077718538520195;0.8932592901230191;0.8932592901230191
NYTD_6;1;6;1;0.8990012536337738;1.0;1.0;1.0;0.8887716005942607;0.9078585546372429;0.9078585546372429
OFCE_6;0;6;0;0.9983408762949048;1.0;1.0;1.0;0.48832385505942655;0.9268206677433537;0.9268206677433537
ZIIE_6;0;6;0;0.9998528025515316;1.0;1.0;1.0;0.4965951742627346;0.9267314864393561;0.9267314864393561
