Case ID,Actual,Prefix Length,Prediction,Prediction Probability
AYEE_3,1,3,1,0.9848852516867141
KGLD_3,0,3,0,0.9969031723841322
KZUD_3,0,3,0,0.9686530170841552
NWLD_3,1,3,1,0.9990321604030358
SHAE_3,1,3,0,0.8142770995165558
XJCE_3,0,3,0,0.9816555942301688
ZACE_3,0,3,0,0.9885727933421393
ZAJE_3,1,3,1,0.999355449282916
