Case ID;Actual;Prefix Length;Prediction;Prediction Probability;SHAP Subset Stability;SHAP Weight Stability;SHAP Adjusted Weight Stability;LIME Subset Stability;LIME Weight Stability;LIME Adjusted Weight Stability
AOJD_4;1;4;0;0.9653836177445942;1.0;1.0;1.0;1.0;0.8778264966241905;0.8778264966241905
DAGE_4;1;4;1;0.565925462109858;1.0;1.0;1.0;0.2694737811736613;0.8824126660094809;0.8824126660094809
JEZD_4;1;4;0;0.9606196036214536;1.0;1.0;1.0;1.0;0.8860650100063048;0.8860650100063048
LDMD_4;1;4;0;0.7825030170081892;1.0;1.0;1.0;0.7855404331412676;0.8981482948184621;0.8981482948184621
NXMD_4;0;4;0;0.998652924348254;1.0;1.0;1.0;1.0;0.8068628451320842;0.8068628451320842
RSHD_4;0;4;0;0.9943890512423791;1.0;1.0;1.0;1.0;0.854029625192784;0.854029625192784
VWRD_4;0;4;0;0.9634281518228792;1.0;1.0;1.0;0.028083963015287594;0.8840800754486015;0.8840800754486015
ZEOD_4;0;4;0;0.9986580099390628;1.0;1.0;1.0;0.02785055506401035;0.8341857764696603;0.8341857764696603
