Case ID,Actual,Prefix Length,Prediction,Prediction Probability
BELD_8,1,8,1,0.9026126891876708
CYID_8,0,8,0,0.9995373435798645
GWSD_8,1,8,1,0.7029515364748254
JFND_8,0,8,0,0.9999978315588094
RTMD_8,0,8,0,0.9999252955857172
TNND_8,0,8,0,0.999181509517207
URID_8,1,8,1,0.7214106555755112
XLHE_8,1,8,0,0.7408928505211646
