Case ID,Actual,Prefix Length,Prediction,Prediction Probability
ATH_13,1,13,1,0.9990984529241834
BPH_13,1,13,1,0.9401301130888438
LHH_13,1,13,1,0.9985443524641667
MWZ_13,0,13,0,0.9940710845676262
PBE_13,1,13,1,0.859496059023784
QIE_13,0,13,0,0.9987445473523497
WYBB_13,0,13,0,0.9999434560709358
XHDE_13,0,13,0,0.9997236126939291
