Case ID;Actual;Prefix Length;Prediction;Prediction Probability;SHAP Subset Stability;SHAP Weight Stability;SHAP Adjusted Weight Stability
AOJD_4;1;4;0;0.9653836177445942;1.0;1.0;1.0
DAGE_4;1;4;1;0.565925462109858;1.0;1.0;1.0
JEZD_4;1;4;0;0.9606196036214535;1.0;1.0;1.0
LDMD_4;1;4;0;0.7825030170081892;1.0;1.0;1.0
NXMD_4;0;4;0;0.9986529243482541;1.0;1.0;1.0
RSHD_4;0;4;0;0.994389051242379;1.0;1.0;1.0
VWRD_4;0;4;0;0.9634281518228791;1.0;1.0;1.0
ZEOD_4;0;4;0;0.9986580099390628;1.0;1.0;1.0
