Case ID,Actual,Prefix Length,Prediction,Prediction Probability
DYLD_6,0,6,0,0.9023509608887462
GILD_6,0,6,0,0.9998477925531958
HCME_6,1,6,1,0.9930813502518044
LDMD_6,1,6,0,0.9453506820932247
LZUD_6,1,6,0,0.9772084044940053
NYTD_6,1,6,1,0.8990012536337738
OFCE_6,0,6,0,0.9983408762949049
ZIIE_6,0,6,0,0.9998528025515315
