Case ID;Actual;Prefix Length;Prediction;Prediction Probability;SHAP Subset Stability;SHAP Weight Stability;SHAP Adjusted Weight Stability
AIM_10;0;10;0;0.999999862453993;1.0;1.0;1.0
BVGA_10;0;10;0;0.9990857774924566;1.0;1.0;1.0
BWVA_10;1;10;1;0.9999845454384475;1.0;1.0;1.0
COVA_10;1;10;1;0.9999905558147929;1.0;1.0;1.0
DYBB_10;0;10;0;0.9999998077516149;1.0;1.0;1.0
HVHB_10;0;10;0;0.9999999998047241;1.0;1.0;1.0
KDB_10;1;10;1;0.9999194467415526;1.0;1.0;1.0
YTM_10;1;10;1;0.9976610647241391;1.0;1.0;1.0
