Case ID;Actual;Prefix Length;Prediction;Prediction Probability;SHAP Subset Stability;SHAP Weight Stability;SHAP Adjusted Weight Stability
DYLD_6;0;6;0;0.9023509608887462;1.0;1.0;1.0
GILD_6;0;6;0;0.9998477925531958;1.0;1.0;1.0
HCME_6;1;6;1;0.9930813502518044;1.0;1.0;1.0
LDMD_6;1;6;0;0.9453506820932247;1.0;1.0;1.0
LZUD_6;1;6;0;0.9772084044940053;1.0;1.0;1.0
NYTD_6;1;6;1;0.8990012536337738;1.0;1.0;1.0
OFCE_6;0;6;0;0.9983408762949049;1.0;1.0;1.0
ZIIE_6;0;6;0;0.9998528025515315;1.0;1.0;1.0
