Case ID,Actual,Prefix Length,Prediction,Prediction Probability
BEV_14,0,14,0,0.9999296254646698
IOEE_14,1,14,0,0.9999984740368502
JAL_14,0,14,0,0.999883095911777
LHH_14,1,14,1,0.9999983862863012
RMEA_14,1,14,1,0.9983329846983191
WQFA_14,0,14,0,0.9999712402873129
XOO_14,0,14,0,0.9999999992597403
ZVMD_14,1,14,0,0.9962074143765711
