Case ID;Actual;Prefix Length;Prediction;Prediction Probability;SHAP Subset Stability;SHAP Weight Stability;SHAP Adjusted Weight Stability;LIME Subset Stability;LIME Weight Stability;LIME Adjusted Weight Stability
AYYD_2;1;2;1;0.9999998510170058;1.0;1.0;1.0;0.5550918412035963;0.4383454831562116;0.4383454831562116
CFJD_2;0;2;0;0.9841405319138686;1.0;1.0;1.0;0.23963261907525202;-0.5165669140574325;-0.5165669140574325
DVAE_2;1;2;0;0.8683354950537883;1.0;1.0;1.0;0.24236443865421275;0.45949640754622245;0.45949640754622245
EPID_2;1;2;0;0.9531176387954201;1.0;1.0;1.0;0.254196063014436;0.571350664999113;0.571350664999113
ICME_2;0;2;0;0.9211744175431742;1.0;1.0;1.0;0.212345844177957;0.35600992896352324;0.35600992896352324
PTVD_2;0;2;0;0.8869560793154887;1.0;1.0;1.0;0.23965831244778601;0.5466127204171134;0.5466127204171134
SXRD_2;1;2;0;0.9652921641748066;1.0;1.0;1.0;0.21510103937759484;0.612015258679586;0.612015258679586
YEXD_2;0;2;0;0.983818342604044;1.0;1.0;1.0;0.2553406975997946;0.6215304011526716;0.6215304011526716
