Case ID;Actual;Prefix Length;Prediction;Prediction Probability;SHAP Subset Stability;SHAP Weight Stability;SHAP Adjusted Weight Stability
BEV_14;0;14;0;0.9999296254646698;1.0;1.0;1.0
IOEE_14;1;14;0;0.9999984740368502;1.0;1.0;1.0
JAL_14;0;14;0;0.999883095911777;1.0;1.0;1.0
LHH_14;1;14;1;0.9999983862863012;1.0;1.0;1.0
RMEA_14;1;14;1;0.9983329846983191;1.0;1.0;1.0
WQFA_14;0;14;0;0.9999712402873129;1.0;1.0;1.0
XOO_14;0;14;0;0.9999999992597403;1.0;1.0;1.0
ZVMD_14;1;14;0;0.9962074143765711;1.0;1.0;1.0
