Case ID;Actual;Prefix Length;Prediction;Prediction Probability;SHAP Subset Stability;SHAP Weight Stability;SHAP Adjusted Weight Stability
CSTD_5;0;5;0;0.9981940108207005;1.0;1.0;1.0
DHWD_5;1;5;1;0.5430301044463907;1.0;1.0;1.0
HCME_5;1;5;1;0.7755117084454448;1.0;1.0;1.0
IITD_5;0;5;0;0.9956217683792231;1.0;1.0;1.0
JNIE_5;0;5;0;0.9980853430948795;1.0;1.0;1.0
LZUD_5;1;5;0;0.9995865031229421;1.0;1.0;1.0
NXLD_5;1;5;0;0.9999263846824112;1.0;1.0;1.0
VSHE_5;0;5;0;0.9951409868198657;1.0;1.0;1.0
