Case ID;Actual;Prefix Length;Prediction;Prediction Probability;SHAP Subset Stability;SHAP Weight Stability;SHAP Adjusted Weight Stability
AZKD_7;0;7;0;0.999999999999998;1.0;1.0;1.0
CDPD_7;1;7;0;0.8111811118206884;1.0;1.0;1.0
EJSD_7;1;7;0;0.9999969148759988;1.0;1.0;1.0
JJWD_7;1;7;0;0.9607499276402011;1.0;1.0;1.0
OMOD_7;0;7;0;0.9999999553358964;1.0;1.0;1.0
SROD_7;0;7;0;0.9999994973841918;1.0;1.0;1.0
WCGE_7;0;7;0;0.9972732686060287;1.0;1.0;1.0
WCQD_7;1;7;1;0.9188630055133974;1.0;1.0;1.0
