Case ID;Actual;Prefix Length;Prediction;Prediction Probability;SHAP Subset Stability;SHAP Weight Stability;SHAP Adjusted Weight Stability;LIME Subset Stability;LIME Weight Stability;LIME Adjusted Weight Stability
AYEE_3;1;3;1;0.984885251686714;1.0;1.0;1.0;0.8331001787518457;0.5116375300208122;0.5116375300208122
KGLD_3;0;3;0;0.9969031723841322;1.0;1.0;1.0;0.24807422969187654;0.7862974693041797;0.7862974693041797
KZUD_3;0;3;0;0.9686530170841552;1.0;1.0;1.0;0.14800266454770594;0.644734931061308;0.644734931061308
NWLD_3;1;3;1;0.9990321604030358;1.0;1.0;1.0;0.7138192963752665;0.776813806021525;0.776813806021525
SHAE_3;1;3;0;0.8142770995165558;1.0;1.0;1.0;0.14799555489210636;0.7536512885967439;0.7536512885967439
XJCE_3;0;3;0;0.9816555942301688;1.0;1.0;1.0;0.22700696552260857;0.7789397759782624;0.7789397759782624
ZACE_3;0;3;0;0.9885727933421392;1.0;1.0;1.0;0.14048587319640293;0.8112359428774059;0.8112359428774059
ZAJE_3;1;3;1;0.9993554492829159;1.0;1.0;1.0;0.7138192963752665;0.6546288032945122;0.6546288032945122
