Case ID;Actual;Prefix Length;Prediction;Prediction Probability;SHAP Subset Stability;SHAP Weight Stability;SHAP Adjusted Weight Stability
ATH_13;1;13;1;0.9990984529241834;1.0;1.0;1.0
BPH_13;1;13;1;0.9401301130888438;1.0;1.0;1.0
LHH_13;1;13;1;0.9985443524641667;1.0;1.0;1.0
MWZ_13;0;13;0;0.9940710845676262;1.0;1.0;1.0
PBE_13;1;13;1;0.859496059023784;1.0;1.0;1.0
QIE_13;0;13;0;0.9987445473523497;1.0;1.0;1.0
WYBB_13;0;13;0;0.9999434560709358;1.0;1.0;1.0
XHDE_13;0;13;0;0.9997236126939291;1.0;1.0;1.0
