Case ID,Actual,Prefix Length,Prediction,Prediction Probability
AIM_10,0,10,0,0.999999862453993
BVGA_10,0,10,0,0.9990857774924566
BWVA_10,1,10,1,0.9999845454384475
COVA_10,1,10,1,0.9999905558147929
DYBB_10,0,10,0,0.9999998077516149
HVHB_10,0,10,0,0.9999999998047241
KDB_10,1,10,1,0.9999194467415526
YTM_10,1,10,1,0.9976610647241391
