Case ID;Actual;Prefix Length;Prediction;Prediction Probability;SHAP Subset Stability;SHAP Weight Stability;SHAP Adjusted Weight Stability
AYEE_3;1;3;1;0.9848852516867141;1.0;1.0;1.0
KGLD_3;0;3;0;0.9969031723841322;1.0;1.0;1.0
KZUD_3;0;3;0;0.9686530170841552;1.0;1.0;1.0
NWLD_3;1;3;1;0.9990321604030358;1.0;1.0;1.0
SHAE_3;1;3;0;0.8142770995165558;1.0;1.0;1.0
XJCE_3;0;3;0;0.9816555942301688;1.0;1.0;1.0
ZACE_3;0;3;0;0.9885727933421393;1.0;1.0;1.0
ZAJE_3;1;3;1;0.999355449282916;1.0;1.0;1.0
