Case ID;Actual;Prefix Length;Prediction;Prediction Probability;SHAP Subset Stability;SHAP Weight Stability;SHAP Adjusted Weight Stability
BELD_8;1;8;1;0.9026126891876708;1.0;1.0;1.0
CYID_8;0;8;0;0.9995373435798645;1.0;1.0;1.0
GWSD_8;1;8;1;0.7029515364748254;1.0;1.0;1.0
JFND_8;0;8;0;0.9999978315588094;1.0;1.0;1.0
RTMD_8;0;8;0;0.9999252955857172;1.0;1.0;1.0
TNND_8;0;8;0;0.999181509517207;1.0;1.0;1.0
URID_8;1;8;1;0.7214106555755112;1.0;1.0;1.0
XLHE_8;1;8;0;0.7408928505211646;1.0;1.0;1.0
