Case ID;Actual;Prefix Length;Prediction;Prediction Probability;SHAP Subset Stability;SHAP Weight Stability;SHAP Adjusted Weight Stability;LIME Subset Stability;LIME Weight Stability;LIME Adjusted Weight Stability
AIM_10;0;10;0;0.999999862453993;1.0;1.0;1.0;0.2959032333225794;0.4281910777538619;0.4281910777538619
BVGA_10;0;10;0;0.9990857774924566;1.0;1.0;1.0;0.19101443317939515;0.055287240790912184;0.055287240790912184
BWVA_10;1;10;1;0.9999845454384476;1.0;1.0;1.0;0.2165962270522882;0.5219879918215504;0.5219879918215504
COVA_10;1;10;1;0.9999905558147928;1.0;1.0;1.0;0.7850920081785048;0.5744732848501215;0.5744732848501215
DYBB_10;0;10;0;0.9999998077516148;1.0;1.0;1.0;0.22900273813009464;0.6624875271413554;0.6624875271413554
HVHB_10;0;10;0;0.999999999804724;1.0;1.0;1.0;0.24786945056631893;0.48046090503869465;0.48046090503869465
KDB_10;1;10;1;0.9999194467415526;1.0;1.0;1.0;0.7211842317717343;0.4807776979194983;0.4807776979194983
YTM_10;1;10;1;0.9976610647241392;1.0;1.0;1.0;0.6660450338444537;-1.1851669966221707;-1.1851669966221707
