Case ID;Actual;Prefix Length;Prediction;Prediction Probability;SHAP Subset Stability;SHAP Weight Stability;SHAP Adjusted Weight Stability
FRJD_9;0;9;0;0.9999991792447417;1.0;1.0;1.0
HISD_9;1;9;1;0.9999999999948765;1.0;1.0;1.0
IIVD_9;0;9;1;0.9954552894898813;1.0;1.0;1.0
IOEE_9;1;9;0;0.9999998142015348;1.0;1.0;1.0
IQKD_9;0;9;0;0.9999999480015916;1.0;1.0;1.0
JISD_9;1;9;0;0.9988203276134909;1.0;1.0;1.0
OUMD_9;0;9;0;0.9999999865535412;1.0;1.0;1.0
SQFE_9;1;9;0;0.9981976264854797;1.0;1.0;1.0
