Case ID;Actual;Prefix Length;Prediction;Prediction Probability;SHAP Subset Stability;SHAP Weight Stability;SHAP Adjusted Weight Stability;LIME Subset Stability;LIME Weight Stability;LIME Adjusted Weight Stability
DFHA_11;0;11;0;0.9998563046219218;1.0;1.0;1.0;0.5349497522026431;0.8673303392299423;0.8673303392299423
DUX_11;0;11;0;0.9998482904114651;1.0;1.0;1.0;0.48797784634415475;0.7901186830106327;0.7901186830106327
GOEA_11;0;11;0;0.9999866194418664;1.0;1.0;1.0;0.4973555433798207;0.7791016481669308;0.7791016481669308
GXYD_11;1;11;0;0.981511017801148;1.0;1.0;1.0;0.5097413515052944;0.7316751172463392;0.7316751172463392
JISD_11;1;11;0;0.9976152340789508;1.0;1.0;1.0;0.46504406961657185;0.8231046004878279;0.8231046004878279
JOTA_11;1;11;1;0.9999995400410358;1.0;1.0;1.0;0.6918994073768627;0.8084656642564211;0.8084656642564211
OGL_11;1;11;1;0.9700245611520266;1.0;1.0;1.0;0.5166442992181117;0.8821644167750653;0.8821644167750653
QBD_11;0;11;0;0.99922549033479;1.0;1.0;1.0;0.5825030610040094;0.8215647428788483;0.8215647428788483
