Case ID,Actual,Prefix Length,Prediction,Prediction Probability
DFHA_11,0,11,0,0.9998563046219218
DUX_11,0,11,0,0.999848290411465
GOEA_11,0,11,0,0.9999866194418663
GXYD_11,1,11,0,0.9815110178011479
JISD_11,1,11,0,0.9976152340789509
JOTA_11,1,11,1,0.9999995400410358
OGL_11,1,11,1,0.9700245611520266
QBD_11,0,11,0,0.9992254903347901
