Case ID,Actual,Prefix Length,Prediction,Prediction Probability
CMM_12,1,12,1,0.9928985920820769
RMEA_12,1,12,1,0.9970493087842954
RVAA_12,0,12,0,0.9999589443275594
SXPA_12,0,12,0,0.9999998746403119
VLOA_12,1,12,1,0.997473193316269
WIU_12,0,12,0,0.9999999999365803
WPRC_12,1,12,1,0.989938157072054
WXY_12,0,12,0,0.9999989544250617
