Case ID;Actual;Prefix Length;Prediction;Prediction Probability;SHAP Subset Stability;SHAP Weight Stability;SHAP Adjusted Weight Stability;LIME Subset Stability;LIME Weight Stability;LIME Adjusted Weight Stability
BEV_14;0;14;0;0.9999296254646698;1.0;1.0;1.0;0.6650226058364161;0.8872496153450098;0.8872496153450098
IOEE_14;1;14;0;0.9999984740368502;1.0;1.0;1.0;0.7260401882423246;0.8305762348375181;0.8305762348375181
JAL_14;0;14;0;0.999883095911777;1.0;1.0;1.0;0.6650226058364161;0.7664505202531825;0.7664505202531825
LHH_14;1;14;1;0.9999983862863012;1.0;1.0;1.0;0.8112649238369699;0.8935275858745597;0.8935275858745597
RMEA_14;1;14;1;0.9983329846983192;1.0;1.0;1.0;0.8112649238369699;0.892267758671847;0.892267758671847
WQFA_14;0;14;0;0.9999712402873128;1.0;1.0;1.0;0.6650226058364161;0.8432451768327838;0.8432451768327838
XOO_14;0;14;0;0.9999999992597404;1.0;1.0;1.0;0.6650226058364161;0.8483898977268348;0.8483898977268348
ZVMD_14;1;14;0;0.9962074143765712;1.0;1.0;1.0;0.763058435894951;0.6460861756396383;0.6460861756396383
