Case ID,Actual,Prefix Length,Prediction,Prediction Probability
AOJD_4,1,4,0,0.9653836177445942
DAGE_4,1,4,1,0.565925462109858
JEZD_4,1,4,0,0.9606196036214535
LDMD_4,1,4,0,0.7825030170081892
NXMD_4,0,4,0,0.9986529243482541
RSHD_4,0,4,0,0.994389051242379
VWRD_4,0,4,0,0.9634281518228791
ZEOD_4,0,4,0,0.9986580099390628
