Case ID,Actual,Prefix Length,Prediction,Prediction Probability
BHOE,1,1,0,0.9424791944212362
BTME,1,1,0,0.8424544214454653
FYND,0,1,0,0.871113464038275
PGGE,1,1,1,0.935312702777732
RDME,0,1,0,0.9614363954695749
UGWD,0,1,0,0.9990757441060043
XJOE,0,1,0,0.8507867084979909
XYLD,1,1,1,0.9291739036108789
