Case ID;Actual;Prefix Length;Prediction;Prediction Probability;SHAP Subset Stability;SHAP Weight Stability;SHAP Adjusted Weight Stability;LIME Subset Stability;LIME Weight Stability;LIME Adjusted Weight Stability
CMM_12;1;12;1;0.9928985920820768;1.0;1.0;1.0;0.6935369265613666;0.7377349749261936;0.7377349749261936
RMEA_12;1;12;1;0.9970493087842954;1.0;1.0;1.0;0.8386805012879511;0.7727437652263717;0.7727437652263717
RVAA_12;0;12;0;0.9999589443275594;1.0;1.0;1.0;0.8135651330423294;0.7875741705223576;0.7875741705223576
SXPA_12;0;12;0;0.999999874640312;1.0;1.0;1.0;0.6911461242475019;0.5812310696979077;0.5812310696979077
VLOA_12;1;12;1;0.997473193316269;1.0;1.0;1.0;0.7538977986881417;0.7413344776695838;0.7413344776695838
WIU_12;0;12;0;0.9999999999365804;1.0;1.0;1.0;0.73243788153154;-0.4853540165606298;-0.4853540165606298
WPRC_12;1;12;1;0.9899381570720541;1.0;1.0;1.0;0.6773610025759021;0.42078971169727974;0.42078971169727974
WXY_12;0;12;0;0.9999989544250616;1.0;1.0;1.0;0.5896898688689094;0.5779425640648429;0.5779425640648429
