Case ID;Actual;Prefix Length;Prediction;Prediction Probability;SHAP Subset Stability;SHAP Weight Stability;SHAP Adjusted Weight Stability
CMM_12;1;12;1;0.9928985920820769;1.0;1.0;1.0
RMEA_12;1;12;1;0.9970493087842954;1.0;1.0;1.0
RVAA_12;0;12;0;0.9999589443275594;1.0;1.0;1.0
SXPA_12;0;12;0;0.9999998746403119;1.0;1.0;1.0
VLOA_12;1;12;1;0.997473193316269;1.0;1.0;1.0
WIU_12;0;12;0;0.9999999999365803;1.0;1.0;1.0
WPRC_12;1;12;1;0.989938157072054;1.0;1.0;1.0
WXY_12;0;12;0;0.9999989544250617;1.0;1.0;1.0
