Case ID;Actual;Prefix Length;Prediction;Prediction Probability;SHAP Subset Stability;SHAP Weight Stability;SHAP Adjusted Weight Stability;LIME Subset Stability;LIME Weight Stability;LIME Adjusted Weight Stability
AZKD_7;0;7;0;0.9999999999999979;1.0;1.0;1.0;0.10816179347584953;0.6850253563364932;0.6850253563364932
CDPD_7;1;7;0;0.8111811118206884;1.0;1.0;1.0;1.0;0.6869209349868637;0.6869209349868637
EJSD_7;1;7;0;0.9999969148759988;1.0;1.0;1.0;0.11446579910736665;-0.5521214526391374;-0.5521214526391374
JJWD_7;1;7;0;0.9607499276402012;1.0;1.0;1.0;0.15874045251477176;0.4950255899766144;0.4950255899766144
OMOD_7;0;7;0;0.9999999553358964;1.0;1.0;1.0;0.10210043979916572;0.682198526129423;0.682198526129423
SROD_7;0;7;0;0.9999994973841918;1.0;1.0;1.0;0.11203332559871282;0.5542286300533141;0.5542286300533141
WCGE_7;0;7;0;0.9972732686060288;1.0;1.0;1.0;0.10830119875207611;0.5227825193578775;0.5227825193578775
WCQD_7;1;7;1;0.9188630055133974;1.0;1.0;1.0;1.0;0.42960466132849795;0.42960466132849795
