Case ID;Actual;Prefix Length;Prediction;Prediction Probability;SHAP Subset Stability;SHAP Weight Stability;SHAP Adjusted Weight Stability;LIME Subset Stability;LIME Weight Stability;LIME Adjusted Weight Stability
FRJD_9;0;9;0;0.9999991792447416;1.0;1.0;1.0;0.38158737553135735;0.7919311235780182;0.7919311235780182
HISD_9;1;9;1;0.9999999999948764;1.0;1.0;1.0;0.3721623155505107;0.6884044761478314;0.6884044761478314
IIVD_9;0;9;1;0.9954552894898812;1.0;1.0;1.0;0.38158737553135735;0.6220416726629547;0.6220416726629547
IOEE_9;1;9;0;0.9999998142015348;1.0;1.0;1.0;0.38158737553135735;0.7752302259493737;0.7752302259493737
IQKD_9;0;9;0;0.9999999480015916;1.0;1.0;1.0;0.38158737553135735;0.7846943850904589;0.7846943850904589
JISD_9;1;9;0;0.9988203276134908;1.0;1.0;1.0;0.38158737553135735;0.4135432436638282;0.4135432436638282
OUMD_9;0;9;0;0.9999999865535412;1.0;1.0;1.0;0.3721623155505107;0.7495185136104479;0.7495185136104479
SQFE_9;1;9;0;0.9981976264854796;1.0;1.0;1.0;0.38158737553135735;0.5509970910794952;0.5509970910794952
