Case ID;Actual;Prefix Length;Prediction;Prediction Probability;SHAP Subset Stability;SHAP Weight Stability;SHAP Adjusted Weight Stability;LIME Subset Stability;LIME Weight Stability;LIME Adjusted Weight Stability
BELD_8;1;8;1;0.9026126891876708;1.0;1.0;1.0;0.3324197163005598;0.7639929849884299;0.7639929849884299
CYID_8;0;8;0;0.9995373435798643;1.0;1.0;1.0;0.24292030652722107;0.7960124801237869;0.7960124801237869
GWSD_8;1;8;1;0.7029515364748254;1.0;1.0;1.0;0.3149935284037013;0.5414380991076255;0.5414380991076255
JFND_8;0;8;0;0.9999978315588094;1.0;1.0;1.0;0.25557646544442525;0.3565451617365829;0.3565451617365829
RTMD_8;0;8;0;0.9999252955857172;1.0;1.0;1.0;0.21703977886447612;0.8389693144491586;0.8389693144491586
TNND_8;0;8;0;0.999181509517207;1.0;1.0;1.0;0.31596770601060986;0.712625651753525;0.712625651753525
URID_8;1;8;1;0.7214106555755112;1.0;1.0;1.0;0.3576112770740001;0.546895083027063;0.546895083027063
XLHE_8;1;8;0;0.7408928505211646;1.0;1.0;1.0;0.30861864939605677;0.794534558325581;0.794534558325581
