Case ID;Actual;Prefix Length;Prediction;Prediction Probability;SHAP Subset Stability;SHAP Weight Stability;SHAP Adjusted Weight Stability
BHOE;1;1;0;0.9424791944212362;1.0;1.0;1.0
BTME;1;1;0;0.8424544214454653;1.0;1.0;1.0
FYND;0;1;0;0.871113464038275;1.0;1.0;1.0
PGGE;1;1;1;0.935312702777732;1.0;1.0;1.0
RDME;0;1;0;0.9614363954695749;1.0;1.0;1.0
UGWD;0;1;0;0.9990757441060043;1.0;1.0;1.0
XJOE;0;1;0;0.8507867084979909;1.0;1.0;1.0
XYLD;1;1;1;0.9291739036108789;1.0;1.0;1.0
