Case ID,Actual,Prefix Length,Prediction,Prediction Probability
AZKD_7,0,7,0,0.999999999999998
CDPD_7,1,7,0,0.8111811118206884
EJSD_7,1,7,0,0.9999969148759988
JJWD_7,1,7,0,0.9607499276402011
OMOD_7,0,7,0,0.9999999553358964
SROD_7,0,7,0,0.9999994973841918
WCGE_7,0,7,0,0.9972732686060287
WCQD_7,1,7,1,0.9188630055133974
