Case ID;Actual;Prefix Length;Prediction;Prediction Probability;SHAP Subset Stability;SHAP Weight Stability;SHAP Adjusted Weight Stability
DFHA_11;0;11;0;0.9998563046219218;1.0;1.0;1.0
DUX_11;0;11;0;0.999848290411465;1.0;1.0;1.0
GOEA_11;0;11;0;0.9999866194418663;1.0;1.0;1.0
GXYD_11;1;11;0;0.9815110178011479;1.0;1.0;1.0
JISD_11;1;11;0;0.9976152340789509;1.0;1.0;1.0
JOTA_11;1;11;1;0.9999995400410358;1.0;1.0;1.0
OGL_11;1;11;1;0.9700245611520266;1.0;1.0;1.0
QBD_11;0;11;0;0.9992254903347901;1.0;1.0;1.0
