Actual;Prediction;Prediction Probability
0;0;0.963814418
0;0;0.984351452
0;0;0.990403405
0;0;0.937863356
0;0;0.973340669
0;0;0.995986051
0;0;0.978473213
0;0;0.839716101
0;0;0.946804333
0;0;0.534679353
0;0;0.911836085
0;0;0.998534153
0;0;0.875846752
1;1;0.976037266
1;1;0.977705068
1;1;0.979084645
1;1;0.979045543
1;1;0.986996633
1;1;0.976070063
1;1;0.970677265
1;1;0.959365023
1;1;0.975184366
1;1;0.971174905
1;1;0.980675368
1;1;0.968303185
1;1;0.975307666
