Case ID,Actual,Prefix Length,Prediction,Prediction Probability
204915_3,0,3,0,0.6876312399792844
207726_3,0,3,1,0.6356466642208324
211095_3,1,3,0,0.5718615839783342
211916_3,0,3,0,0.7420774603782884
212274_3,1,3,1,0.5079601719391437
213052_3,1,3,1,0.5742943583173671
