Case ID,Actual,Prefix Length,Prediction,Prediction Probability
205370_10,0,10,1,0.6784063741650028
205556_10,0,10,0,0.6393969156134957
207611_10,1,10,0,0.9122669994512287
211357_10,0,10,0,0.5056982599329659
213423_10,1,10,1,0.562428432598734
213675_10,1,10,0,0.8864334348309532
