Case ID,Actual,Prefix Length,Prediction,Prediction Probability
205059_12,1,12,1,0.5964824942799986
206294_12,0,12,0,0.8396525242434615
206309_12,1,12,1,0.5375993851145167
206351_12,1,12,0,0.8387062456427653
209664_12,0,12,0,0.8837207822194547
209721_12,1,12,1,0.6681568145311931
210032_12,0,12,1,0.5221622519655923
212346_12,0,12,0,0.8883723663369051
