Case ID,Actual,Prefix Length,Prediction,Prediction Probability
205382_4,0,4,0,0.9889055022844885
207759_4,0,4,0,0.9528689307904705
207831_4,0,4,0,0.9857185942199536
208169_4,1,4,0,0.9403992854289808
208229_4,1,4,0,0.943865777184976
209395_4,1,4,0,0.9569533338704006
210071_4,0,4,0,0.9860993915752247
211898_4,1,4,0,0.9574658902761719
