Case ID,Actual,Prefix Length,Prediction,Prediction Probability
204718_6,1,6,0,0.601043190693564
204724_6,0,6,0,0.6982948755020334
204987_6,1,6,1,0.5079355795405854
205322_6,1,6,1,0.5337226725852134
207143_6,0,6,0,0.6180978151110721
209398_6,0,6,0,0.5011879012360733
210827_6,1,6,0,0.5477160810614085
214025_6,0,6,0,0.6008662134406877
