Case ID,Actual,Prefix Length,Prediction,Prediction Probability
204679_5,0,5,0,0.7529203103382827
205499_5,0,5,0,0.7102309425418304
206047_5,1,5,0,0.6970224820011646
208241_5,0,5,0,0.6804852253480841
208382_5,0,5,1,0.5238527049865707
209592_5,1,5,0,0.5288961014135537
211287_5,1,5,0,0.5618630439448612
213675_5,1,5,0,0.529828108055597
