Case ID,Actual,Prefix Length,Prediction,Prediction Probability
205167_7,1,7,0,0.76836887225638
206423_7,0,7,0,0.5312364584290652
209323_7,1,7,0,0.9169759822031701
211549_7,1,7,0,0.9723768402210209
211907_7,0,7,0,0.9386333064998067
212563_7,0,7,0,0.8456406719614159
