Case ID;Actual;Prefix Length;Prediction;Prediction Probability;SHAP Subset Stability;SHAP Weight Stability;SHAP Adjusted Weight Stability
205125_3;1;3;0;0.7696590090524293;1.0;0.707462203283882;0.707462203283882
205322_3;1;3;0;0.5431056607440231;1.0;0.8459435975576141;0.8459435975576141
206216_3;0;3;0;0.5372099977926222;1.0;0.8284563043710786;0.8284563043710786
207041_3;0;3;0;0.6733821661846432;1.0;0.9166209571740417;0.9166209571740417
211543_3;0;3;0;0.6568237142346822;1.0;0.6240800451868493;0.6240800451868493
211850_3;1;3;0;0.5003364563030475;1.0;0.8902668310951924;0.8902668310951924
212413_3;0;3;0;0.5855415022733621;1.0;0.8282918950484123;0.8282918950484123
213459_3;1;3;0;0.5616463830300857;1.0;0.8948329853712912;0.8948329853712912
