Case ID,Actual,Prefix Length,Prediction,Prediction Probability
207711_13,0,13,0,0.5110442676276387
208832_13,1,13,0,0.5279485782944003
210638_13,0,13,1,0.5517861413695043
211528_13,0,13,0,0.5136533292369054
212196_13,1,13,0,0.6038710259894633
213459_13,1,13,0,0.525646896977295
