Case ID;Actual;Prefix Length;Prediction;Prediction Probability;SHAP Subset Stability;SHAP Weight Stability;SHAP Adjusted Weight Stability
205086_6;0;6;0;0.5696200970798782;1.0;0.9966247179711951;0.9966247179711951
205655_6;1;6;0;0.630341251807219;1.0;0.9966950156275108;0.9966950156275108
206528_6;0;6;0;0.7908868931314232;1.0;0.9962242836786108;0.9962242836786108
206727_6;0;6;0;0.6828806942400039;1.0;0.9979600758877647;0.9979600758877647
211116_6;1;6;0;0.5315019107071158;1.0;0.997189175212213;0.997189175212213
211588_6;1;6;0;0.7901474149859287;1.0;0.9876746434677126;0.9876746434677126
212184_6;0;6;1;0.753461167971596;1.0;0.9913630637166134;0.9913630637166134
214139_6;1;6;1;0.5114053190764762;1.0;0.99546932231576;0.99546932231576
