Case ID,Actual,Prefix Length,Prediction,Prediction Probability
205131_9,1,9,1,0.5806642196409697
206627_9,1,9,0,0.6959577132066533
207041_9,0,9,1,0.6689941029595279
208118_9,1,9,0,0.6592344969698526
208136_9,0,9,1,0.5613503150773232
211275_9,0,9,0,0.6090541826702088
211423_9,0,9,0,0.6595025276218675
213995_9,1,9,0,0.5812713299705227
