Case ID,Actual,Prefix Length,Prediction,Prediction Probability
204862_2,1,2,0,0.9722568118637094
206165_2,0,2,0,0.6770485709531531
206309_2,1,2,1,0.5313675404702393
207798_2,0,2,0,0.5323815030700038
209284_2,1,2,0,0.8148795129804431
209808_2,1,2,0,0.5082592969573249
210224_2,0,2,1,0.5582158957806393
213495_2,0,2,0,0.5856854376940318
