Case ID,Actual,Prefix Length,Prediction,Prediction Probability
205361_3,1,3,0,0.5601685384578963
205655_3,1,3,1,0.6851076028511804
207732_3,0,3,1,0.5923462517186245
208028_3,1,3,1,0.5269237888429399
208286_3,0,3,0,0.5067227616417702
209577_3,1,3,0,0.7708307578515371
209841_3,0,3,1,0.6358892520774291
212857_3,0,3,1,0.6091079592946392
