Case ID,Actual,Prefix Length,Prediction,Prediction Probability
205535_11,1,11,0,0.9969284279913359
206417_11,0,11,0,0.9999466742994785
206736_11,0,11,0,0.9938918355423972
208052_11,1,11,0,0.8133952182768441
208898_11,1,11,1,1.0
211916_11,0,11,0,0.9998158248161245
