Case ID,Actual,Prefix Length,Prediction,Prediction Probability
205474.0,0.0,1.0,0.0,0.8068618835850052
205754.0,0.0,1.0,0.0,0.5149675494332647
205846.0,0.0,1.0,0.0,0.5571571570444542
205873.0,1.0,1.0,0.0,0.5385955136902737
212593.0,1.0,1.0,1.0,0.5210361721591307
212944.0,1.0,1.0,1.0,0.5434650494614718
