Case ID,Actual,Prefix Length,Prediction,Prediction Probability
205238_8,0,8,0,0.6686255504998
206348_8,0,8,0,0.9140620814969665
207873_8,0,8,0,0.8193046539966108
209502_8,1,8,0,0.9520025383035946
210251_8,1,8,0,0.9405546764201863
212012_8,1,8,1,0.9999996778535806
212295_8,1,8,0,0.8793026787067866
212557_8,0,8,0,0.9999999716583798
