Case ID,Actual,Prefix Length,Prediction,Prediction Probability
205125_3,1,3,0,0.7696590090524293
205322_3,1,3,0,0.5431056607440231
206216_3,0,3,0,0.5372099977926222
207041_3,0,3,0,0.6733821661846432
211543_3,0,3,0,0.6568237142346822
211850_3,1,3,0,0.5003364563030475
212413_3,0,3,0,0.5855415022733621
213459_3,1,3,0,0.5616463830300857
