Case ID,Actual,Prefix Length,Prediction,Prediction Probability
204562_4,1,4,0,0.9845671878010742
207254_4,0,4,0,0.9656054681380596
209404_4,0,4,0,0.9479712685056021
209751_4,1,4,0,0.9449591792246915
209859_4,0,4,0,0.9470566360825906
211670_4,1,4,0,0.9587378706221228
212413_4,0,4,0,0.9528657815002629
213720_4,1,4,0,0.9874680545341423
