Case ID,Actual,Prefix Length,Prediction,Prediction Probability
205508_13,1,13,0,0.6534257708738831
205978_13,1,13,0,0.589324614189395
206234_13,0,13,0,0.8331427657414701
207741_13,0,13,1,0.6074958476089514
210755_13,0,13,1,0.649759779211282
212052_13,1,13,1,0.6644367600030436
212235_13,0,13,0,0.5893442517533234
212944_13,1,13,1,0.5479104022697282
