Case ID,Actual,Prefix Length,Prediction,Prediction Probability
205295_16,0,16,0,0.7848591713895191
206108_16,1,16,0,0.9339273157188155
208550_16,0,16,1,0.5019038771291751
209808_16,1,16,0,0.7966330198190471
212578_16,0,16,0,0.6348200233433634
213930_16,1,16,1,0.8290626059427344
