Case ID,Actual,Prefix Length,Prediction,Prediction Probability
204574_15,0,15,1,0.5807114131862596
204808_15,0,15,0,0.634125177310505
206489_15,1,15,1,0.630378366444065
208139_15,1,15,0,0.8993420974248754
209808_15,1,15,0,0.7685682443259478
210800_15,0,15,1,0.6342312801564548
211029_15,1,15,1,0.5541765292346185
212785_15,0,15,1,0.5194996754770552
