Case ID,Actual,Prefix Length,Prediction,Prediction Probability
205794_4,0,4,0,0.9981827648596727
206297_4,0,4,0,0.9350472420800292
207882_4,0,4,0,0.9370000284820765
209030_4,1,4,0,0.9529462176302312
213132_4,1,4,0,0.9698223391921705
213144_4,1,4,0,0.9690341923171406
