Case ID,Actual,Prefix Length,Prediction,Prediction Probability
206549_8,0,8,0,0.939212297278986
206790_8,0,8,0,0.6864166630145139
209021_8,1,8,0,0.9547194201898659
209502_8,1,8,0,0.9520025383035946
210923_8,1,8,0,0.999997562537367
211441_8,0,8,0,0.87733239922109
