Case ID;Actual;Prefix Length;Prediction;Prediction Probability;SHAP Subset Stability;SHAP Weight Stability;SHAP Adjusted Weight Stability
204862_2;1;2;0;0.9722568118637094;1.0;0.8955754547201501;0.8955754547201501
206165_2;0;2;0;0.6770485709531531;1.0;0.9439638367226233;0.9439638367226233
206309_2;1;2;1;0.5313675404702393;1.0;0.8486759108750811;0.8486759108750811
207798_2;0;2;0;0.5323815030700038;1.0;0.8971848901089685;0.8971848901089685
209284_2;1;2;0;0.8148795129804431;1.0;0.9096605563305422;0.9096605563305422
209808_2;1;2;0;0.5082592969573249;1.0;0.830074470280289;0.830074470280289
210224_2;0;2;1;0.5582158957806393;1.0;-2.2961113329155243;-2.2961113329155243
213495_2;0;2;0;0.5856854376940318;1.0;0.8849140228354856;0.8849140228354856
