Case ID,Actual,Prefix Length,Prediction,Prediction Probability
204906_13,0,13,1,0.5126921909574023
205385_13,1,13,0,0.7724163172902213
207413_13,1,13,0,0.5677513461029895
207759_13,0,13,0,0.5066690007811744
208934_13,0,13,0,0.5843386762460071
209087_13,0,13,0,0.6332992214274611
209120_13,1,13,0,0.7791571090404643
210587_13,1,13,1,0.7278041093248981
