Case ID,Actual,Prefix Length,Prediction,Prediction Probability
205319_12,0,12,1,0.6956616731547808
205415_12,1,12,1,0.5377803936145836
206700_12,0,12,1,0.7265828502697316
208028_12,1,12,1,0.7803648247449917
208103_12,1,12,0,0.8058143041113148
208286_12,0,12,0,0.9180345912122876
212671_12,0,12,1,0.7134492856560098
213825_12,1,12,1,0.7141443587815717
