Case ID,Actual,Prefix Length,Prediction,Prediction Probability
204475_19,1,19,0,0.8233664174653483
204897_19,0,19,0,0.7437587915615891
205026_19,0,19,0,0.7279329107343052
206285_19,1,19,1,0.9104728461507282
207783_19,1,19,1,0.990985612849661
209078_19,0,19,0,0.8059097655871409
