Case ID,Actual,Prefix Length,Prediction,Prediction Probability
205415_17,1,17,1,0.9998799456266567
207200_17,1,17,0,0.998678274226768
207717_17,0,17,0,0.9893329044591482
208430_17,0,17,0,0.9810878995796087
209751_17,1,17,0,0.9989958230125726
211086_17,0,17,0,0.9957854010100985
