Case ID,Actual,Prefix Length,Prediction,Prediction Probability
205086_6,0,6,0,0.5696200970798782
205655_6,1,6,0,0.630341251807219
206528_6,0,6,0,0.7908868931314232
206727_6,0,6,0,0.6828806942400039
211116_6,1,6,0,0.5315019107071158
211588_6,1,6,0,0.7901474149859287
212184_6,0,6,1,0.753461167971596
214139_6,1,6,1,0.5114053190764762
