Case ID;Actual;Prefix Length;Prediction;Prediction Probability;SHAP Subset Stability;SHAP Weight Stability;SHAP Adjusted Weight Stability
205238_8;0;8;0;0.6686255504998;1.0;0.7967770922720985;0.7967770922720985
206348_8;0;8;0;0.9140620814969664;1.0;0.875961582700468;0.875961582700468
207873_8;0;8;0;0.8193046539966108;1.0;0.7879252804268548;0.7879252804268548
209502_8;1;8;0;0.9520025383035946;1.0;0.8305859004987675;0.8305859004987675
210251_8;1;8;0;0.9405546764201864;1.0;0.6571470525235921;0.6571470525235921
212012_8;1;8;1;0.9999996778535806;1.0;0.13073516169508115;0.13073516169508115
212295_8;1;8;0;0.8793026787067866;1.0;0.8017322288355954;0.8017322288355954
212557_8;0;8;0;0.9999999716583798;1.0;0.8289542396559562;0.8289542396559562
