Case ID,Actual,Prefix Length,Prediction,Prediction Probability
205262_5,1,5,1,0.5168827266598209
206201_5,0,5,0,0.6369076918202153
207542_5,0,5,1,0.5318732940888357
207593_5,0,5,1,0.5342062045593516
208793_5,1,5,1,0.5025881870749569
210791_5,1,5,1,0.5169776820500421
211338_5,0,5,0,0.5789954794445236
211706_5,1,5,1,0.519026882314769
