Case ID,Actual,Prefix Length,Prediction,Prediction Probability
204963_14,1,14,0,0.6776266018791658
205226_14,1,14,1,0.513481151979132
206660_14,1,14,0,0.6756228234843514
209087_14,0,14,0,0.7682025900099142
209138_14,0,14,0,0.5182844243472619
212175_14,0,14,0,0.5679619406280705
