Case ID,Actual,Prefix Length,Prediction,Prediction Probability
204481_14,0,14,1,0.688935632143004
205298_14,0,14,1,0.5000865461180719
206910_14,1,14,0,0.5216203369647403
207867_14,0,14,0,0.8425669869957678
209760_14,0,14,0,0.8374069973247649
210923_14,1,14,0,0.9686237407289162
213001_14,1,14,1,0.9207755973184395
213930_14,1,14,0,0.6632033450881841
