Case ID;Actual;Prefix Length;Prediction;Prediction Probability;SHAP Subset Stability;SHAP Weight Stability;SHAP Adjusted Weight Stability
204481_14;0;14;1;0.688935632143004;1.0;0.8415806993580215;0.8415806993580215
205298_14;0;14;1;0.5000865461180719;1.0;0.8532454315505541;0.8532454315505541
206910_14;1;14;0;0.5216203369647403;1.0;0.5515309584761592;0.5515309584761592
207867_14;0;14;0;0.8425669869957678;1.0;0.4780712701294285;0.4780712701294285
209760_14;0;14;0;0.8374069973247649;1.0;0.06681607898438624;0.06681607898438624
210923_14;1;14;0;0.9686237407289162;1.0;0.6698500354828392;0.6698500354828392
213001_14;1;14;1;0.9207755973184396;1.0;0.8785666995871573;0.8785666995871573
213930_14;1;14;0;0.6632033450881841;1.0;0.3836462121603563;0.3836462121603563
