Case ID;Actual;Prefix Length;Prediction;Prediction Probability;SHAP Subset Stability;SHAP Weight Stability;SHAP Adjusted Weight Stability
205256_11;0;11;0;1.0;1.0;0.32147237154727015;0.32147237154727015
205364_11;1;11;0;0.943082258855512;1.0;0.1359467184612514;0.1359467184612514
205676_11;0;11;0;0.928451398643266;1.0;-1.4951506449537924;-1.4951506449537924
206255_11;0;11;0;0.9597878011623152;1.0;-13.032218688618965;-13.032218688618965
206907_11;1;11;0;0.941384067574917;1.0;-4.3600557148680075;-4.3600557148680075
210008_11;1;11;0;0.9358640719573282;1.0;0.10450136694600687;0.10450136694600687
210563_11;0;11;0;0.7706597762004549;1.0;-5.469210029589677;-5.469210029589677
213873_11;1;11;0;0.9728691907528204;1.0;-2.5707402805309854;-2.5707402805309854
