Case ID,Actual,Prefix Length,Prediction,Prediction Probability
205259_2,0,2,0,0.6081895554595632
206285_2,1,2,1,0.5108954399460408
208124_2,1,2,1,0.5282153045487323
208961_2,0,2,0,0.5276378245099592
209461_2,0,2,0,0.5511918369424476
211002_2,1,2,0,0.6328395488380987
