Case ID,Actual,Prefix Length,Prediction,Prediction Probability
204760_6,0,6,0,0.7901808305938046
205110_6,0,6,0,0.7191338957486428
207200_6,1,6,0,0.6587285745454535
207614_6,1,6,0,0.6709033830917919
208148_6,0,6,1,0.5335538760369416
210671_6,1,6,0,0.7146429106642724
