Case ID;Actual;Prefix Length;Prediction;Prediction Probability;SHAP Subset Stability;SHAP Weight Stability;SHAP Adjusted Weight Stability
204679_5;0;5;0;0.7529203103382827;1.0;0.999389299185559;0.999389299185559
205499_5;0;5;0;0.7102309425418304;1.0;0.9991604665559128;0.9991604665559128
206047_5;1;5;0;0.6970224820011646;1.0;0.9992361317027327;0.9992361317027327
208241_5;0;5;0;0.6804852253480841;1.0;0.9989641945068873;0.9989641945068873
208382_5;0;5;1;0.5238527049865707;1.0;0.9999458679007812;0.9999458679007812
209592_5;1;5;0;0.5288961014135537;1.0;0.9999699856800747;0.9999699856800747
211287_5;1;5;0;0.5618630439448612;1.0;0.9999138863625837;0.9999138863625837
213675_5;1;5;0;0.529828108055597;1.0;0.9999585515162502;0.9999585515162502
