Case ID,Actual,Prefix Length,Prediction,Prediction Probability
206249_15,0,15,0,0.5528323114140326
207041_15,0,15,1,0.5349034758499851
209619_15,0,15,1,0.5624713407807239
209838_15,1,15,0,0.661406213302894
211011_15,1,15,1,0.9175002652067126
211164_15,1,15,1,0.5375412562724855
