Case ID,Actual,Prefix Length,Prediction,Prediction Probability
204586_18,0,18,0,0.9999320530085831
206399_18,0,18,0,0.9611319141138865
206414_18,0,18,0,0.9999661794423581
207413_18,1,18,0,0.9721270921394647
208832_18,1,18,0,0.9942920966127342
213342_18,1,18,1,0.9999999999999147
