Case ID,Actual,Prefix Length,Prediction,Prediction Probability
204640_7,0,7,0,0.8271448182361645
204936_7,0,7,1,0.5892724020343033
205882_7,1,7,1,0.8228235659177086
206510_7,1,7,0,0.9997691760936
208379_7,0,7,1,0.5212188129733738
210629_7,0,7,1,0.5004969461642642
210683_7,1,7,0,0.9984210755479577
214220_7,1,7,1,0.7404062336730564
