Case ID,Actual,Prefix Length,Prediction,Prediction Probability
205433_5,0,5,0,0.7302220791606495
208229_5,1,5,0,0.5095723748651173
209338_5,0,5,0,0.7130795709293468
209604_5,1,5,0,0.7009204619943693
211763_5,1,5,0,0.5287149617895502
211916_5,0,5,0,0.5391309681080022
