Case ID,Actual,Prefix Length,Prediction,Prediction Probability
205259_14,0,14,1,0.5650501795581554
205598_14,1,14,1,0.5609165760877165
205733_14,1,14,0,0.5829066231451306
206627_14,1,14,0,0.6728508834315763
206745_14,0,14,1,0.5270075229353822
208967_14,1,14,0,0.5991399692638585
209619_14,0,14,1,0.5866132005024968
213085_14,0,14,0,0.500381324385315
