Case ID,Actual,Prefix Length,Prediction,Prediction Probability
204936_12,0,12,1,0.5725747676113939
205791_12,0,12,0,0.6987610594085596
206564_12,1,12,0,0.913779468476217
208577_12,1,12,1,0.5960172029508851
208778_12,1,12,1,0.6607151358987035
209404_12,0,12,1,0.5244796100856539
