Case ID,Actual,Prefix Length,Prediction,Prediction Probability
204909.0,0.0,1.0,0.0,0.525136890663766
205984.0,0.0,1.0,1.0,0.5743278769457844
206880.0,0.0,1.0,1.0,0.535915002255945
207792.0,0.0,1.0,1.0,0.54024305497174
209063.0,1.0,1.0,1.0,0.5381878348666634
212295.0,1.0,1.0,1.0,0.5725389668980392
213624.0,1.0,1.0,0.0,0.5160348526029553
214019.0,1.0,1.0,1.0,0.5006389018090779
