Case ID,Actual,Prefix Length,Prediction,Prediction Probability
205556_7,0,7,0,0.877066579741492
206222_7,0,7,0,0.9999999994822826
206366_7,0,7,1,0.7085151891886249
207328_7,1,7,0,0.9329923582973862
208601_7,1,7,0,0.9762712640086725
210476_7,1,7,0,0.8359705532650786
211176_7,0,7,0,0.9576039583841766
212761_7,1,7,1,0.8638121067041884
