Case ID,Actual,Prefix Length,Prediction,Prediction Probability
206234_20,0,20,0,0.7250067295441387
206240_20,0,20,0,0.8922012067903511
206399_20,0,20,0,0.6719202218960705
206489_20,1,20,1,0.8343946662401573
209532_20,1,20,0,0.8225627319300249
211850_20,1,20,0,0.693707197702547
