Case ID,Actual,Prefix Length,Prediction,Prediction Probability
204751_2,1,2,1,0.6829990396001047
205361_2,1,2,1,0.609742639550314
205562_2,1,2,1,0.559798033662986
206216_2,0,2,1,0.5463847573606964
206453_2,1,2,1,0.6527985277788196
207464_2,0,2,1,0.6361623364457896
209859_2,0,2,1,0.6476288472249836
212413_2,0,2,1,0.5173047176298623
