Case ID,Actual,Prefix Length,Prediction,Prediction Probability
205238_10,0,10,1,0.5749966137834501
206162_10,1,10,0,0.7816952304887759
206414_10,0,10,0,0.7134477227582361
206709_10,0,10,0,0.5339054024251658
208997_10,1,10,0,0.9286124679032137
209823_10,1,10,0,0.8733418476040662
210671_10,1,10,0,0.6990465690926895
211227_10,0,10,0,0.8656769467768634
