Case ID,Actual,Prefix Length,Prediction,Prediction Probability
207275_9,1,9,1,0.6561743592804896
207792_9,0,9,0,0.6041067909680206
208241_9,0,9,0,0.5487311329067867
210017_9,1,9,1,0.5064431647953268
211859_9,0,9,1,0.657821581115705
212851_9,1,9,0,0.7835337353004517
