"Case ID;Actual;Prefix Length;Prediction;Prediction Probability;SHAP Subset Stability;SHAP Weight Stability;SHAP Adjusted Weight Stability";LIME Subset Stability;LIME Weight Stability;LIME Adjusted Weight Stability
"205125_3;1;3;0;0.7696590090524293;1.0;0.707462203283882;0.707462203283882";1.0;0.9942719436311506;0.9942719436311506
"205322_3;1;3;0;0.5431056607440231;1.0;0.8459435975576141;0.8459435975576141";0.7055137844611528;0.9832697549684216;0.9832697549684216
"206216_3;0;3;0;0.5372099977926222;1.0;0.8284563043710786;0.8284563043710786";0.7055137844611528;0.9931887866700406;0.9931887866700406
"207041_3;0;3;0;0.6733821661846432;1.0;0.9166209571740417;0.9166209571740417";0.7055137844611528;0.9893642835129043;0.9893642835129043
"211543_3;0;3;0;0.6568237142346822;1.0;0.6240800451868493;0.6240800451868493";1.0;0.9925452475803481;0.9925452475803481
"211850_3;1;3;0;0.5003364563030475;1.0;0.8902668310951924;0.8902668310951924";0.7055137844611528;0.9890014013256463;0.9890014013256463
"212413_3;0;3;0;0.5855415022733621;1.0;0.8282918950484123;0.8282918950484123";1.0;0.9929624912808781;0.9929624912808781
"213459_3;1;3;0;0.5616463830300857;1.0;0.8948329853712912;0.8948329853712912";0.828966521106259;0.9886546910404642;0.9886546910404642
