"Case ID;Actual;Prefix Length;Prediction;Prediction Probability;SHAP Subset Stability;SHAP Weight Stability;SHAP Adjusted Weight Stability";LIME Subset Stability;LIME Weight Stability;LIME Adjusted Weight Stability
"204562_4;1;4;0;0.9845671878010742;1.0;0.6209913245964931;0.6209913245964931";0.803203718512595;0.9887364615961983;0.9887364615961983
"207254_4;0;4;0;0.9656054681380596;0.7165532879818594;0.04643831621109307;0.04643831621109307";0.8903508771929824;0.9790550621502423;0.9790550621502423
"209404_4;0;4;0;0.947971268505602;1.0;0.32572761969222686;0.32572761969222686";0.4815330101519535;0.9833757108654619;0.9833757108654619
"209751_4;1;4;0;0.9449591792246916;1.0;0.11379469987863522;0.11379469987863522";0.3211652580471138;0.9807293210837138;0.9807293210837138
"209859_4;0;4;0;0.9470566360825906;1.0;0.42217152360262;0.42217152360262";0.550009782396035;0.9905686044753347;0.9905686044753347
"211670_4;1;4;0;0.9587378706221228;1.0;0.542074804572988;0.542074804572988";0.5098039215686276;0.9854679649876861;0.9854679649876861
"212413_4;0;4;0;0.9528657815002628;1.0;0.5593940479480328;0.5593940479480328";0.946507819103973;0.9842246178896089;0.9842246178896089
"213720_4;1;4;0;0.9874680545341424;1.0;0.01046119540437318;0.01046119540437318";0.4517004766892545;0.9762587748886613;0.9762587748886613
