Case ID;Actual;Prefix Length;Prediction;Prediction Probability;SHAP Subset Stability;SHAP Weight Stability;SHAP Adjusted Weight Stability
205238_10;0;10;1;0.5749966137834501;1.0;0.7600632463819428;0.7600632463819428
206162_10;1;10;0;0.7816952304887759;1.0;-0.5773885378660233;-0.5773885378660233
206414_10;0;10;0;0.7134477227582361;1.0;-0.5975252351602316;-0.5975252351602316
206709_10;0;10;0;0.5339054024251658;1.0;-3.710224472615322;-3.710224472615322
208997_10;1;10;0;0.9286124679032136;1.0;-0.4635966965608904;-0.4635966965608904
209823_10;1;10;0;0.8733418476040662;1.0;-0.9069470956530639;-0.9069470956530639
210671_10;1;10;0;0.6990465690926895;1.0;-10.213433946569646;-10.213433946569646
211227_10;0;10;0;0.8656769467768634;1.0;-1.8295319620171813;-1.8295319620171813
