Case ID,Actual,Prefix Length,Prediction,Prediction Probability
204859_10,1,10,0,0.9509117142549481
205268_10,1,10,1,0.6827102569034752
206099_10,0,10,0,0.6267000256794987
206348_10,0,10,0,0.8481406225531468
207798_10,0,10,0,0.7755713283801924
208028_10,1,10,1,0.7665321564723689
210599_10,0,10,1,0.561021137051475
210914_10,1,10,1,0.5455297671714272
