Case ID,Actual,Prefix Length,Prediction,Prediction Probability
204987_8,1,8,0,0.5551852979841936
205736_8,0,8,0,0.917542083814076
206071_8,1,8,0,0.965192141796827
206294_8,0,8,0,0.9999999975009721
206444_8,1,8,1,0.5913253062818614
208049_8,0,8,0,0.7664121151055356
209901_8,1,8,0,0.9971581824643236
213711_8,0,8,0,0.8652647793544771
