Case ID,Actual,Prefix Length,Prediction,Prediction Probability
206432.0,0.0,1.0,1.0,0.5098944947938202
206615.0,1.0,1.0,1.0,0.558077879626205
207125.0,0.0,1.0,0.0,0.5496407382825902
207359.0,0.0,1.0,0.0,0.6470688576774015
209667.0,0.0,1.0,0.0,0.5454030253743088
212398.0,1.0,1.0,0.0,0.550437778873132
212950.0,1.0,1.0,1.0,0.5457877705045756
213052.0,1.0,1.0,1.0,0.5570929083799071
