Case ID,Actual,Prefix Length,Prediction,Prediction Probability
205256_11,0,11,0,1.0
205364_11,1,11,0,0.943082258855512
205676_11,0,11,0,0.9284513986432659
206255_11,0,11,0,0.9597878011623151
206907_11,1,11,0,0.941384067574917
210008_11,1,11,0,0.9358640719573282
210563_11,0,11,0,0.7706597762004549
213873_11,1,11,0,0.9728691907528203
