"Case ID;Actual;Prefix Length;Prediction;Prediction Probability;SHAP Subset Stability;SHAP Weight Stability;SHAP Adjusted Weight Stability";LIME Subset Stability;LIME Weight Stability;LIME Adjusted Weight Stability
"205238_8;0;8;0;0.6686255504998;1.0;0.7967770922720985;0.7967770922720985";0.08969062193420041;0.9887905487637991;0.9887905487637991
"206348_8;0;8;0;0.9140620814969664;1.0;0.875961582700468;0.875961582700468";0.39414104210835854;0.9261919017376027;0.9261919017376027
"207873_8;0;8;0;0.8193046539966108;1.0;0.7879252804268548;0.7879252804268548";0.7838218167701863;0.9919034519721192;0.9919034519721192
"209502_8;1;8;0;0.9520025383035946;1.0;0.8305859004987675;0.8305859004987675";0.11140208082666836;0.9912352793763443;0.9912352793763443
"210251_8;1;8;0;0.9405546764201864;1.0;0.6571470525235921;0.6571470525235921";0.14245644910698352;0.990553755755218;0.990553755755218
"212012_8;1;8;1;0.9999996778535806;1.0;0.13073516169508115;0.13073516169508115";1.0;0.9915046080591443;0.9915046080591443
"212295_8;1;8;0;0.8793026787067866;1.0;0.8017322288355954;0.8017322288355954";0.1594603943272227;0.989959700202899;0.989959700202899
"212557_8;0;8;0;0.9999999716583798;1.0;0.8289542396559562;0.8289542396559562";0.2709161553578665;0.9886608191481708;0.9886608191481708
