Case ID,Actual,Prefix Length,Prediction,Prediction Probability
204544_9,0,9,1,0.5586340928720038
206300_9,1,9,1,0.7487951840699476
206751_9,0,9,0,0.6461726210180014
207020_9,1,9,0,0.5111030438270263
207485_9,0,9,0,0.5999556691134165
209502_9,1,9,1,0.6322639208757038
212103_9,1,9,0,0.5328286659722075
213273_9,0,9,0,0.6347584146427099
