Case ID,Actual,Prefix Length,Prediction,Prediction Probability
204586_11,0,11,0,0.9999437384459422
204808_11,0,11,0,0.9993131035712154
205059_11,1,11,0,0.928595653502717
206594_11,1,11,0,0.9772762319803434
208343_11,0,11,0,0.9998987631273281
209939_11,0,11,0,0.9587823879307826
212012_11,1,11,0,0.9990752639808494
213001_11,1,11,0,0.9880739255175374
