Case ID;Actual;Prefix Length;Prediction;Prediction Probability;SHAP Subset Stability;SHAP Weight Stability;SHAP Adjusted Weight Stability
206432.0;0.0;1.0;1.0;0.5098944947938202;0.8031135531135531;0.9980838310485629;0.9980838310485629
206615.0;1.0;1.0;1.0;0.558077879626205;0.8530974795019739;0.9988149995741518;0.9988149995741518
207125.0;0.0;1.0;0.0;0.5496407382825902;1.0;0.998218241276201;0.998218241276201
207359.0;0.0;1.0;0.0;0.6470688576774015;1.0;0.998575938120071;0.998575938120071
209667.0;0.0;1.0;0.0;0.5454030253743088;1.0;0.9984013798871727;0.9984013798871727
212398.0;1.0;1.0;0.0;0.550437778873132;1.0;0.999363772980705;0.999363772980705
212950.0;1.0;1.0;1.0;0.5457877705045756;0.8123015873015873;0.9981178998499511;0.9981178998499511
213052.0;1.0;1.0;1.0;0.5570929083799071;0.7852147852147853;0.9991106753837549;0.9991106753837549
