Case ID;Actual;Prefix Length;Prediction;Prediction Probability;SHAP Subset Stability;SHAP Weight Stability;SHAP Adjusted Weight Stability
DCNC_13;0;13;0;0.9999999999999827;1.0;1.0;1.0
KUM_13;1;13;1;0.9999751781692058;1.0;1.0;1.0
PFUA_13;1;13;1;0.9993853945548563;1.0;1.0;1.0
PHOB_13;0;13;0;0.999787945862568;1.0;1.0;1.0
QGLB_13;1;13;1;0.9996343847167156;1.0;1.0;1.0
WPRC_13;1;13;1;0.999961241036171;1.0;1.0;1.0
WYBB_13;0;13;0;0.9999999668635378;1.0;1.0;1.0
YON_13;0;13;0;0.9999999996122858;1.0;1.0;1.0
