Case ID,Actual,Prefix Length,Prediction,Prediction Probability
DCNC_13,0,13,0,0.9999999999999827
KUM_13,1,13,1,0.9999751781692058
PFUA_13,1,13,1,0.9993853945548563
PHOB_13,0,13,0,0.999787945862568
QGLB_13,1,13,1,0.9996343847167156
WPRC_13,1,13,1,0.999961241036171
WYBB_13,0,13,0,0.9999999668635378
YON_13,0,13,0,0.9999999996122858
