Case ID;Actual;Prefix Length;Prediction;Prediction Probability;SHAP Subset Stability;SHAP Weight Stability;SHAP Adjusted Weight Stability;LIME Subset Stability;LIME Weight Stability;LIME Adjusted Weight Stability
DSAE_2;1;2;0;0.9735029435419488;1.0;1.0;1.0;0.24393519889575221;0.7692780066871894;0.7692780066871894
DUOD_2;0;2;0;0.9993249390535314;1.0;1.0;1.0;0.25414043111891294;-13.876760565640744;-13.876760565640744
OVWD_2;0;2;0;0.9384040140722884;1.0;1.0;1.0;0.23857013012469097;0.7378969076478574;0.7378969076478574
RCAE_2;1;2;1;0.9999999640620724;1.0;1.0;1.0;0.7141533340897915;0.7392059423017624;0.7392059423017624
TLHE_2;1;2;1;0.9999999838286556;1.0;1.0;1.0;0.7141533340897915;0.562667243815969;0.562667243815969
VISD_2;1;2;1;0.882774930583885;1.0;1.0;1.0;0.24172563463408991;0.738772784945882;0.738772784945882
YYIE_2;0;2;0;0.9412657362522212;1.0;1.0;1.0;0.2519162100880288;0.640215064347331;0.640215064347331
ZLPD_2;0;2;0;0.9577103220863338;1.0;1.0;1.0;0.25592988120046134;0.7583892078202652;0.7583892078202652
