Case ID;Actual;Prefix Length;Prediction;Prediction Probability;SHAP Subset Stability;SHAP Weight Stability;SHAP Adjusted Weight Stability;LIME Subset Stability;LIME Weight Stability;LIME Adjusted Weight Stability
BTH_14;1;14;1;0.999405444585496;1.0;1.0;1.0;0.056253256755804726;0.849435707701282;0.849435707701282
DCNC_14;0;14;0;0.9999943447029952;1.0;1.0;1.0;0.13875550381030155;0.683313769984143;0.683313769984143
FAL_14;0;14;0;0.9986869890185196;1.0;1.0;1.0;0.14311325536734676;0.8472288922296805;0.8472288922296805
FIL_14;1;14;1;0.8846340810969864;1.0;1.0;1.0;0.11068400729641359;0.6994318479858816;0.6994318479858816
JTL_14;0;14;0;0.9999129035511121;1.0;1.0;1.0;0.13505954293717315;0.8660129369458893;0.8660129369458893
QGLB_14;1;14;1;0.9639703234955992;1.0;1.0;1.0;0.14529745344416756;0.8646448471710798;0.8646448471710798
SKO_14;1;14;1;0.9953064111507952;1.0;1.0;1.0;0.06398182192359148;0.7002002590818988;0.7002002590818988
ZVVA_14;0;14;0;0.9998875301472792;1.0;1.0;1.0;0.13138232525029836;0.8163473358495147;0.8163473358495147
