Case ID;Actual;Prefix Length;Prediction;Prediction Probability;SHAP Subset Stability;SHAP Weight Stability;SHAP Adjusted Weight Stability
BOUD_12;0;12;0;0.9999999378982554;1.0;1.0;1.0
BQL_12;1;12;1;0.9965928981115297;1.0;1.0;1.0
EKH_12;0;12;0;0.9987674853441225;1.0;1.0;1.0
FJMA_12;1;12;1;0.9874697227403563;1.0;1.0;1.0
JXCE_12;1;12;0;0.9999688463217401;1.0;1.0;1.0
KRJ_12;0;12;0;0.9999147473181574;1.0;1.0;1.0
PFUA_12;1;12;1;0.9680828944181382;1.0;1.0;1.0
UJMB_12;0;12;0;0.9965917920058898;1.0;1.0;1.0
