Case ID,Actual,Prefix Length,Prediction,Prediction Probability
DKLE_5,0,5,0,0.5527192432141685
FUKE_5,1,5,1,0.9116926590193928
JLZD_5,0,5,0,0.9922888334644733
LKMD_5,1,5,0,0.9606697172089776
RLDE_5,1,5,0,0.7358966544640467
RROD_5,0,5,0,0.9988519904032236
UAME_5,1,5,1,0.91128497429982
YFND_5,0,5,0,0.999076316443967
