Case ID;Actual;Prefix Length;Prediction;Prediction Probability;SHAP Subset Stability;SHAP Weight Stability;SHAP Adjusted Weight Stability;LIME Subset Stability;LIME Weight Stability;LIME Adjusted Weight Stability
DCNC_13;0;13;0;0.9999999999999828;1.0;1.0;1.0;-0.17510289787066458;0.9996850783672127;0.9996850783672127
KUM_13;1;13;1;0.9999751781692058;1.0;1.0;1.0;-0.0014667535853978286;0.9998930508341339;0.9998930508341339
PFUA_13;1;13;1;0.9993853945548564;1.0;1.0;1.0;-0.0014667535853978286;0.9998638697220836;0.9998638697220836
PHOB_13;0;13;0;0.999787945862568;1.0;1.0;1.0;-0.0014667535853978286;0.9998489900552788;0.9998489900552788
QGLB_13;1;13;1;0.9996343847167156;1.0;1.0;1.0;-0.0013579576317219733;0.9998337946214082;0.9998337946214082
WPRC_13;1;13;1;0.9999612410361709;1.0;1.0;1.0;-0.0014667535853978286;0.999590424433294;0.999590424433294
WYBB_13;0;13;0;0.9999999668635378;1.0;1.0;1.0;-0.0014667535853978286;0.9996183462246327;0.9996183462246327
YON_13;0;13;0;0.9999999996122858;1.0;1.0;1.0;-0.0014667535853978286;0.9998446188024259;0.9998446188024259
