Case ID,Actual,Prefix Length,Prediction,Prediction Probability
BTH_14,1,14,1,0.9994054445854959
DCNC_14,0,14,0,0.9999943447029953
FAL_14,0,14,0,0.9986869890185195
FIL_14,1,14,1,0.8846340810969864
JTL_14,0,14,0,0.999912903551112
QGLB_14,1,14,1,0.9639703234955992
SKO_14,1,14,1,0.9953064111507953
ZVVA_14,0,14,0,0.9998875301472792
