Case ID;Actual;Prefix Length;Prediction;Prediction Probability;SHAP Subset Stability;SHAP Weight Stability;SHAP Adjusted Weight Stability;LIME Subset Stability;LIME Weight Stability;LIME Adjusted Weight Stability
DKLE_5;0;5;0;0.5527192432141685;1.0;1.0;1.0;0.07254401771484342;0.7808766855565021;0.7808766855565021
FUKE_5;1;5;1;0.9116926590193928;1.0;1.0;1.0;0.04777711077845115;0.34629134877347967;0.34629134877347967
JLZD_5;0;5;0;0.9922888334644732;1.0;1.0;1.0;0.05254820905146851;0.9059912116366695;0.9059912116366695
LKMD_5;1;5;0;0.9606697172089776;1.0;1.0;1.0;-0.023630061880709707;0.8660243667287518;0.8660243667287518
RLDE_5;1;5;0;0.7358966544640467;1.0;1.0;1.0;0.055918684820789544;0.8267117342252471;0.8267117342252471
RROD_5;0;5;0;0.9988519904032236;1.0;1.0;1.0;0.050424541710225035;0.9035817811661775;0.9035817811661775
UAME_5;1;5;1;0.9112849742998199;1.0;1.0;1.0;0.05181669535802613;0.8638415073138676;0.8638415073138676
YFND_5;0;5;0;0.9990763164439671;1.0;1.0;1.0;-0.019720966032775067;0.23831222874361624;0.23831222874361624
