Case ID;Actual;Prefix Length;Prediction;Prediction Probability;SHAP Subset Stability;SHAP Weight Stability;SHAP Adjusted Weight Stability
BPH_10;1;10;1;0.9574932944935632;1.0;1.0;1.0
HYYC_10;0;10;0;0.9840618219289892;1.0;1.0;1.0
LW_10;0;10;0;0.999306936792082;1.0;1.0;1.0
OHLE_10;0;10;0;0.9969090891456182;1.0;1.0;1.0
UKBA_10;1;10;1;0.91975965481773;1.0;1.0;1.0
WEYD_10;0;10;0;0.9996313447647327;1.0;1.0;1.0
WHC_10;1;10;1;0.9234434413846425;1.0;1.0;1.0
ZNND_10;1;10;0;0.9974915929446886;1.0;1.0;1.0
