Case ID;Actual;Prefix Length;Prediction;Prediction Probability;SHAP Subset Stability;SHAP Weight Stability;SHAP Adjusted Weight Stability;LIME Subset Stability;LIME Weight Stability;LIME Adjusted Weight Stability
CDPD_7;1;7;0;0.9991374442895146;1.0;1.0;1.0;1.0;0.5699534458845967;0.5699534458845967
DRVD_7;0;7;0;0.9999999979437144;1.0;1.0;1.0;0.17327809440024466;0.5787610453445716;0.5787610453445716
DWGE_7;0;7;0;0.9999720745025577;1.0;1.0;1.0;0.17206971982924635;-0.22922275900765143;-0.22922275900765143
EFZD_7;0;7;0;0.9999988465929256;1.0;1.0;1.0;0.16433547855237152;0.6056919107601975;0.6056919107601975
GOSD_7;0;7;0;0.9999999999071364;1.0;1.0;1.0;0.16120209285955123;0.6100965118829187;0.6100965118829187
MRVD_7;1;7;0;0.6909825145865472;1.0;1.0;1.0;0.16444589837360646;0.2938248314214824;0.2938248314214824
MWUD_7;1;7;1;0.9997098073370352;1.0;1.0;1.0;1.0;0.44797048074265444;0.44797048074265444
SQFE_7;1;7;0;0.935164386463056;1.0;1.0;1.0;0.16217312192795985;-1.8740794677364319;-1.8740794677364319
