Case ID;Actual;Prefix Length;Prediction;Prediction Probability;SHAP Subset Stability;SHAP Weight Stability;SHAP Adjusted Weight Stability;LIME Subset Stability;LIME Weight Stability;LIME Adjusted Weight Stability
DLVD_6;0;6;0;0.9999825569402748;1.0;1.0;1.0;-0.03945680647211813;-0.18012344589164053;-0.18012344589164053
EJSD_6;1;6;0;0.976559483476678;1.0;1.0;1.0;-0.031463332386727716;0.8389614677225783;0.8389614677225783
HCCE_6;0;6;0;0.9999825907554036;1.0;1.0;1.0;-0.043917779386508204;0.6110478541434341;0.6110478541434341
KZVD_6;1;6;1;0.9998990975658724;1.0;1.0;1.0;0.13605120332315224;0.898336998817291;0.898336998817291
OSBE_6;1;6;1;0.9999144371629236;1.0;1.0;1.0;0.16584629968917197;0.9189580481195744;0.9189580481195744
QLKE_6;0;6;0;0.9999889328256532;1.0;1.0;1.0;-0.050013337783143985;0.9076994863666752;0.9076994863666752
UTGE_6;1;6;1;0.999722566815348;1.0;1.0;1.0;0.18107991210364593;0.3368513250599424;0.3368513250599424
XMWD_6;0;6;0;0.9997721650192228;1.0;1.0;1.0;-0.034654428497704615;0.8054204219676074;0.8054204219676074
