Case ID;Actual;Prefix Length;Prediction;Prediction Probability;SHAP Subset Stability;SHAP Weight Stability;SHAP Adjusted Weight Stability;LIME Subset Stability;LIME Weight Stability;LIME Adjusted Weight Stability
GWSD_9;1;9;1;1.0;1.0;1.0;1.0;0.12384664474050555;-0.24935681463597192;-0.24935681463597192
IQKD_9;0;9;0;0.9999999999999916;1.0;1.0;1.0;0.12776327571050783;-0.36179249591809604;-0.36179249591809604
JXCE_9;1;9;0;1.0;1.0;1.0;1.0;0.12891063842739503;-61.80930796184004;-61.80930796184004
LJOE_9;1;9;0;0.9961357367166568;1.0;1.0;1.0;0.0888982262464002;-0.4327165142944309;-0.4327165142944309
UQWD_9;1;9;0;1.0;1.0;1.0;1.0;0.09039300646127424;0.26225759396652926;0.26225759396652926
XTND_9;0;9;0;1.0;1.0;1.0;1.0;0.12053466725758866;-0.0439635823990967;-0.0439635823990967
ZMID_9;0;9;0;1.0;1.0;1.0;1.0;0.11963168559204684;-0.02460020878849689;-0.02460020878849689
ZNYD_9;0;9;0;0.999999999990896;1.0;1.0;1.0;0.07770071381264254;0.16441002753232825;0.16441002753232825
