Case ID;Actual;Prefix Length;Prediction;Prediction Probability;SHAP Subset Stability;SHAP Weight Stability;SHAP Adjusted Weight Stability;LIME Subset Stability;LIME Weight Stability;LIME Adjusted Weight Stability
BPH_10;1;10;1;0.9574932944935632;1.0;1.0;1.0;0.4543208111668181;0.7152983964322366;0.7152983964322366
HYYC_10;0;10;0;0.9840618219289892;1.0;1.0;1.0;0.11200866924703312;0.7940358966724917;0.7940358966724917
LW_10;0;10;0;0.999306936792082;1.0;1.0;1.0;0.13383378899831555;0.8201931253212267;0.8201931253212267
OHLE_10;0;10;0;0.9969090891456182;1.0;1.0;1.0;0.12530210780184747;0.7479559140055774;0.7479559140055774
UKBA_10;1;10;1;0.91975965481773;1.0;1.0;1.0;0.4164045729119864;0.816617844525374;0.816617844525374
WEYD_10;0;10;0;0.9996313447647328;1.0;1.0;1.0;0.12116192966044637;0.7848239903038514;0.7848239903038514
WHC_10;1;10;1;0.9234434413846424;1.0;1.0;1.0;0.4612763579701086;0.7441704307318207;0.7441704307318207
ZNND_10;1;10;0;0.9974915929446886;1.0;1.0;1.0;0.1326429540557872;0.8073660504042361;0.8073660504042361
