Case ID,Actual,Prefix Length,Prediction,Prediction Probability
CDPD_7,1,7,0,0.9991374442895146
DRVD_7,0,7,0,0.9999999979437145
DWGE_7,0,7,0,0.9999720745025575
EFZD_7,0,7,0,0.9999988465929256
GOSD_7,0,7,0,0.9999999999071364
MRVD_7,1,7,0,0.6909825145865472
MWUD_7,1,7,1,0.9997098073370351
SQFE_7,1,7,0,0.9351643864630561
