Case ID;Actual;Prefix Length;Prediction;Prediction Probability;SHAP Subset Stability;SHAP Weight Stability;SHAP Adjusted Weight Stability
BTH_14;1;14;1;0.9994054445854959;1.0;1.0;1.0
DCNC_14;0;14;0;0.9999943447029953;1.0;1.0;1.0
FAL_14;0;14;0;0.9986869890185195;1.0;1.0;1.0
FIL_14;1;14;1;0.8846340810969864;1.0;1.0;1.0
JTL_14;0;14;0;0.999912903551112;1.0;1.0;1.0
QGLB_14;1;14;1;0.9639703234955992;1.0;1.0;1.0
SKO_14;1;14;1;0.9953064111507953;1.0;1.0;1.0
ZVVA_14;0;14;0;0.9998875301472792;1.0;1.0;1.0
