Case ID;Actual;Prefix Length;Prediction;Prediction Probability;SHAP Subset Stability;SHAP Weight Stability;SHAP Adjusted Weight Stability
EPMD_3;1;3;1;0.9999859647427761;1.0;1.0;1.0
EWAE_3;0;3;0;0.9999655049199044;1.0;1.0;1.0
LBKE_3;1;3;1;0.9999531696752038;1.0;1.0;1.0
QIDE_3;0;3;0;0.9989986709510315;1.0;1.0;1.0
RZLD_3;1;3;0;0.997242119288848;1.0;1.0;1.0
TALD_3;0;3;0;0.9893362773818797;1.0;1.0;1.0
XKJD_3;1;3;1;0.9999927879309504;1.0;1.0;1.0
ZXKE_3;0;3;0;0.9427103754066994;1.0;1.0;1.0
