Case ID;Actual;Prefix Length;Prediction;Prediction Probability;SHAP Subset Stability;SHAP Weight Stability;SHAP Adjusted Weight Stability
ANSD_8;1;8;1;0.9318394372138366;1.0;1.0;1.0
JISD_8;1;8;1;0.608181406243498;1.0;1.0;1.0
JRAE_8;0;8;0;0.9999159973878884;1.0;1.0;1.0
LSZD_8;0;8;1;0.809591938636959;1.0;1.0;1.0
MQJD_8;0;8;0;0.9999999895829174;1.0;1.0;1.0
MWUD_8;1;8;1;0.9994995965301032;1.0;1.0;1.0
OUMD_8;0;8;0;0.9980651916193041;1.0;1.0;1.0
SQFE_8;1;8;0;0.9973308699874092;1.0;1.0;1.0
