Case ID,Actual,Prefix Length,Prediction,Prediction Probability
DSAE_2,1,2,0,0.9735029435419487
DUOD_2,0,2,0,0.9993249390535314
OVWD_2,0,2,0,0.9384040140722884
RCAE_2,1,2,1,0.9999999640620725
TLHE_2,1,2,1,0.9999999838286557
VISD_2,1,2,1,0.882774930583885
YYIE_2,0,2,0,0.9412657362522212
ZLPD_2,0,2,0,0.9577103220863338
