Case ID;Actual;Prefix Length;Prediction;Prediction Probability;SHAP Subset Stability;SHAP Weight Stability;SHAP Adjusted Weight Stability
DSMD;1;1;1;0.9725404684507775;1.0;1.0;1.0
HTPD;1;1;1;0.8774499948444581;1.0;1.0;1.0
LIIE;0;1;0;0.9322123136880384;1.0;1.0;1.0
MHRD;0;1;0;0.8244489456840474;1.0;1.0;1.0
TIOD;0;1;0;0.8051647447150159;1.0;1.0;1.0
WXND;1;1;0;0.9259082877654223;1.0;1.0;1.0
XGPE;1;1;0;0.948469908063867;1.0;1.0;1.0
ZKXD;0;1;0;0.9917133922601966;1.0;1.0;1.0
