Case ID;Actual;Prefix Length;Prediction;Prediction Probability;SHAP Subset Stability;SHAP Weight Stability;SHAP Adjusted Weight Stability;LIME Subset Stability;LIME Weight Stability;LIME Adjusted Weight Stability
ANSD_8;1;8;1;0.9318394372138366;1.0;1.0;1.0;0.20381591438998603;0.2605597161624369;0.2605597161624369
JISD_8;1;8;1;0.6081814062434979;1.0;1.0;1.0;0.19132284682826184;0.47012076179491435;0.47012076179491435
JRAE_8;0;8;0;0.9999159973878884;1.0;1.0;1.0;0.1923757908873296;0.48590319089535583;0.48590319089535583
LSZD_8;0;8;1;0.809591938636959;1.0;1.0;1.0;0.1252289039488481;0.2449804535375355;0.2449804535375355
MQJD_8;0;8;0;0.9999999895829174;1.0;1.0;1.0;0.18366398964330577;0.40584016604136874;0.40584016604136874
MWUD_8;1;8;1;0.9994995965301032;1.0;1.0;1.0;0.2039956843486307;0.15928204149019387;0.15928204149019387
OUMD_8;0;8;0;0.998065191619304;1.0;1.0;1.0;0.19485726658600844;-0.13856201161731274;-0.13856201161731274
SQFE_8;1;8;0;0.9973308699874092;1.0;1.0;1.0;0.16717617795657747;0.43131783944635127;0.43131783944635127
