Case ID;Actual;Prefix Length;Prediction;Prediction Probability;SHAP Subset Stability;SHAP Weight Stability;SHAP Adjusted Weight Stability;LIME Subset Stability;LIME Weight Stability;LIME Adjusted Weight Stability
BTH_11;1;11;1;0.9982233888212352;1.0;1.0;1.0;0.13321470780644107;0.5993402781172028;0.5993402781172028
CJOC_11;1;11;1;0.9312336553822964;1.0;1.0;1.0;0.5711477514341876;0.690857529580533;0.690857529580533
IOEE_11;1;11;0;0.9995837553482338;1.0;1.0;1.0;0.1255162473161634;0.7168058432648909;0.7168058432648909
JHV_11;0;11;0;0.9997668301620928;1.0;1.0;1.0;0.16612400383448556;0.5876408120456507;0.5876408120456507
PFUA_11;1;11;1;0.8422888362591802;1.0;1.0;1.0;0.18072701118932222;0.8086192161554866;0.8086192161554866
POM_11;0;11;0;0.998475070635362;1.0;1.0;1.0;0.1648045803316226;0.640009220559252;0.640009220559252
QXEB_11;0;11;0;0.9997334020351396;1.0;1.0;1.0;0.17767884642901288;0.726009393727325;0.726009393727325
TBD_11;0;11;0;0.9999652324483028;1.0;1.0;1.0;0.15783953424044905;0.7798801598638876;0.7798801598638876
