Case ID;Actual;Prefix Length;Prediction;Prediction Probability;SHAP Subset Stability;SHAP Weight Stability;SHAP Adjusted Weight Stability
DLVD_6;0;6;0;0.9999825569402748;1.0;1.0;1.0
EJSD_6;1;6;0;0.9765594834766781;1.0;1.0;1.0
HCCE_6;0;6;0;0.9999825907554035;1.0;1.0;1.0
KZVD_6;1;6;1;0.9998990975658723;1.0;1.0;1.0
OSBE_6;1;6;1;0.9999144371629236;1.0;1.0;1.0
QLKE_6;0;6;0;0.9999889328256532;1.0;1.0;1.0
UTGE_6;1;6;1;0.999722566815348;1.0;1.0;1.0
XMWD_6;0;6;0;0.9997721650192227;1.0;1.0;1.0
