Case ID,Actual,Prefix Length,Prediction,Prediction Probability
DLVD_6,0,6,0,0.9999825569402748
EJSD_6,1,6,0,0.9765594834766781
HCCE_6,0,6,0,0.9999825907554035
KZVD_6,1,6,1,0.9998990975658723
OSBE_6,1,6,1,0.9999144371629236
QLKE_6,0,6,0,0.9999889328256532
UTGE_6,1,6,1,0.999722566815348
XMWD_6,0,6,0,0.9997721650192227
