Case ID;Actual;Prefix Length;Prediction;Prediction Probability;SHAP Subset Stability;SHAP Weight Stability;SHAP Adjusted Weight Stability;LIME Subset Stability;LIME Weight Stability;LIME Adjusted Weight Stability
BAME_4;1;4;0;0.8687490284083265;1.0;1.0;1.0;0.047103580679289325;0.6471956778382884;0.6471956778382884
EOAE_4;1;4;0;0.9999995532364148;1.0;1.0;1.0;0.24161241738311479;0.6076178107153084;0.6076178107153084
IVZD_4;0;4;0;0.9940696387956349;1.0;1.0;1.0;0.2527608976908192;-0.05284407570795491;-0.05284407570795491
NXBE_4;0;4;0;0.9785276302218784;1.0;1.0;1.0;0.24126619429728668;0.583213856161114;0.583213856161114
SMOD_4;1;4;0;0.9993576681679962;1.0;1.0;1.0;0.255888813403538;0.6474976809068722;0.6474976809068722
UQWD_4;1;4;1;0.6204559043751349;1.0;1.0;1.0;0.2516642939461733;0.6784751724674756;0.6784751724674756
XRKE_4;0;4;0;0.9493305017469366;1.0;1.0;1.0;0.2396965477076869;0.6652462462743565;0.6652462462743565
ZUJD_4;0;4;0;0.9994395500284404;1.0;1.0;1.0;0.2488152463892367;0.5479611309005268;0.5479611309005268
