Case ID;Actual;Prefix Length;Prediction;Prediction Probability;SHAP Subset Stability;SHAP Weight Stability;SHAP Adjusted Weight Stability;LIME Subset Stability;LIME Weight Stability;LIME Adjusted Weight Stability
DSMD;1;1;1;0.9725404684507776;1.0;1.0;1.0;1.0;0.9153767435318356;0.9153767435318356
HTPD;1;1;1;0.8774499948444581;1.0;1.0;1.0;1.0;0.9130984595988803;0.9130984595988803
LIIE;0;1;0;0.9322123136880384;1.0;1.0;1.0;0.15019438557222498;0.8951968331117752;0.8951968331117752
MHRD;0;1;0;0.8244489456840474;1.0;1.0;1.0;0.1504665749415499;0.9170970141825412;0.9170970141825412
TIOD;0;1;0;0.8051647447150159;1.0;1.0;1.0;0.1545060790546301;0.9046781439646343;0.9046781439646343
WXND;1;1;0;0.9259082877654224;1.0;1.0;1.0;1.0;0.9229185445159026;0.9229185445159026
XGPE;1;1;0;0.9484699080638671;1.0;1.0;1.0;0.15406709511865824;0.8583579410810241;0.8583579410810241
ZKXD;0;1;0;0.9917133922601966;1.0;1.0;1.0;0.151277260421408;0.7468908196496161;0.7468908196496161
