Case ID,Actual,Prefix Length,Prediction,Prediction Probability
BAME_4,1,4,0,0.8687490284083265
EOAE_4,1,4,0,0.9999995532364149
IVZD_4,0,4,0,0.994069638795635
NXBE_4,0,4,0,0.9785276302218785
SMOD_4,1,4,0,0.9993576681679962
UQWD_4,1,4,1,0.6204559043751349
XRKE_4,0,4,0,0.9493305017469366
ZUJD_4,0,4,0,0.9994395500284404
