Case ID;Actual;Prefix Length;Prediction;Prediction Probability;SHAP Subset Stability;SHAP Weight Stability;SHAP Adjusted Weight Stability
DKLE_5;0;5;0;0.5527192432141685;1.0;1.0;1.0
FUKE_5;1;5;1;0.9116926590193928;1.0;1.0;1.0
JLZD_5;0;5;0;0.9922888334644733;1.0;1.0;1.0
LKMD_5;1;5;0;0.9606697172089776;1.0;1.0;1.0
RLDE_5;1;5;0;0.7358966544640467;1.0;1.0;1.0
RROD_5;0;5;0;0.9988519904032236;1.0;1.0;1.0
UAME_5;1;5;1;0.91128497429982;1.0;1.0;1.0
YFND_5;0;5;0;0.999076316443967;1.0;1.0;1.0
