Case ID,Actual,Prefix Length,Prediction,Prediction Probability
DSMD,1,1,1,0.9725404684507775
HTPD,1,1,1,0.8774499948444581
LIIE,0,1,0,0.9322123136880384
MHRD,0,1,0,0.8244489456840474
TIOD,0,1,0,0.8051647447150159
WXND,1,1,0,0.9259082877654223
XGPE,1,1,0,0.948469908063867
ZKXD,0,1,0,0.9917133922601966
