Case ID;Actual;Prefix Length;Prediction;Prediction Probability;SHAP Subset Stability;SHAP Weight Stability;SHAP Adjusted Weight Stability;LIME Subset Stability;LIME Weight Stability;LIME Adjusted Weight Stability
BOUD_12;0;12;0;0.9999999378982554;1.0;1.0;1.0;0.10837150363158687;0.3396806571775485;0.3396806571775485
BQL_12;1;12;1;0.9965928981115296;1.0;1.0;1.0;0.09539838541084344;0.6527486644532356;0.6527486644532356
EKH_12;0;12;0;0.9987674853441224;1.0;1.0;1.0;0.11156319301930917;0.457052291979102;0.457052291979102
FJMA_12;1;12;1;0.9874697227403564;1.0;1.0;1.0;0.10143737988468915;0.689019369967489;0.689019369967489
JXCE_12;1;12;0;0.99996884632174;1.0;1.0;1.0;0.09876454060460149;0.7012779383521794;0.7012779383521794
KRJ_12;0;12;0;0.9999147473181574;1.0;1.0;1.0;0.10758089952945793;0.39445575380057696;0.39445575380057696
PFUA_12;1;12;1;0.9680828944181382;1.0;1.0;1.0;0.08849954136816385;0.7680401567562138;0.7680401567562138
UJMB_12;0;12;0;0.9965917920058898;1.0;1.0;1.0;0.10262549291860057;0.010961504423028234;0.010961504423028234
