Case ID,Actual,Prefix Length,Prediction,Prediction Probability
EPMD_3,1,3,1,0.9999859647427761
EWAE_3,0,3,0,0.9999655049199044
LBKE_3,1,3,1,0.9999531696752038
QIDE_3,0,3,0,0.9989986709510315
RZLD_3,1,3,0,0.997242119288848
TALD_3,0,3,0,0.9893362773818797
XKJD_3,1,3,1,0.9999927879309504
ZXKE_3,0,3,0,0.9427103754066994
