Case ID;Actual;Prefix Length;Prediction;Prediction Probability;SHAP Subset Stability;SHAP Weight Stability;SHAP Adjusted Weight Stability;LIME Subset Stability;LIME Weight Stability;LIME Adjusted Weight Stability
EPMD_3;1;3;1;0.999985964742776;1.0;1.0;1.0;0.16367359150024685;0.5225931920842231;0.5225931920842231
EWAE_3;0;3;0;0.9999655049199044;1.0;1.0;1.0;0.2439940111306399;0.6306799098387561;0.6306799098387561
LBKE_3;1;3;1;0.9999531696752038;1.0;1.0;1.0;0.16499239770359286;0.5704830542203949;0.5704830542203949
QIDE_3;0;3;0;0.9989986709510316;1.0;1.0;1.0;0.23569628482572846;0.4342675163314563;0.4342675163314563
RZLD_3;1;3;0;0.9972421192888481;1.0;1.0;1.0;0.23609655859398726;0.19094105330998457;0.19094105330998457
TALD_3;0;3;0;0.9893362773818796;1.0;1.0;1.0;0.2319454303460512;0.564963454953535;0.564963454953535
XKJD_3;1;3;1;0.9999927879309504;1.0;1.0;1.0;0.171123898979064;0.41574863844501553;0.41574863844501553
ZXKE_3;0;3;0;0.9427103754066994;1.0;1.0;1.0;0.2431385281385281;0.12042965502347536;0.12042965502347536
