Case ID,Actual,Prefix Length,Prediction,Prediction Probability
BOUD_12,0,12,0,0.9999999378982554
BQL_12,1,12,1,0.9965928981115297
EKH_12,0,12,0,0.9987674853441225
FJMA_12,1,12,1,0.9874697227403563
JXCE_12,1,12,0,0.9999688463217401
KRJ_12,0,12,0,0.9999147473181574
PFUA_12,1,12,1,0.9680828944181382
UJMB_12,0,12,0,0.9965917920058898
