Case ID;Actual;Prefix Length;Prediction;Prediction Probability;SHAP Subset Stability;SHAP Weight Stability;SHAP Adjusted Weight Stability
BTH_11;1;11;1;0.9982233888212353;1.0;1.0;1.0
CJOC_11;1;11;1;0.9312336553822964;1.0;1.0;1.0
IOEE_11;1;11;0;0.9995837553482338;1.0;1.0;1.0
JHV_11;0;11;0;0.9997668301620929;1.0;1.0;1.0
PFUA_11;1;11;1;0.8422888362591802;1.0;1.0;1.0
POM_11;0;11;0;0.9984750706353621;1.0;1.0;1.0
QXEB_11;0;11;0;0.9997334020351396;1.0;1.0;1.0
TBD_11;0;11;0;0.9999652324483027;1.0;1.0;1.0
