Case ID;Actual;Prefix Length;Prediction;Prediction Probability;SHAP Subset Stability;SHAP Weight Stability;SHAP Adjusted Weight Stability
CDPD_7;1;7;0;0.9991374442895146;1.0;1.0;1.0
DRVD_7;0;7;0;0.9999999979437145;1.0;1.0;1.0
DWGE_7;0;7;0;0.9999720745025575;1.0;1.0;1.0
EFZD_7;0;7;0;0.9999988465929256;1.0;1.0;1.0
GOSD_7;0;7;0;0.9999999999071364;1.0;1.0;1.0
MRVD_7;1;7;0;0.6909825145865472;1.0;1.0;1.0
MWUD_7;1;7;1;0.9997098073370351;1.0;1.0;1.0
SQFE_7;1;7;0;0.9351643864630561;1.0;1.0;1.0
