Case ID;Actual;Prefix Length;Prediction;Prediction Probability;SHAP Subset Stability;SHAP Weight Stability;SHAP Adjusted Weight Stability
BAME_4;1;4;0;0.8687490284083265;1.0;1.0;1.0
EOAE_4;1;4;0;0.9999995532364149;1.0;1.0;1.0
IVZD_4;0;4;0;0.994069638795635;1.0;1.0;1.0
NXBE_4;0;4;0;0.9785276302218785;1.0;1.0;1.0
SMOD_4;1;4;0;0.9993576681679962;1.0;1.0;1.0
UQWD_4;1;4;1;0.6204559043751349;1.0;1.0;1.0
XRKE_4;0;4;0;0.9493305017469366;1.0;1.0;1.0
ZUJD_4;0;4;0;0.9994395500284404;1.0;1.0;1.0
