Case ID,Actual,Prefix Length,Prediction,Prediction Probability
BTH_11,1,11,1,0.9982233888212353
CJOC_11,1,11,1,0.9312336553822964
IOEE_11,1,11,0,0.9995837553482338
JHV_11,0,11,0,0.9997668301620929
PFUA_11,1,11,1,0.8422888362591802
POM_11,0,11,0,0.9984750706353621
QXEB_11,0,11,0,0.9997334020351396
TBD_11,0,11,0,0.9999652324483027
