Case ID;Actual;Prefix Length;Prediction;Prediction Probability;SHAP Subset Stability;SHAP Weight Stability;SHAP Adjusted Weight Stability
DSAE_2;1;2;0;0.9735029435419487;1.0;1.0;1.0
DUOD_2;0;2;0;0.9993249390535314;1.0;1.0;1.0
OVWD_2;0;2;0;0.9384040140722884;1.0;1.0;1.0
RCAE_2;1;2;1;0.9999999640620725;1.0;1.0;1.0
TLHE_2;1;2;1;0.9999999838286557;1.0;1.0;1.0
VISD_2;1;2;1;0.882774930583885;1.0;1.0;1.0
YYIE_2;0;2;0;0.9412657362522212;1.0;1.0;1.0
ZLPD_2;0;2;0;0.9577103220863338;1.0;1.0;1.0
