Case ID,Actual,Prefix Length,Prediction,Prediction Probability
ANSD_8,1,8,1,0.9318394372138366
JISD_8,1,8,1,0.608181406243498
JRAE_8,0,8,0,0.9999159973878884
LSZD_8,0,8,1,0.809591938636959
MQJD_8,0,8,0,0.9999999895829174
MWUD_8,1,8,1,0.9994995965301032
OUMD_8,0,8,0,0.9980651916193041
SQFE_8,1,8,0,0.9973308699874092
