Case ID,Actual,Prefix Length,Prediction,Prediction Probability
GWSD_9,1,9,1,1.0
IQKD_9,0,9,0,0.9999999999999915
JXCE_9,1,9,0,1.0
LJOE_9,1,9,0,0.9961357367166567
UQWD_9,1,9,0,1.0
XTND_9,0,9,0,1.0
ZMID_9,0,9,0,1.0
ZNYD_9,0,9,0,0.9999999999908961
