Case ID;Actual;Prefix Length;Prediction;Prediction Probability;SHAP Subset Stability;SHAP Weight Stability;SHAP Adjusted Weight Stability
1034_11;0;11;0;1.0;1.0;0.9999999999994884;0.9999999999994884
1076_11;1;11;1;1.0;1.0;0.9999999999994886;0.9999999999994886
1112_11;1;11;0;1.0;1.0;0.9999999999994882;0.9999999999994882
934_11;0;11;1;0.9731443;1.0;0.9999999999999997;0.9999999999999997
960_11;1;11;1;0.9999924;1.0;0.9999999999994098;0.9999999999994098
970_11;0;11;0;0.9979026;1.0;0.9999999999999254;0.9999999999999254
977_11;1;11;1;1.0;1.0;0.9999999999999822;0.9999999999999822
988_11;0;11;0;0.95081;1.0;0.9999999999994883;0.9999999999994883
