Case ID;Actual;Prefix Length;Prediction;Prediction Probability;SHAP Subset Stability;SHAP Weight Stability;SHAP Adjusted Weight Stability
1025_13;0;13;0;1.0;1.0;0.9999999999999482;0.9999999999999482
1048_13;0;13;1;0.99998736;1.0;0.999999999999998;0.999999999999998
1071_13;1;13;0;1.0;1.0;0.9999999999913753;0.9999999999913753
1086_13;0;13;1;1.0;1.0;0.9999999999999963;0.9999999999999963
1099_13;0;13;0;0.98124385;1.0;0.9999999999691052;0.9999999999691052
1119_13;1;13;0;0.99999994;1.0;0.9999999999913818;0.9999999999913818
966_13;1;13;0;1.0;1.0;0.9999999999999798;0.9999999999999798
991_13;1;13;0;1.0;1.0;0.9999999999999826;0.9999999999999826
