Case ID;Actual;Prefix Length;Prediction;Prediction Probability;SHAP Subset Stability;SHAP Weight Stability;SHAP Adjusted Weight Stability;LIME Subset Stability;LIME Weight Stability;LIME Adjusted Weight Stability
1002_4;1;4;0;0.94601375;1.0;0.999999999999791;0.999999999999791;0.15860013623978186;0.5350367637359192;0.5350367637359192
1053_4;0;4;1;0.8847927999999999;1.0;0.9999999999997944;0.9999999999997944;0.08359318125962778;0.6811030285785582;0.6811030285785582
1123_4;0;4;0;0.70184827;1.0;0.999999999999791;0.999999999999791;0.12163727184344686;-0.06756848900524859;-0.06756848900524859
919_4;0;4;0;0.63352984;1.0;0.9999999999997944;0.9999999999997944;0.07919857720389611;-52.10865167838543;-52.10865167838543
934_4;0;4;0;0.99531806;1.0;0.9999999999995336;0.9999999999995336;0.06227742165242167;0.5073160241670978;0.5073160241670978
957_4;1;4;1;0.9691765999999999;1.0;0.9999999999997944;0.9999999999997944;0.0900634846126489;0.5767964670127159;0.5767964670127159
982_4;1;4;1;0.85488;1.0;0.9999999999997922;0.9999999999997922;0.1484785170898959;0.5902242298553629;0.5902242298553629
987_4;1;4;1;0.5448202;1.0;0.9999999999997944;0.9999999999997944;0.0957820418200449;0.66202291417924;0.66202291417924
