Case ID;Actual;Prefix Length;Prediction;Prediction Probability;SHAP Subset Stability;SHAP Weight Stability;SHAP Adjusted Weight Stability
1002_4;1;4;0;0.94601375;1.0;0.999999999999791;0.999999999999791
1053_4;0;4;1;0.8847928;1.0;0.9999999999997943;0.9999999999997943
1123_4;0;4;0;0.70184827;1.0;0.999999999999791;0.999999999999791
919_4;0;4;0;0.63352984;1.0;0.9999999999997943;0.9999999999997943
934_4;0;4;0;0.99531806;1.0;0.9999999999995337;0.9999999999995337
957_4;1;4;1;0.9691766;1.0;0.9999999999997943;0.9999999999997943
982_4;1;4;1;0.85488;1.0;0.9999999999997922;0.9999999999997922
987_4;1;4;1;0.5448202;1.0;0.9999999999997943;0.9999999999997943
