Case ID;Actual;Prefix Length;Prediction;Prediction Probability;SHAP Subset Stability;SHAP Weight Stability;SHAP Adjusted Weight Stability;LIME Subset Stability;LIME Weight Stability;LIME Adjusted Weight Stability
1008_12;1;12;0;1.0;1.0;0.999999999999996;0.999999999999996;0.05794931399572989;0.3254833539593237;0.3254833539593237
1027_12;0;12;0;1.0;1.0;0.9999999999998116;0.9999999999998116;0.060786036753479156;-1.68367700398543;-1.68367700398543
1096_12;0;12;1;1.0;1.0;0.9999999999999618;0.9999999999999618;0.06159902417387442;0.30052722660280273;0.30052722660280273
1104_12;1;12;1;1.0;1.0;0.9999999999997208;0.9999999999997208;0.19390611984176487;-0.7287474431451197;-0.7287474431451197
1117_12;1;12;1;0.9522814000000001;1.0;0.9999999999999666;0.9999999999999666;0.09428768378184704;0.04186334318145346;0.04186334318145346
1136_12;0;12;0;1.0;1.0;0.9999999999996572;0.9999999999996572;0.05891719958572328;0.07463593361442478;0.07463593361442478
1137_12;1;12;1;0.99999964;1.0;0.9999999999996892;0.9999999999996892;0.18299460342608176;0.06620094401129806;0.06620094401129806
936_12;0;12;0;0.999993;1.0;0.999999999999778;0.999999999999778;0.06665146601577798;-0.1710796469626783;-0.1710796469626783
