Case ID,Actual,Prefix Length,Prediction,Prediction Probability
1017_7,1,7,1,0.99974555
1039_7,0,7,1,0.9699496
1090_7,1,7,1,0.99981815
1120_7,1,7,1,0.99999976
938_7,1,7,1,0.9910357
958_7,0,7,0,0.9999512
961_7,0,7,0,0.76203185
974_7,0,7,0,0.70524126
