Case ID,Actual,Prefix Length,Prediction,Prediction Probability
1002_4,1,4,0,0.94601375
1053_4,0,4,1,0.8847928
1123_4,0,4,0,0.70184827
919_4,0,4,0,0.63352984
934_4,0,4,0,0.99531806
957_4,1,4,1,0.9691766
982_4,1,4,1,0.85488
987_4,1,4,1,0.5448202
