Case ID;Actual;Prefix Length;Prediction;Prediction Probability;SHAP Subset Stability;SHAP Weight Stability;SHAP Adjusted Weight Stability
1086_6;0;6;1;0.99999964;1.0;0.9999999999999883;0.9999999999999883
1102_6;0;6;1;0.99997556;1.0;0.9999999999999886;0.9999999999999886
1120_6;1;6;1;0.94350356;1.0;0.9999999999996383;0.9999999999996383
929_6;1;6;1;0.8663907;1.0;0.9999999999999883;0.9999999999999883
934_6;0;6;1;0.5048121;1.0;1.0;1.0
956_6;1;6;1;0.99999976;1.0;0.9999999999999997;0.9999999999999997
962_6;1;6;1;0.9999989;1.0;0.9999999999999883;0.9999999999999883
979_6;0;6;0;0.81700116;1.0;1.0;1.0
