Case ID;Actual;Prefix Length;Prediction;Prediction Probability;SHAP Subset Stability;SHAP Weight Stability;SHAP Adjusted Weight Stability
937.0;0.0;1.0;0.0;0.524375855922699;1.0;1.0;1.0
967.0;0.0;1.0;0.0;0.9990880489349365;1.0;0.9999999999999994;0.9999999999999994
1003.0;0.0;1.0;0.0;0.9990382790565491;1.0;1.0;1.0
1014.0;1.0;1.0;1.0;0.9997730851173401;1.0;1.0;1.0
1049.0;1.0;1.0;1.0;0.9999303817749023;1.0;0.9999999999999999;0.9999999999999999
1064.0;1.0;1.0;1.0;0.9952918291091919;1.0;1.0;1.0
1087.0;0.0;1.0;0.0;0.9999945163726807;1.0;0.9999999999999993;0.9999999999999993
1121.0;1.0;1.0;1.0;0.9967504739761353;1.0;1.0;1.0
