Case ID;Actual;Prefix Length;Prediction;Prediction Probability;SHAP Subset Stability;SHAP Weight Stability;SHAP Adjusted Weight Stability
1004_9;1;9;1;0.9999962;1.0;0.9999999999999906;0.9999999999999906
1035_9;1;9;0;0.6683943;1.0;0.9999999999999203;0.9999999999999203
1044_9;1;9;0;0.9995454;1.0;0.9999999999998448;0.9999999999998448
1048_9;0;9;0;0.9997905;1.0;1.0;1.0
1073_9;0;9;0;0.97866654;1.0;0.9999999999994016;0.9999999999994016
1074_9;0;9;0;0.9306296;1.0;0.9999999999994016;0.9999999999994016
1078_9;0;9;0;0.9984449;1.0;1.0;1.0
969_9;1;9;1;0.99966097;1.0;0.9999999999998544;0.9999999999998544
