Case ID;Actual;Prefix Length;Prediction;Prediction Probability;SHAP Subset Stability;SHAP Weight Stability;SHAP Adjusted Weight Stability;LIME Subset Stability;LIME Weight Stability;LIME Adjusted Weight Stability
1009_5;0;5;1;1.0;1.0;0.9999999999998008;0.9999999999998008;0.19687260011482177;0.3560723573831478;0.3560723573831478
1032_5;1;5;1;1.0;1.0;0.9999999999999984;0.9999999999999984;0.22261731395199935;0.2416322289196522;0.2416322289196522
1130_5;1;5;1;1.0;1.0;0.9999999999998956;0.9999999999998956;0.21494505092379002;0.2293195887010938;0.2293195887010938
915_5;1;5;1;1.0;1.0;0.9999999999999984;0.9999999999999984;0.20672458025283502;-0.2282347329975507;-0.2282347329975507
933_5;0;5;1;1.0;1.0;0.9999999999964494;0.9999999999964494;0.20012285718148393;0.3672111594779415;0.3672111594779415
937_5;0;5;1;1.0;1.0;0.9999999999963528;0.9999999999963528;0.20543765547263682;0.37829372316415877;0.37829372316415877
973_5;0;5;1;1.0;1.0;0.9999999999999992;0.9999999999999992;0.219067105947633;-0.0985121331853831;-0.0985121331853831
980_5;1;5;1;1.0;1.0;0.99999999999977;0.99999999999977;0.20090220464962338;-0.46348005649890034;-0.46348005649890034
