Case ID,Actual,Prefix Length,Prediction,Prediction Probability
1003_10,0,10,0,0.9947779
1021_10,0,10,0,0.9995966
1028_10,1,10,1,0.9323476
1029_10,0,10,1,0.6931951
1060_10,1,10,1,0.9985448
1094_10,1,10,1,0.99978155
952_10,0,10,1,0.55482584
962_10,1,10,1,0.9999999
