Case ID;Actual;Prefix Length;Prediction;Prediction Probability;SHAP Subset Stability;SHAP Weight Stability;SHAP Adjusted Weight Stability;LIME Subset Stability;LIME Weight Stability;LIME Adjusted Weight Stability
1105_3;0;3;1;0.87650466;1.0;0.999999999999998;0.999999999999998;0.549137104506232;0.4806676239186706;0.4806676239186706
1117_3;1;3;1;0.95560515;1.0;0.9999999999999852;0.9999999999999852;0.11498181149483111;0.032714590201197935;0.032714590201197935
937_3;0;3;1;0.7221122;1.0;1.0;1.0;0.7139024256693861;0.024281778194769954;0.024281778194769954
939_3;0;3;0;0.9999995;1.0;0.9999999999995016;0.9999999999995016;0.10342153625525352;0.512787100865669;0.512787100865669
945_3;0;3;0;0.99841887;1.0;1.0;1.0;0.1326154630104791;0.4812670693746336;0.4812670693746336
963_3;1;3;0;0.62056994;1.0;1.0;1.0;0.12408586559071966;0.37130145016631255;0.37130145016631255
966_3;1;3;1;1.0;1.0;0.999999999999996;0.999999999999996;0.6104400988411723;0.08959533206715242;0.08959533206715242
987_3;1;3;1;0.99996924;1.0;0.9999999999999979;0.9999999999999979;0.11235523451980323;0.4467490603861817;0.4467490603861817
