Case ID;Actual;Prefix Length;Prediction;Prediction Probability;SHAP Subset Stability;SHAP Weight Stability;SHAP Adjusted Weight Stability
1003_10;0;10;0;0.9947779;1.0;0.9999999999999978;0.9999999999999978
1021_10;0;10;0;0.9995966;1.0;0.9999999999996968;0.9999999999996968
1028_10;1;10;1;0.9323476;1.0;0.9999999999999999;0.9999999999999999
1029_10;0;10;1;0.6931951;1.0;0.9999999999999984;0.9999999999999984
1060_10;1;10;1;0.9985448;1.0;0.9999999999999998;0.9999999999999998
1094_10;1;10;1;0.99978155;1.0;0.9999999999999979;0.9999999999999979
952_10;0;10;1;0.55482584;1.0;0.9999999999999999;0.9999999999999999
962_10;1;10;1;0.9999999;1.0;0.9999999999999979;0.9999999999999979
