Case ID;Actual;Prefix Length;Prediction;Prediction Probability;SHAP Subset Stability;SHAP Weight Stability;SHAP Adjusted Weight Stability;LIME Subset Stability;LIME Weight Stability;LIME Adjusted Weight Stability;ACV Subset Stability;ACV Weight Stability;ACV Adjusted Weight Stability
Case103_10;1;10;1;0.9638608;1.0;0.9999999999999756;0.9999999999999756;0.9372186268992684;0.9960265053549888;0.9960265053549888;;1.0;1.0
Case115_10;1;10;1;0.93871576;1.0;0.9999999999999756;0.9999999999999756;0.9372186268992684;0.9948301502606576;0.9948301502606576;;1.0;1.0
Case192_10;0;10;0;0.9576726999999999;1.0;0.9999999999999756;0.9999999999999756;0.9712716133497138;0.9954846932953152;0.9954846932953152;;1.0;1.0
Case223_10;0;10;0;0.95239145;1.0;0.9999999999999968;0.9999999999999968;1.0;0.9901770700451834;0.9901770700451834;;1.0;1.0
Case245_10;1;10;1;0.9669281;1.0;0.9999999999999756;0.9999999999999756;0.9372186268992684;0.9897246716132028;0.9897246716132028;;1.0;1.0
Case251_10;0;10;0;0.96551436;1.0;0.9999999999999756;0.9999999999999756;0.9753263897048152;0.9966941356083436;0.9966941356083436;;1.0;1.0
Case267_10;1;10;1;0.9717808000000001;1.0;0.9999999999999756;0.9999999999999756;0.9732572250438222;0.9968443457643456;0.9968443457643456;;1.0;1.0
Case41_10;0;10;0;0.97937036;1.0;0.9999999999999968;0.9999999999999968;0.9652348352793386;0.9928794474717212;0.9928794474717212;;1.0;1.0
