Case ID;Actual;Prefix Length;Prediction;Prediction Probability;SHAP Subset Stability;SHAP Weight Stability;SHAP Adjusted Weight Stability;LIME Subset Stability;LIME Weight Stability;LIME Adjusted Weight Stability;ACV Subset Stability;ACV Weight Stability;ACV Adjusted Weight Stability;LINDA Subset Stability;LINDA Weight Stability;LINDA Adjusted Weight Stability
Case18_5;1;5;1;0.9992466999999998;1.0;0.9999999999999998;0.9999999999999998;1.0;0.9301766406997878;0.9301766406997878;;1.0;1.0;;1.0;1.0
Case236_5;0;5;0;0.9606216;1.0;0.9999999999999156;0.9999999999999156;1.0;0.8970983017171529;0.8970983017171529;;1.0;1.0;1.0;1.0;1.0
Case251_5;0;5;0;0.98597974;1.0;0.9999999999999998;0.9999999999999998;1.0;0.9686300662962748;0.9686300662962748;;1.0;1.0;1.0;1.0;1.0
Case273_5;0;5;0;0.9921767;1.0;0.999999999999894;0.999999999999894;1.0;0.9735796384276282;0.9735796384276282;;1.0;1.0;;1.0;1.0
Case45_5;1;5;0;0.8424965;1.0;0.9999999999999156;0.9999999999999156;1.0;0.8957498221738438;0.8957498221738438;;1.0;1.0;1.0;1.0;1.0
Case68_5;0;5;0;0.9995305;1.0;0.9999999999999156;0.9999999999999156;1.0;0.9527678661421336;0.9527678661421336;;1.0;1.0;;1.0;1.0
Case91_5;1;5;1;0.9920001;1.0;0.9999999999999998;0.9999999999999998;0.951895279724323;0.9589960214148676;0.9589960214148676;;1.0;1.0;1.0;1.0;1.0
Case95_5;1;5;1;0.994557;1.0;0.9999999999999998;0.9999999999999998;1.0;0.935400715260201;0.935400715260201;;1.0;1.0;;1.0;1.0
