Case ID,Actual,Prefix Length,Prediction,Prediction Probability
1086_6,0,6,1,0.99999964
1102_6,0,6,1,0.99997556
1120_6,1,6,1,0.94350356
929_6,1,6,1,0.8663907
934_6,0,6,1,0.5048121
956_6,1,6,1,0.99999976
962_6,1,6,1,0.9999989
979_6,0,6,0,0.81700116
