Case ID;Actual;Prefix Length;Prediction;Prediction Probability;SHAP Subset Stability;SHAP Weight Stability;SHAP Adjusted Weight Stability;LIME Subset Stability;LIME Weight Stability;LIME Adjusted Weight Stability
1017_7;1;7;1;0.99974555;1.0;0.9999999999999992;0.9999999999999992;0.12423027386940755;-0.33009737829797503;-0.33009737829797503
1039_7;0;7;1;0.9699496;1.0;0.9999999999999964;0.9999999999999964;0.06171491451911937;0.6699063564580027;0.6699063564580027
1090_7;1;7;1;0.99981815;1.0;0.9999999999999992;0.9999999999999992;0.11922018348623853;0.6571002038738127;0.6571002038738127
1120_7;1;7;1;0.99999976;1.0;0.9999999999999548;0.9999999999999548;0.20957535605164568;0.6084080174760815;0.6084080174760815
938_7;1;7;1;0.9910357;1.0;0.999999999999768;0.999999999999768;0.06533560251128734;0.36972378552539176;0.36972378552539176
958_7;0;7;0;0.9999511999999999;1.0;0.9999999999999996;0.9999999999999996;0.05837278459405981;0.5777408746542516;0.5777408746542516
961_7;0;7;0;0.76203185;1.0;0.9999999999998096;0.9999999999998096;0.06244743718254042;0.5709659294457984;0.5709659294457984
974_7;0;7;0;0.70524126;1.0;0.9999999999998076;0.9999999999998076;0.061041604466386845;0.6151717010029225;0.6151717010029225
