Case ID,Actual,Prefix Length,Prediction,Prediction Probability
1004_9,1,9,1,0.9999962
1035_9,1,9,0,0.6683943
1044_9,1,9,0,0.9995454
1048_9,0,9,0,0.9997905
1073_9,0,9,0,0.97866654
1074_9,0,9,0,0.9306296
1078_9,0,9,0,0.9984449
969_9,1,9,1,0.99966097
