Case ID;Actual;Prefix Length;Prediction;Prediction Probability;SHAP Subset Stability;SHAP Weight Stability;SHAP Adjusted Weight Stability;LIME Subset Stability;LIME Weight Stability;LIME Adjusted Weight Stability;ACV Subset Stability;ACV Weight Stability;ACV Adjusted Weight Stability;LINDA Subset Stability;LINDA Weight Stability;LINDA Adjusted Weight Stability
205062_8;0;8;1;0.7157709;1.0;0.9999999999999508;0.9999999999999508;0.4970845481049562;0.8782722365830207;0.8782722365830207;;1.0;1.0;1.0;1.0;1.0
205782_8;1;8;0;0.58414656;1.0;0.9999999999999803;0.9999999999999803;-0.1150988639760017;0.8399666004260486;0.8399666004260486;;1.0;1.0;;1.0;1.0
206141_8;0;8;1;0.98087764;1.0;0.9999999999999974;0.9999999999999974;-0.0355976878083921;0.9042543615057128;0.9042543615057128;;1.0;1.0;1.0;1.0;1.0
208508_8;0;8;0;0.99293625;1.0;0.9999999999997896;0.9999999999997896;1.0;0.9362916372062612;0.9362916372062612;;1.0;1.0;1.0;1.0;1.0
209577_8;1;8;0;0.69820213;1.0;0.999999999999972;0.999999999999972;-0.0189848731515396;0.924460593138032;0.924460593138032;;1.0;1.0;;1.0;1.0
209664_8;0;8;1;0.50811464;1.0;0.99999999999992;0.99999999999992;-0.0643187226916153;0.9516579624792088;0.9516579624792088;;1.0;1.0;1.0;1.0;1.0
211287_8;1;8;1;0.9036571;1.0;0.9999999999999288;0.9999999999999288;-0.0814602283220979;0.8416254501884703;0.8416254501884703;;1.0;1.0;1.0;1.0;1.0
214040_8;1;8;0;0.57819366;1.0;0.999999999999977;0.999999999999977;-0.0865360926336531;0.9336782773042795;0.9336782773042795;;1.0;1.0;1.0;1.0;1.0
