Case ID;Actual;Prefix Length;Prediction;Prediction Probability;SHAP Subset Stability;SHAP Weight Stability;SHAP Adjusted Weight Stability
1010_14;0;14;0;0.99999845;1.0;0.9999999999999967;0.9999999999999967
1022_14;0;14;0;0.9999898;1.0;0.9999999999999968;0.9999999999999968
1053_14;0;14;0;0.52340996;1.0;0.9999999999999986;0.9999999999999986
1066_14;1;14;1;0.9999999;1.0;0.9999999999999986;0.9999999999999986
1070_14;0;14;0;0.99901104;1.0;0.9999999999999986;0.9999999999999986
1076_14;1;14;1;0.8173111;1.0;0.9999999999999966;0.9999999999999966
1104_14;1;14;1;0.9999696;1.0;0.9999999999999984;0.9999999999999984
969_14;1;14;1;0.91913974;1.0;0.9999999999999986;0.9999999999999986
