Case ID;Actual;Prefix Length;Prediction;Prediction Probability;SHAP Subset Stability;SHAP Weight Stability;SHAP Adjusted Weight Stability
1009_5;0;5;1;1.0;1.0;0.9999999999998009;0.9999999999998009
1032_5;1;5;1;1.0;1.0;0.9999999999999983;0.9999999999999983
1130_5;1;5;1;1.0;1.0;0.9999999999998955;0.9999999999998955
915_5;1;5;1;1.0;1.0;0.9999999999999984;0.9999999999999984
933_5;0;5;1;1.0;1.0;0.9999999999964494;0.9999999999964494
937_5;0;5;1;1.0;1.0;0.9999999999963527;0.9999999999963527
973_5;0;5;1;1.0;1.0;0.9999999999999991;0.9999999999999991
980_5;1;5;1;1.0;1.0;0.9999999999997701;0.9999999999997701
