Case ID;Actual;Prefix Length;Prediction;Prediction Probability;SHAP Subset Stability;SHAP Weight Stability;SHAP Adjusted Weight Stability
1017_7;1;7;1;0.99974555;1.0;0.9999999999999991;0.9999999999999991
1039_7;0;7;1;0.9699496;1.0;0.9999999999999964;0.9999999999999964
1090_7;1;7;1;0.99981815;1.0;0.9999999999999991;0.9999999999999991
1120_7;1;7;1;0.99999976;1.0;0.9999999999999549;0.9999999999999549
938_7;1;7;1;0.9910357;1.0;0.9999999999997681;0.9999999999997681
958_7;0;7;0;0.9999512;1.0;0.9999999999999996;0.9999999999999996
961_7;0;7;0;0.76203185;1.0;0.9999999999998096;0.9999999999998096
974_7;0;7;0;0.70524126;1.0;0.9999999999998075;0.9999999999998075
