Case ID;Actual;Prefix Length;Prediction;Prediction Probability;SHAP Subset Stability;SHAP Weight Stability;SHAP Adjusted Weight Stability;LIME Subset Stability;LIME Weight Stability;LIME Adjusted Weight Stability;ACV Subset Stability;ACV Weight Stability;ACV Adjusted Weight Stability;LINDA Subset Stability;LINDA Weight Stability;LINDA Adjusted Weight Stability
Case126;1;1;0;0.5535741;1.0;0.9999999999999996;0.9999999999999996;1.0;0.9450219144674926;0.9450219144674926;;1.0;1.0;1.0;1.0;1.0
Case146;0;1;0;0.95291996;1.0;1.0;1.0;1.0;0.9380570958034558;0.9380570958034558;1.0;1.0;1.0;;1.0;1.0
Case185;0;1;0;0.8465765;1.0;0.9999999999999996;0.9999999999999996;1.0;0.969625975322408;0.969625975322408;;1.0;1.0;1.0;1.0;1.0
Case31;1;1;1;0.9926668;1.0;0.9999999999999996;0.9999999999999996;0.9454851818812569;0.958772579031022;0.958772579031022;1.0;1.0;1.0;;1.0;1.0
Case55;1;1;1;0.98153263;1.0;0.9999999999999905;0.9999999999999905;1.0;0.9422676699612518;0.9422676699612518;;1.0;1.0;1.0;1.0;1.0
Case60;0;1;0;0.9999132;1.0;1.0;1.0;1.0;-1.0900193063897836;-1.0900193063897836;;1.0;1.0;;1.0;1.0
Case69;0;1;0;0.9439089;1.0;1.0;1.0;1.0;0.955382181244976;0.955382181244976;;1.0;1.0;1.0;1.0;1.0
Case80;1;1;1;0.9393639;1.0;0.9999999999999996;0.9999999999999996;0.9454851818812569;0.965876787178396;0.965876787178396;;1.0;1.0;;1.0;1.0
