Case ID;Actual;Prefix Length;Prediction;Prediction Probability;SHAP Subset Stability;SHAP Weight Stability;SHAP Adjusted Weight Stability
1011_2;0;2;0;0.57972467;1.0;1.0;1.0
1020_2;1;2;0;0.917525;1.0;1.0;1.0
1073_2;0;2;0;0.91438127;1.0;1.0;1.0
1090_2;1;2;1;0.9747609;1.0;0.9999999999999999;0.9999999999999999
1096_2;0;2;0;0.53404045;1.0;1.0;1.0
914_2;1;2;1;0.97929347;1.0;0.9999999999999999;0.9999999999999999
936_2;0;2;0;0.93623143;1.0;0.9999999999999994;0.9999999999999994
980_2;1;2;1;0.99624604;1.0;1.0;1.0
