Case ID;Actual;Prefix Length;Prediction;Prediction Probability;SHAP Subset Stability;SHAP Weight Stability;SHAP Adjusted Weight Stability
1008_12;1;12;0;1.0;1.0;0.9999999999999959;0.9999999999999959
1027_12;0;12;0;1.0;1.0;0.9999999999998115;0.9999999999998115
1096_12;0;12;1;1.0;1.0;0.9999999999999618;0.9999999999999618
1104_12;1;12;1;1.0;1.0;0.9999999999997208;0.9999999999997208
1117_12;1;12;1;0.9522814;1.0;0.9999999999999666;0.9999999999999666
1136_12;0;12;0;1.0;1.0;0.9999999999996572;0.9999999999996572
1137_12;1;12;1;0.99999964;1.0;0.9999999999996891;0.9999999999996891
936_12;0;12;0;0.999993;1.0;0.9999999999997781;0.9999999999997781
