Case ID,Actual,Prefix Length,Prediction,Prediction Probability
1025_13,0,13,0,1.0
1048_13,0,13,1,0.99998736
1071_13,1,13,0,1.0
1086_13,0,13,1,1.0
1099_13,0,13,0,0.98124385
1119_13,1,13,0,0.99999994
966_13,1,13,0,1.0
991_13,1,13,0,1.0
