Case ID;Actual;Prefix Length;Prediction;Prediction Probability;SHAP Subset Stability;SHAP Weight Stability;SHAP Adjusted Weight Stability
1105_3;0;3;1;0.87650466;1.0;0.9999999999999981;0.9999999999999981
1117_3;1;3;1;0.95560515;1.0;0.9999999999999852;0.9999999999999852
937_3;0;3;1;0.7221122;1.0;1.0;1.0
939_3;0;3;0;0.9999995;1.0;0.9999999999995017;0.9999999999995017
945_3;0;3;0;0.99841887;1.0;0.9999999999999999;0.9999999999999999
963_3;1;3;0;0.62056994;1.0;0.9999999999999999;0.9999999999999999
966_3;1;3;1;1.0;1.0;0.9999999999999961;0.9999999999999961
987_3;1;3;1;0.99996924;1.0;0.999999999999998;0.999999999999998
