Case ID;Actual;Prefix Length;Prediction;Prediction Probability;SHAP Subset Stability;SHAP Weight Stability;SHAP Adjusted Weight Stability;LIME Subset Stability;LIME Weight Stability;LIME Adjusted Weight Stability
1010_14;0;14;0;0.99999845;1.0;0.9999999999999968;0.9999999999999968;0.06793926550958374;0.45438588529024637;0.45438588529024637
1022_14;0;14;0;0.9999898000000002;1.0;0.9999999999999968;0.9999999999999968;0.08631177306582605;0.5077418193552077;0.5077418193552077
1053_14;0;14;0;0.52340996;1.0;0.9999999999999986;0.9999999999999986;0.0937400713192813;0.31916182123036096;0.31916182123036096
1066_14;1;14;1;0.9999998999999999;1.0;0.9999999999999986;0.9999999999999986;0.10923726903653175;0.4032452948968155;0.4032452948968155
1070_14;0;14;0;0.99901104;1.0;0.9999999999999986;0.9999999999999986;0.09343951615821078;-0.151605475676438;-0.151605475676438
1076_14;1;14;1;0.8173111;1.0;0.9999999999999966;0.9999999999999966;0.10646693590572509;0.35420562830792124;0.35420562830792124
1104_14;1;14;1;0.9999696;1.0;0.9999999999999984;0.9999999999999984;0.11483822422874312;0.4236134752089973;0.4236134752089973
969_14;1;14;1;0.91913974;1.0;0.9999999999999986;0.9999999999999986;0.10517800442821634;0.38051066106937637;0.38051066106937637
