Case ID;Actual;Prefix Length;Prediction;Prediction Probability;SHAP Subset Stability;SHAP Weight Stability;SHAP Adjusted Weight Stability;LIME Subset Stability;LIME Weight Stability;LIME Adjusted Weight Stability;ACV Subset Stability;ACV Weight Stability;ACV Adjusted Weight Stability
Case101_14;0;14;1;0.9023370999999999;1.0;0.9999999999998544;0.9999999999998544;-0.0003946945911232902;1.0;1.0;;1.0;1.0
Case188_14;1;14;1;0.9399403000000001;1.0;0.9999999999998544;0.9999999999998544;0.08294883996799918;1.0;1.0;;1.0;1.0
Case223_14;0;14;0;0.9988828000000002;1.0;0.9999999999998544;0.9999999999998544;0.04719486913708182;1.0;1.0;;1.0;1.0
Case250_14;0;14;0;0.997871;1.0;0.9999999999998544;0.9999999999998544;0.06885693884453681;1.0;1.0;;1.0;1.0
Case55_14;1;14;1;0.99793124;1.0;0.9999999999998544;0.9999999999998544;0.04719486913708182;1.0;1.0;;1.0;1.0
Case61_14;1;14;1;0.9475344000000001;1.0;0.9999999999998544;0.9999999999998544;0.09029607990488177;1.0;1.0;;1.0;1.0
Case78_14;1;14;1;0.97235805;1.0;0.9999999999998544;0.9999999999998544;0.058050210549263966;1.0;1.0;;1.0;1.0
Case83_14;0;14;1;0.85206336;1.0;0.9999999999998544;0.9999999999998544;-0.0032537960954448497;1.0;1.0;;1.0;1.0
