Case ID;Actual;Prefix Length;Prediction;Prediction Probability;SHAP Subset Stability;SHAP Weight Stability;SHAP Adjusted Weight Stability;LIME Subset Stability;LIME Weight Stability;LIME Adjusted Weight Stability
937.0;0.0;1.0;0.0;0.524375855922699;1.0;1.0;1.0;0.30532635467980296;0.6516123139589014;0.6516123139589014
967.0;0.0;1.0;0.0;0.9990880489349364;1.0;0.9999999999999994;0.9999999999999994;0.2653893345917886;0.5753100819313405;0.5753100819313405
1003.0;0.0;1.0;0.0;0.9990382790565492;1.0;1.0;1.0;0.2748540968450248;0.6640842542576135;0.6640842542576135
1014.0;1.0;1.0;1.0;0.99977308511734;1.0;1.0;1.0;0.3943965764504769;0.496692211186073;0.496692211186073
1049.0;1.0;1.0;1.0;0.9999303817749025;1.0;1.0;1.0;0.38566978884392533;0.6612931259728496;0.6612931259728496
1064.0;1.0;1.0;1.0;0.995291829109192;1.0;1.0;1.0;0.3316779374471682;0.7084004346335524;0.7084004346335524
1087.0;0.0;1.0;0.0;0.9999945163726808;1.0;0.9999999999999992;0.9999999999999992;0.2070558307671707;0.6352807166934957;0.6352807166934957
1121.0;1.0;1.0;1.0;0.9967504739761353;1.0;1.0;1.0;0.35452928301819553;0.7647470270018175;0.7647470270018175
