Case ID,Actual,Prefix Length,Prediction,Prediction Probability
1105_3,0,3,1,0.87650466
1117_3,1,3,1,0.95560515
937_3,0,3,1,0.7221122
939_3,0,3,0,0.9999995
945_3,0,3,0,0.99841887
963_3,1,3,0,0.62056994
966_3,1,3,1,1.0
987_3,1,3,1,0.99996924
