Case ID,Actual,Prefix Length,Prediction,Prediction Probability
1008_8,1,8,0,0.7818335
1039_8,0,8,0,0.89681697
1048_8,0,8,0,0.7963208
1052_8,1,8,1,0.94576627
1070_8,0,8,1,0.8148344
1094_8,1,8,1,0.9837406
1132_8,1,8,1,0.9496612
952_8,0,8,1,0.94349647
