Case ID;Actual;Prefix Length;Prediction;Prediction Probability;SHAP Subset Stability;SHAP Weight Stability;SHAP Adjusted Weight Stability;LIME Subset Stability;LIME Weight Stability;LIME Adjusted Weight Stability
1011_2;0;2;0;0.57972467;1.0;1.0;1.0;0.053524068852754514;0.6456062048509384;0.6456062048509384
1020_2;1;2;0;0.917525;1.0;1.0;1.0;0.049639799395971185;0.5621611322306033;0.5621611322306033
1073_2;0;2;0;0.91438127;1.0;1.0;1.0;0.053314328908716124;0.24302025236352387;0.24302025236352387
1090_2;1;2;1;0.9747609;1.0;1.0;1.0;0.031841690335803086;0.4888734568164216;0.4888734568164216
1096_2;0;2;0;0.53404045;1.0;1.0;1.0;0.044951376523763686;0.5450910293741151;0.5450910293741151
914_2;1;2;1;0.97929347;1.0;1.0;1.0;0.05190210935180861;0.32249170049717824;0.32249170049717824
936_2;0;2;0;0.93623143;1.0;0.9999999999999994;0.9999999999999994;0.04316758744695792;0.6288572823329643;0.6288572823329643
980_2;1;2;1;0.99624604;1.0;1.0;1.0;0.056022602437853064;0.5901858086170872;0.5901858086170872
