Case ID;Actual;Prefix Length;Prediction;Prediction Probability;SHAP Subset Stability;SHAP Weight Stability;SHAP Adjusted Weight Stability;LIME Subset Stability;LIME Weight Stability;LIME Adjusted Weight Stability
1025_13;0;13;0;1.0;1.0;0.9999999999999482;0.9999999999999482;0.15891310088489374;-1.0973826705416734;-1.0973826705416734
1048_13;0;13;1;0.99998736;1.0;0.9999999999999979;0.9999999999999979;0.16095980683663336;-0.1570019073039275;-0.1570019073039275
1071_13;1;13;0;1.0;1.0;0.9999999999913752;0.9999999999913752;0.13979950547044817;0.12682040356875324;0.12682040356875324
1086_13;0;13;1;1.0;1.0;0.9999999999999964;0.9999999999999964;0.15667511618081953;-0.265498957779436;-0.265498957779436
1099_13;0;13;0;0.98124385;1.0;0.9999999999691052;0.9999999999691052;0.14628174926626214;-0.25307206279404393;-0.25307206279404393
1119_13;1;13;0;0.99999994;1.0;0.9999999999913818;0.9999999999913818;0.12950174261004277;-0.09166856354731023;-0.09166856354731023
966_13;1;13;0;1.0;1.0;0.9999999999999798;0.9999999999999798;0.1343990168247592;0.2191363832849612;0.2191363832849612
991_13;1;13;0;1.0;1.0;0.9999999999999826;0.9999999999999826;0.15098406675185383;-0.03880812355806018;-0.03880812355806018
