Case ID,Actual,Prefix Length,Prediction,Prediction Probability
1010_14,0,14,0,0.99999845
1022_14,0,14,0,0.9999898
1053_14,0,14,0,0.52340996
1066_14,1,14,1,0.9999999
1070_14,0,14,0,0.99901104
1076_14,1,14,1,0.8173111
1104_14,1,14,1,0.9999696
969_14,1,14,1,0.91913974
