Case ID;Actual;Prefix Length;Prediction;Prediction Probability;SHAP Subset Stability;SHAP Weight Stability;SHAP Adjusted Weight Stability;LIME Subset Stability;LIME Weight Stability;LIME Adjusted Weight Stability
1003_10;0;10;0;0.9947779;1.0;0.9999999999999978;0.9999999999999978;0.08045400013713655;0.39486322386213357;0.39486322386213357
1021_10;0;10;0;0.9995966000000001;1.0;0.9999999999996968;0.9999999999996968;0.0798864699540166;0.43734119182812004;0.43734119182812004
1028_10;1;10;1;0.9323476;1.0;1.0;1.0;1.0;0.5103583070726183;0.5103583070726183
1029_10;0;10;1;0.6931951;1.0;0.9999999999999984;0.9999999999999984;0.0786409741024614;-0.0694794014450062;-0.0694794014450062
1060_10;1;10;1;0.9985448;1.0;0.9999999999999998;0.9999999999999998;0.2123667830955297;0.3232726618179317;0.3232726618179317
1094_10;1;10;1;0.99978155;1.0;0.999999999999998;0.999999999999998;1.0;0.3325357324442956;0.3325357324442956
952_10;0;10;1;0.55482584;1.0;1.0;1.0;0.08525151807461195;0.6196963643278344;0.6196963643278344
962_10;1;10;1;0.9999998999999999;1.0;0.999999999999998;0.999999999999998;1.0;0.5257726851946509;0.5257726851946509
