Case ID;Actual;Prefix Length;Prediction;Prediction Probability;SHAP Subset Stability;SHAP Weight Stability;SHAP Adjusted Weight Stability;LIME Subset Stability;LIME Weight Stability;LIME Adjusted Weight Stability;ACV Subset Stability;ACV Weight Stability;ACV Adjusted Weight Stability
Case12_12;0;12;0;0.95532894;1.0;0.9999999999999852;0.9999999999999852;0.06735584919608173;0.998935850705256;0.998935850705256;;1.0;1.0
Case155_12;0;12;0;0.98406464;1.0;0.9999999999999852;0.9999999999999852;1.0;0.9993370630228002;0.9993370630228002;;1.0;1.0
Case194_12;1;12;1;0.97247916;1.0;0.9999999999999852;0.9999999999999852;0.0748338102575391;0.9991094702950348;0.9991094702950348;;1.0;1.0
Case19_12;1;12;1;0.675381;1.0;0.9999999999999852;0.9999999999999852;1.0;0.9837364666015344;0.9837364666015344;;1.0;1.0
Case245_12;1;12;1;0.98844403;1.0;0.9999999999999852;0.9999999999999852;0.07122279129321363;0.9986332643714492;0.9986332643714492;;1.0;1.0
Case251_12;0;12;0;0.9605357;1.0;0.9999999999999852;0.9999999999999852;0.051127328301984964;0.999490961086033;0.999490961086033;;1.0;1.0
Case258_12;1;12;1;0.99806803;1.0;0.9999999999999852;0.9999999999999852;0.06053013307545407;0.9985998510495142;0.9985998510495142;;1.0;1.0
Case83_12;0;12;1;0.88906884;1.0;0.9999999999999852;0.9999999999999852;0.06326037118040972;0.9994294699664714;0.9994294699664714;;1.0;1.0
