Case ID;Actual;Prefix Length;Prediction;Prediction Probability;SHAP Subset Stability;SHAP Weight Stability;SHAP Adjusted Weight Stability
1008_8;1;8;0;0.7818335;1.0;0.9999999999985807;0.9999999999985807
1039_8;0;8;0;0.89681697;1.0;0.9999999999999998;0.9999999999999998
1048_8;0;8;0;0.7963208;1.0;0.9999999999999987;0.9999999999999987
1052_8;1;8;1;0.94576627;1.0;0.9999999999999998;0.9999999999999998
1070_8;0;8;1;0.8148344;1.0;0.9999999999999987;0.9999999999999987
1094_8;1;8;1;0.9837406;1.0;0.9999999999999987;0.9999999999999987
1132_8;1;8;1;0.9496612;1.0;0.9999999999999987;0.9999999999999987
952_8;0;8;1;0.94349647;1.0;0.9999999999985834;0.9999999999985834
