Case ID;Actual;Prefix Length;Prediction;Prediction Probability;SHAP Subset Stability;SHAP Weight Stability;SHAP Adjusted Weight Stability;LIME Subset Stability;LIME Weight Stability;LIME Adjusted Weight Stability
1004_9;1;9;1;0.9999962;1.0;0.9999999999999906;0.9999999999999906;0.8821184196004855;0.6583090946382136;0.6583090946382136
1035_9;1;9;0;0.6683943;1.0;0.9999999999999204;0.9999999999999204;0.9088562499333355;0.5314177261196262;0.5314177261196262
1044_9;1;9;0;0.9995453999999999;1.0;0.9999999999998448;0.9999999999998448;0.7890045310320135;0.6076391905886181;0.6076391905886181
1048_9;0;9;0;0.9997905;1.0;1.0;1.0;0.31238349859717895;-1.203052709643491;-1.203052709643491
1073_9;0;9;0;0.97866654;1.0;0.9999999999994016;0.9999999999994016;0.832981509714241;0.551135439999971;0.551135439999971
1074_9;0;9;0;0.9306296000000001;1.0;0.9999999999994016;0.9999999999994016;1.0;0.2737561724907437;0.2737561724907437
1078_9;0;9;0;0.9984449000000001;1.0;1.0;1.0;0.2997421478598503;0.5128062054325533;0.5128062054325533
969_9;1;9;1;0.99966097;1.0;0.9999999999998544;0.9999999999998544;0.7138168360768289;0.6329488016660421;0.6329488016660421
