Case ID;Actual;Prefix Length;Prediction;Prediction Probability;SHAP Subset Stability;SHAP Weight Stability;SHAP Adjusted Weight Stability;LIME Subset Stability;LIME Weight Stability;LIME Adjusted Weight Stability
1008_8;1;8;0;0.7818335;1.0;0.9999999999985808;0.9999999999985808;0.061892686964854615;0.5870003243589553;0.5870003243589553
1039_8;0;8;0;0.89681697;1.0;0.9999999999999998;0.9999999999999998;0.06631452290321838;0.30143331435825427;0.30143331435825427
1048_8;0;8;0;0.7963208;1.0;0.9999999999999988;0.9999999999999988;0.05804362544523267;0.5409933556983713;0.5409933556983713
1052_8;1;8;1;0.94576627;1.0;0.9999999999999998;0.9999999999999998;0.07351358802987074;0.6657398962206083;0.6657398962206083
1070_8;0;8;1;0.8148344;1.0;0.9999999999999988;0.9999999999999988;0.054825213908903714;-0.43840075601697337;-0.43840075601697337
1094_8;1;8;1;0.9837405999999999;1.0;0.9999999999999988;0.9999999999999988;0.07782946796191481;0.22911847085907455;0.22911847085907455
1132_8;1;8;1;0.9496611999999999;1.0;0.9999999999999988;0.9999999999999988;0.06896412990241241;0.6609437133276896;0.6609437133276896
952_8;0;8;1;0.94349647;1.0;0.9999999999985834;0.9999999999985834;0.05432633819951349;0.5077460629563383;0.5077460629563383
