Case ID;Actual;Prefix Length;Prediction;Prediction Probability;SHAP Subset Stability;SHAP Weight Stability;SHAP Adjusted Weight Stability;LIME Subset Stability;LIME Weight Stability;LIME Adjusted Weight Stability;ACV Subset Stability;ACV Weight Stability;ACV Adjusted Weight Stability;LINDA Subset Stability;LINDA Weight Stability;LINDA Adjusted Weight Stability
204808_3;0;3;1;0.9906950999999999;1.0;0.9999999999997464;0.9999999999997464;1.0;0.3957175874574321;0.3957175874574321;;1.0;1.0;1.0;1.0;1.0
204936_3;0;3;0;0.6575738;1.0;0.9999999999999084;0.9999999999999084;0.7061965811965811;0.979563332464323;0.979563332464323;;1.0;1.0;1.0;1.0;1.0
204999_3;0;3;1;0.99884063;1.0;0.9999999999999816;0.9999999999999816;0.6854575163398693;0.8594776372119696;0.8594776372119696;;1.0;1.0;1.0;1.0;1.0
205238_3;0;3;0;0.95279115;1.0;0.9999999999843648;0.9999999999843648;-0.0069852941176471;0.9819674860440608;0.9819674860440608;;1.0;1.0;1.0;1.0;1.0
205403_3;1;3;1;0.88143516;1.0;0.9999999999999442;0.9999999999999442;0.1492104415082179;0.9718177727236301;0.9718177727236301;;1.0;1.0;1.0;1.0;1.0
206053_3;1;3;0;0.9999289000000001;1.0;0.9999999999822718;0.9999999999822718;0.0376733921815889;0.9868542446823656;0.9868542446823656;;1.0;1.0;1.0;1.0;1.0
207377_3;1;3;0;0.9448399;1.0;0.9999999999997324;0.9999999999997324;0.9025974025974026;0.9654109931848506;0.9654109931848506;;1.0;1.0;1.0;1.0;1.0
209021_3;1;3;0;0.7837828;1.0;0.999999999984142;0.999999999984142;0.5369330938482261;0.9381082039697459;0.9381082039697459;;1.0;1.0;1.0;1.0;1.0
