Case ID,Actual,Prefix Length,Prediction,Prediction Probability
1008_12,1,12,0,1.0
1027_12,0,12,0,1.0
1096_12,0,12,1,1.0
1104_12,1,12,1,1.0
1117_12,1,12,1,0.9522814
1136_12,0,12,0,1.0
1137_12,1,12,1,0.99999964
936_12,0,12,0,0.999993
