Case ID,Actual,Prefix Length,Prediction,Prediction Probability
1011_2,0,2,0,0.57972467
1020_2,1,2,0,0.917525
1073_2,0,2,0,0.91438127
1090_2,1,2,1,0.9747609
1096_2,0,2,0,0.53404045
914_2,1,2,1,0.97929347
936_2,0,2,0,0.93623143
980_2,1,2,1,0.99624604
