Case ID,Actual,Prefix Length,Prediction,Prediction Probability
1034_11,0,11,0,1.0
1076_11,1,11,1,1.0
1112_11,1,11,0,1.0
934_11,0,11,1,0.9731443
960_11,1,11,1,0.9999924
970_11,0,11,0,0.9979026
977_11,1,11,1,1.0
988_11,0,11,0,0.95081
