Case ID;Actual;Prefix Length;Prediction;Prediction Probability;SHAP Subset Stability;SHAP Weight Stability;SHAP Adjusted Weight Stability;LIME Subset Stability;LIME Weight Stability;LIME Adjusted Weight Stability
1086_6;0;6;1;0.99999964;1.0;0.9999999999999885;0.9999999999999885;-0.00886147284022698;0.6330665112854044;0.6330665112854044
1102_6;0;6;1;0.99997556;1.0;0.9999999999999886;0.9999999999999886;0.026314488499362576;0.41947839646713914;0.41947839646713914
1120_6;1;6;1;0.94350356;1.0;0.9999999999996384;0.9999999999996384;-0.009920606740615678;0.6587706473407673;0.6587706473407673
929_6;1;6;1;0.8663907;1.0;0.9999999999999885;0.9999999999999885;0.009289611248341378;0.6745503801663771;0.6745503801663771
934_6;0;6;1;0.5048121;1.0;1.0;1.0;-0.008102567121801352;0.7146403452956427;0.7146403452956427
956_6;1;6;1;0.99999976;1.0;0.9999999999999996;0.9999999999999996;-0.008683724501122425;0.6221853143384142;0.6221853143384142
962_6;1;6;1;0.9999988999999999;1.0;0.9999999999999885;0.9999999999999885;-0.003815090950390676;0.6014481340312651;0.6014481340312651
979_6;0;6;0;0.81700116;1.0;1.0;1.0;0.029037767355524324;0.6387663720284762;0.6387663720284762
