Case ID;Actual;Prefix Length;Prediction;Prediction Probability;SHAP Subset Stability;SHAP Weight Stability;SHAP Adjusted Weight Stability;LIME Subset Stability;LIME Weight Stability;LIME Adjusted Weight Stability;ACV Subset Stability;ACV Weight Stability;ACV Adjusted Weight Stability;LINDA Subset Stability;LINDA Weight Stability;LINDA Adjusted Weight Stability
206597_5;0;5;0;0.9975415999999999;1.0;0.9999999999999706;0.9999999999999706;0.3914361001317523;0.7070814236602531;0.7070814236602531;1.0;1.0;1.0;1.0;1.0;1.0
206913_5;0;5;0;0.69731987;1.0;0.9999999999999738;0.9999999999999738;0.349995743956418;0.5027335207267887;0.5027335207267887;;1.0;1.0;1.0;1.0;1.0
207413_5;1;5;0;0.9997698;1.0;0.9999999999999704;0.9999999999999704;0.2874627156010894;0.6742923796507412;0.6742923796507412;;1.0;1.0;1.0;1.0;1.0
207560_5;0;5;0;0.90080506;1.0;0.9999999999999848;0.9999999999999848;0.3089511694162856;0.5239057672812246;0.5239057672812246;;1.0;1.0;1.0;1.0;1.0
210758_5;1;5;0;0.9995345999999999;1.0;0.9999999999998841;0.9999999999998841;0.4375539257981018;0.8107695744917826;0.8107695744917826;;1.0;1.0;1.0;1.0;1.0
211038_5;1;5;1;0.7158268;1.0;0.9999999999999538;0.9999999999999538;0.3433413665372428;0.7349877837470433;0.7349877837470433;;1.0;1.0;1.0;1.0;1.0
211555_5;1;5;0;0.6609970000000001;1.0;0.9999999999999708;0.9999999999999708;0.3023015873015873;0.7634967552231371;0.7634967552231371;;1.0;1.0;1.0;1.0;1.0
211573_5;0;5;1;0.68709475;1.0;0.9999999999999186;0.9999999999999186;0.3097420566289469;0.6818516373101167;0.6818516373101167;;1.0;1.0;1.0;1.0;1.0
