Case ID,Actual,Prefix Length,Prediction,Prediction Probability
937.0,0.0,1.0,0.0,0.524375855922699
967.0,0.0,1.0,0.0,0.9990880489349365
1003.0,0.0,1.0,0.0,0.9990382790565491
1014.0,1.0,1.0,1.0,0.9997730851173401
1049.0,1.0,1.0,1.0,0.9999303817749023
1064.0,1.0,1.0,1.0,0.9952918291091919
1087.0,0.0,1.0,0.0,0.9999945163726807
1121.0,1.0,1.0,1.0,0.9967504739761353
