Case ID;Actual;Prefix Length;Prediction;Prediction Probability;SHAP Subset Stability;SHAP Weight Stability;SHAP Adjusted Weight Stability;LIME Subset Stability;LIME Weight Stability;LIME Adjusted Weight Stability;ACV Subset Stability;ACV Weight Stability;ACV Adjusted Weight Stability
Case11_13;1;13;1;0.98984224;1.0;0.9999999999999898;0.9999999999999898;0.07164272535582505;1.0;1.0;;1.0;1.0
Case12_13;0;13;0;0.8400904;1.0;0.9999999999999898;0.9999999999999898;0.08960164199815003;1.0;1.0;;1.0;1.0
Case223_13;0;13;0;0.6669396;1.0;0.9999999999999898;0.9999999999999898;0.10389259326004684;1.0;1.0;;1.0;1.0
Case256_13;1;13;1;0.8830118;1.0;0.9999999999999898;0.9999999999999898;0.0004671875310630068;1.0;1.0;;1.0;1.0
Case257_13;1;13;1;0.9963252;1.0;0.9999999999999898;0.9999999999999898;0.02932185620482242;1.0;1.0;;1.0;1.0
Case273_13;0;13;0;0.99572843;1.0;0.9999999999999898;0.9999999999999898;0.020614135407136414;1.0;1.0;;1.0;1.0
Case28_13;1;13;1;0.9905205;1.0;0.9999999999999898;0.9999999999999898;0.0025867500242319212;1.0;1.0;;1.0;1.0
Case41_13;0;13;0;0.96916324;1.0;0.9999999999999898;0.9999999999999898;0.030799851566980063;1.0;1.0;;1.0;1.0
