Case ID;Actual;Prefix Length;Prediction;Prediction Probability;SHAP Subset Stability;SHAP Weight Stability;SHAP Adjusted Weight Stability;LIME Subset Stability;LIME Weight Stability;LIME Adjusted Weight Stability
1034_11;0;11;0;1.0;1.0;0.9999999999994884;0.9999999999994884;0.02528118372727728;-0.8030313386495063;-0.8030313386495063
1076_11;1;11;1;1.0;1.0;0.9999999999994886;0.9999999999994886;0.0440101145687537;0.08784440901532387;0.08784440901532387
1112_11;1;11;0;1.0;1.0;0.9999999999994882;0.9999999999994882;0.03461724916992137;-0.3431443321416183;-0.3431443321416183
934_11;0;11;1;0.9731443000000001;1.0;0.9999999999999996;0.9999999999999996;0.05915800984144337;-1.5623437070322237;-1.5623437070322237
960_11;1;11;1;0.9999924000000001;1.0;0.9999999999994098;0.9999999999994098;0.06149194311657791;0.21873717948513383;0.21873717948513383
970_11;0;11;0;0.9979026;1.0;0.9999999999999254;0.9999999999999254;0.04922232032834273;0.06813520785523908;0.06813520785523908
977_11;1;11;1;1.0;1.0;0.9999999999999822;0.9999999999999822;0.0822473420212636;-1.2608082571953672;-1.2608082571953672
988_11;0;11;0;0.95081;1.0;0.9999999999994884;0.9999999999994884;0.04403586009022431;-0.8547830114423376;-0.8547830114423376
