Actual;Prediction;Prediction Probability
0;0;0.9992914
0;0;0.9999216
0;0;0.9992914
0;0;0.9992914
0;0;0.9999216
0;0;0.99971557
0;0;0.9999177
0;0;0.9999216
0;0;0.9950139
0;0;0.9999216
0;0;0.9999216
0;0;0.9999216
0;0;0.9934054
1;1;0.99990964
1;1;0.99783903
1;1;0.9997485
1;1;0.99990964
1;1;0.9998667
1;1;0.99990964
1;1;0.99783903
1;1;0.99783903
1;1;0.9998667
1;1;0.9998235
1;1;0.9998235
1;1;0.9998667
1;1;0.9998667
