Case ID;Actual;Prefix Length;Prediction;Prediction Probability;SHAP Subset Stability;SHAP Weight Stability;SHAP Adjusted Weight Stability;LIME Subset Stability;LIME Weight Stability;LIME Adjusted Weight Stability;ACV Subset Stability;ACV Weight Stability;ACV Adjusted Weight Stability;LINDA Subset Stability;LINDA Weight Stability;LINDA Adjusted Weight Stability
204595_7;1;7;0;0.6402206775301538;1.0;0.9504608694457064;0.9504608694457064;0.1827966714905932;0.9999836243798016;0.9999836243798016;;1.0;1.0;;1.0;1.0
205220_7;1;7;0;0.8879551383270462;1.0;0.94474568667045;0.94474568667045;0.1594097726173198;0.9999661206734136;0.9999661206734136;;1.0;1.0;;1.0;1.0
205310_7;0;7;0;0.9811183987002424;1.0;0.920372449210805;0.920372449210805;0.27844684385382057;0.9996395422476098;0.9996395422476098;;1.0;1.0;;1.0;1.0
205912_7;0;7;0;0.6108666051277827;1.0;0.938927263176104;0.938927263176104;0.07628920786815517;0.9999778108621646;0.9999778108621646;;1.0;1.0;;1.0;1.0
207611_7;1;7;1;0.5942679263736842;1.0;0.9642312388596624;0.9642312388596624;0.19420289855072448;0.9999032594486754;0.9999032594486754;;1.0;1.0;1.0;1.0;1.0
208094_7;0;7;1;0.9006896377665293;1.0;0.9683432477613632;0.9683432477613632;0.08135935162962182;0.9999648200169824;0.9999648200169824;;1.0;1.0;;1.0;1.0
210206_7;1;7;1;0.7729502426956116;1.0;0.9682171614316636;0.9682171614316636;0.12759151279559444;0.9999620650703348;0.9999620650703348;;1.0;1.0;;1.0;1.0
214025_7;0;7;0;0.9467552300832216;1.0;0.8454470236825483;0.8454470236825483;0.06618296287765357;0.9999684327166376;0.9999684327166376;;1.0;1.0;;1.0;1.0
