Case ID;Actual;Prefix Length;Prediction;Prediction Probability;SHAP Subset Stability;SHAP Weight Stability;SHAP Adjusted Weight Stability;LIME Subset Stability;LIME Weight Stability;LIME Adjusted Weight Stability
1037_8;1;8;1;0.9999999742390322;1.0;1.0;1.0;0.37644495412844037;0.6527638583026332;0.6527638583026332
1039_8;0;8;1;0.8625283876393176;1.0;1.0;1.0;0.31780817309915943;0.5208417104739205;0.5208417104739205
1081_8;1;8;0;0.6265404944980062;1.0;1.0;1.0;0.3224660074165637;0.44794167256092055;0.44794167256092055
1086_8;0;8;1;0.60306192749841;1.0;1.0;1.0;0.3279736202393615;0.6769013768861203;0.6769013768861203
1112_8;1;8;1;0.9997127652457862;1.0;1.0;1.0;0.308124042035243;0.6985571188790092;0.6985571188790092
1115_8;1;8;0;0.6131844415685852;1.0;1.0;1.0;0.36646949841075593;0.5437388799972553;0.5437388799972553
916_8;0;8;0;0.9763693183653236;1.0;1.0;1.0;0.30944579810060413;0.35154152476670775;0.35154152476670775
958_8;0;8;0;0.9977497510069566;1.0;1.0;1.0;0.2934915161038082;0.6612759852225347;0.6612759852225347
