Case ID,Actual,Prefix Length,Prediction,Prediction Probability
1037_8,1,8,1,0.9999999742390322
1039_8,0,8,1,0.8625283876393176
1081_8,1,8,0,0.6265404944980062
1086_8,0,8,1,0.60306192749841
1112_8,1,8,1,0.9997127652457862
1115_8,1,8,0,0.6131844415685852
916_8,0,8,0,0.9763693183653235
958_8,0,8,0,0.9977497510069566
