Case ID;Actual;Prefix Length;Prediction;Prediction Probability;SHAP Subset Stability;SHAP Weight Stability;SHAP Adjusted Weight Stability
1037_8;1;8;1;0.9999999742390322;1.0;1.0;1.0
1039_8;0;8;1;0.8625283876393176;1.0;1.0;1.0
1081_8;1;8;0;0.6265404944980062;1.0;1.0;1.0
1086_8;0;8;1;0.60306192749841;1.0;1.0;1.0
1112_8;1;8;1;0.9997127652457862;1.0;1.0;1.0
1115_8;1;8;0;0.6131844415685852;1.0;1.0;1.0
916_8;0;8;0;0.9763693183653235;1.0;1.0;1.0
958_8;0;8;0;0.9977497510069566;1.0;1.0;1.0
