Case ID,Actual,Prefix Length,Prediction,Prediction Probability
1017_13,1,13,1,0.9997118967337288
1034_13,0,13,0,0.9623390802308048
1088_13,0,13,1,0.7810433097162385
1100_13,1,13,1,0.9998192235731019
943_13,1,13,1,0.9999485668665199
971_13,0,13,0,0.9617348985731877
986_13,1,13,1,0.9997856398680287
999_13,0,13,0,0.9093049137450672
