Case ID,Actual,Prefix Length,Prediction,Prediction Probability
937.0,0.0,1.0,1.0,0.7256324662359142
945.0,0.0,1.0,1.0,0.9411252565058323
950.0,0.0,1.0,0.0,0.5362212730145052
955.0,1.0,1.0,1.0,0.9994839546319111
1001.0,0.0,1.0,0.0,0.979350688688079
1007.0,1.0,1.0,0.0,0.9999966870513435
1116.0,1.0,1.0,1.0,0.9998429570155111
1132.0,1.0,1.0,1.0,0.9998241612154528
