Case ID;Actual;Prefix Length;Prediction;Prediction Probability;SHAP Subset Stability;SHAP Weight Stability;SHAP Adjusted Weight Stability
1017_13;1;13;1;0.9997118967337288;1.0;1.0;1.0
1034_13;0;13;0;0.9623390802308048;1.0;1.0;1.0
1088_13;0;13;1;0.7810433097162385;1.0;1.0;1.0
1100_13;1;13;1;0.9998192235731019;1.0;1.0;1.0
943_13;1;13;1;0.9999485668665199;1.0;1.0;1.0
971_13;0;13;0;0.9617348985731877;1.0;1.0;1.0
986_13;1;13;1;0.9997856398680287;1.0;1.0;1.0
999_13;0;13;0;0.9093049137450672;1.0;1.0;1.0
