Case ID;Actual;Prefix Length;Prediction;Prediction Probability;SHAP Subset Stability;SHAP Weight Stability;SHAP Adjusted Weight Stability;LIME Subset Stability;LIME Weight Stability;LIME Adjusted Weight Stability
1006_6;1;6;1;0.9188444202814774;1.0;1.0;1.0;0.45004336694322544;0.6761147507440961;0.6761147507440961
1015_6;0;6;0;0.5852201318286907;1.0;1.0;1.0;0.44721210637451414;0.773551353972603;0.773551353972603
1045_6;0;6;1;0.9999016037912568;1.0;1.0;1.0;0.457539434846545;0.8151065708619915;0.8151065708619915
1091_6;1;6;1;0.9999823197726534;1.0;1.0;1.0;0.4555904578456068;0.8111288078244824;0.8111288078244824
1131_6;0;6;1;0.99996212886669;1.0;1.0;1.0;0.4684126802778824;0.7314208474781301;0.7314208474781301
925_6;1;6;1;0.9999995034318508;1.0;1.0;1.0;0.46375515130737865;0.8147123726124441;0.8147123726124441
942_6;1;6;1;0.9999999775103541;1.0;1.0;1.0;0.4499377457482171;0.7863818172243972;0.7863818172243972
973_6;0;6;0;0.9999999873488348;1.0;1.0;1.0;0.45200299247512643;0.024334118163803375;0.024334118163803375
