Case ID;Actual;Prefix Length;Prediction;Prediction Probability;SHAP Subset Stability;SHAP Weight Stability;SHAP Adjusted Weight Stability;LIME Subset Stability;LIME Weight Stability;LIME Adjusted Weight Stability
1017_13;1;13;1;0.9997118967337288;1.0;1.0;1.0;0.4287766026896461;0.6432548682382215;0.6432548682382215
1034_13;0;13;0;0.9623390802308048;1.0;1.0;1.0;0.3616643560845991;0.7832361423571218;0.7832361423571218
1088_13;0;13;1;0.7810433097162385;1.0;1.0;1.0;0.3616643560845991;-0.4531394147009107;-0.4531394147009107
1100_13;1;13;1;0.999819223573102;1.0;1.0;1.0;0.4470728517578274;0.7427825653652789;0.7427825653652789
943_13;1;13;1;0.99994856686652;1.0;1.0;1.0;0.43632029891129276;0.794744518009235;0.794744518009235
971_13;0;13;0;0.9617348985731876;1.0;1.0;1.0;0.3690369548834761;0.727885222558293;0.727885222558293
986_13;1;13;1;0.9997856398680288;1.0;1.0;1.0;0.43752492600910964;0.7649674164252839;0.7649674164252839
999_13;0;13;0;0.9093049137450672;1.0;1.0;1.0;0.3622448979591836;0.5814309307812393;0.5814309307812393
