Case ID;Actual;Prefix Length;Prediction;Prediction Probability;SHAP Subset Stability;SHAP Weight Stability;SHAP Adjusted Weight Stability;LIME Subset Stability;LIME Weight Stability;LIME Adjusted Weight Stability
1009_5;0;5;1;0.9961667269716344;1.0;1.0;1.0;0.45289950394442346;0.7566475541920896;0.7566475541920896
1059_5;1;5;1;0.9485200523029224;1.0;1.0;1.0;0.4653011560288921;0.7661999437896825;0.7661999437896825
1077_5;1;5;1;0.9999999358662318;1.0;1.0;1.0;0.46439895375916973;0.7871741967628194;0.7871741967628194
1078_5;0;5;0;0.8450451947407144;1.0;1.0;1.0;0.43809405262068457;0.6788421955646572;0.6788421955646572
1089_5;0;5;0;0.9986756763140268;1.0;1.0;1.0;0.4463721895628512;0.7739965397052535;0.7739965397052535
1095_5;0;5;1;0.9696959449510516;1.0;1.0;1.0;0.4631080316742081;0.8216200731814761;0.8216200731814761
946_5;1;5;1;0.9999937037506088;1.0;1.0;1.0;0.46371500347310934;0.8280097465426495;0.8280097465426495
978_5;1;5;1;0.9998411046335958;1.0;1.0;1.0;0.45702744385965244;0.7531804285279114;0.7531804285279114
