Case ID,Actual,Prefix Length,Prediction,Prediction Probability
1019_7,0,7,0,0.7024635480245599
1024_7,0,7,1,0.7751687452272737
1037_7,1,7,1,0.9999353386948587
1039_7,0,7,1,0.9969055309406
1049_7,1,7,1,0.9996093386471132
965_7,1,7,1,0.995497324292186
972_7,0,7,1,0.8043180081702647
989_7,1,7,1,0.999969085534198
