Case ID,Actual,Prefix Length,Prediction,Prediction Probability
1037_14,1,14,1,0.999999373834237
1062_14,1,14,1,0.9994030227407903
1098_14,0,14,0,0.984118324302933
1128_14,0,14,0,0.9994245793434287
948_14,0,14,0,0.9960080754629904
962_14,1,14,1,0.9999972409661809
990_14,1,14,1,0.9999996733675657
996_14,0,14,1,0.9999998045305074
