Case ID,Actual,Prefix Length,Prediction,Prediction Probability
1005_4,0,4,1,0.9810698590878031
1057_4,1,4,1,0.999955158584456
915_4,1,4,1,0.8208631100866205
937_4,0,4,0,0.8570574571080164
965_4,1,4,1,0.9999382274169174
968_4,0,4,1,0.531967153362103
979_4,0,4,1,0.7584729268789387
998_4,1,4,1,0.9999968303195361
