Case ID;Actual;Prefix Length;Prediction;Prediction Probability;SHAP Subset Stability;SHAP Weight Stability;SHAP Adjusted Weight Stability
1011_2;0;2;1;0.8474641966170855;1.0;1.0;1.0
1057_2;1;2;1;0.99063173547693;1.0;1.0;1.0
1061_2;0;2;0;0.9048688388780111;1.0;1.0;1.0
1094_2;1;2;1;0.999332242249899;1.0;1.0;1.0
914_2;1;2;1;0.9997892647555713;1.0;1.0;1.0
934_2;0;2;0;0.8319731422584498;1.0;1.0;1.0
959_2;1;2;1;0.9691258790407742;1.0;1.0;1.0
983_2;0;2;1;0.9634888312053166;1.0;1.0;1.0
