Case ID;Actual;Prefix Length;Prediction;Prediction Probability;SHAP Subset Stability;SHAP Weight Stability;SHAP Adjusted Weight Stability;LIME Subset Stability;LIME Weight Stability;LIME Adjusted Weight Stability
1008_9;1;9;1;0.5073985144012854;1.0;1.0;1.0;0.3732717004124483;0.7274345913233009;0.7274345913233009
1088_9;0;9;0;0.6279015522311622;1.0;1.0;1.0;0.375921375921376;0.7486173267628794;0.7486173267628794
1111_9;0;9;0;0.9998958322414911;1.0;1.0;1.0;0.35239491691104596;0.353945142552093;0.353945142552093
1113_9;1;9;1;0.9998168079372494;1.0;1.0;1.0;0.3586490028782894;0.569768912508946;0.569768912508946
1130_9;1;9;1;0.9999993814632236;1.0;1.0;1.0;0.5357180542365727;0.599595752008498;0.599595752008498
1135_9;0;9;0;0.9987409556658416;1.0;1.0;1.0;0.34803224276908495;0.7590124170585507;0.7590124170585507
962_9;1;9;1;0.9999972754287372;1.0;1.0;1.0;0.5357180542365727;0.7233749122645394;0.7233749122645394
999_9;0;9;0;0.9930296937714008;1.0;1.0;1.0;0.3630723887395112;0.7551122373927066;0.7551122373927066
