Case ID;Actual;Prefix Length;Prediction;Prediction Probability;SHAP Subset Stability;SHAP Weight Stability;SHAP Adjusted Weight Stability;LIME Subset Stability;LIME Weight Stability;LIME Adjusted Weight Stability
1037_12;1;12;1;0.9999999983246348;1.0;1.0;1.0;0.362486471861472;0.5249462762261112;0.5249462762261112
1041_12;0;12;0;0.9038123920610436;1.0;1.0;1.0;0.261984768169082;0.5820188213113144;0.5820188213113144
1059_12;1;12;1;0.99999540710324;1.0;1.0;1.0;0.3858835827112236;0.48848381373474725;0.48848381373474725
1096_12;0;12;1;0.9971622657591488;1.0;1.0;1.0;0.28951000690131135;0.4681978700725654;0.4681978700725654
1115_12;1;12;0;0.8827422559248089;1.0;1.0;1.0;0.3632145474810252;0.16505106574959694;0.16505106574959694
922_12;0;12;0;0.9790681408251988;1.0;1.0;1.0;0.27302086883526633;0.04802125217315745;0.04802125217315745
961_12;0;12;0;0.9996099059750888;1.0;1.0;1.0;0.2595280331129386;0.4676582232785913;0.4676582232785913
998_12;1;12;1;0.9999980096671628;1.0;1.0;1.0;0.37172363788637797;-2.1867927496973043;-2.1867927496973043
