Case ID;Actual;Prefix Length;Prediction;Prediction Probability;SHAP Subset Stability;SHAP Weight Stability;SHAP Adjusted Weight Stability;LIME Subset Stability;LIME Weight Stability;LIME Adjusted Weight Stability;ACV Subset Stability;ACV Weight Stability;ACV Adjusted Weight Stability;LINDA Subset Stability;LINDA Weight Stability;LINDA Adjusted Weight Stability
Case111_14;1;14;1;0.9789010219911348;1.0;1.0;1.0;0.3255004351610096;0.999973539266717;0.999973539266717;;1.0;1.0;;1.0;1.0
Case11_14;1;14;1;0.9875540611452076;1.0;1.0;1.0;0.2421773142112124;0.999961805549371;0.999961805549371;;1.0;1.0;;1.0;1.0
Case178_14;0;14;0;0.9911590247975944;1.0;1.0;1.0;0.26225606853879113;0.9999857040103682;0.9999857040103682;;1.0;1.0;;1.0;1.0
Case187_14;1;14;1;0.9982359377404412;1.0;1.0;1.0;0.5999155246855641;0.9999816699722606;0.9999816699722606;1.0;1.0;1.0;;1.0;1.0
Case223_14;0;14;0;0.9842754209041108;1.0;1.0;1.0;0.26225606853879113;0.99996643072767;0.99996643072767;;1.0;1.0;;1.0;1.0
Case245_14;1;14;1;0.9913301138087672;1.0;1.0;1.0;0.2421773142112124;0.9998993917535959;0.9998993917535959;;1.0;1.0;;1.0;1.0
Case269_14;0;14;0;0.9952842961518727;1.0;1.0;1.0;0.3453163131218322;0.9999569959309336;0.9999569959309336;;1.0;1.0;;1.0;1.0
Case273_14;0;14;0;0.9984279356578424;1.0;1.0;1.0;0.11587353324641447;0.9999582672911388;0.9999582672911388;;1.0;1.0;;1.0;1.0
