Case ID;Actual;Prefix Length;Prediction;Prediction Probability;SHAP Subset Stability;SHAP Weight Stability;SHAP Adjusted Weight Stability;LIME Subset Stability;LIME Weight Stability;LIME Adjusted Weight Stability
1019_7;0;7;0;0.7024635480245599;1.0;1.0;1.0;0.5166565969308072;0.8258512727547715;0.8258512727547715
1024_7;0;7;1;0.7751687452272737;1.0;1.0;1.0;0.5140458755184585;0.8523419319527047;0.8523419319527047
1037_7;1;7;1;0.9999353386948588;1.0;1.0;1.0;0.5181410945742155;0.8567170673746828;0.8567170673746828
1039_7;0;7;1;0.9969055309406001;1.0;1.0;1.0;0.5006824385805277;0.8320717781773457;0.8320717781773457
1049_7;1;7;1;0.9996093386471132;1.0;1.0;1.0;0.5163952289748467;0.8378154055788587;0.8378154055788587
965_7;1;7;1;0.9954973242921858;1.0;1.0;1.0;0.5278194592048692;0.8058096015446214;0.8058096015446214
972_7;0;7;1;0.8043180081702647;1.0;1.0;1.0;0.5049501374480807;0.8422214226132828;0.8422214226132828
989_7;1;7;1;0.9999690855341979;1.0;1.0;1.0;0.5257753287283876;0.8167383833458345;0.8167383833458345
