Case ID;Actual;Prefix Length;Prediction;Prediction Probability;SHAP Subset Stability;SHAP Weight Stability;SHAP Adjusted Weight Stability
1019_11;0;11;0;0.7817818763952925;1.0;1.0;1.0
1085_11;1;11;1;0.9983069951351194;1.0;1.0;1.0
1116_11;1;11;1;0.9974433775392069;1.0;1.0;1.0
935_11;0;11;0;0.9522600360509132;1.0;1.0;1.0
940_11;0;11;0;0.9690091692309761;1.0;1.0;1.0
943_11;1;11;1;0.9999638578680329;1.0;1.0;1.0
956_11;1;11;1;0.9999513819921904;1.0;1.0;1.0
996_11;0;11;1;0.9998195618739821;1.0;1.0;1.0
