Case ID;Actual;Prefix Length;Prediction;Prediction Probability;SHAP Subset Stability;SHAP Weight Stability;SHAP Adjusted Weight Stability;LIME Subset Stability;LIME Weight Stability;LIME Adjusted Weight Stability
1015_10;0;10;0;0.7299015846194823;1.0;1.0;1.0;0.3947296588903467;0.7523643154898733;0.7523643154898733
1053_10;0;10;0;0.9879545394472118;1.0;1.0;1.0;0.3630770777000051;0.5351077843810967;0.5351077843810967
1110_10;0;10;0;0.9821790498397642;1.0;1.0;1.0;0.3654503711403616;0.7467127630444259;0.7467127630444259
1121_10;1;10;1;0.9999389219872128;1.0;1.0;1.0;0.5743995623555154;0.740412555583113;0.740412555583113
1131_10;0;10;1;0.6336491890942246;1.0;1.0;1.0;0.41512597398428164;0.7110573792482663;0.7110573792482663
918_10;1;10;1;0.9999984249075076;1.0;1.0;1.0;0.6426348778283224;0.7660252504062951;0.7660252504062951
926_10;1;10;1;0.999997351366904;1.0;1.0;1.0;0.6426348778283224;0.7348662185094812;0.7348662185094812
946_10;1;10;1;0.9997355387611352;1.0;1.0;1.0;0.5743995623555154;0.73879599225666;0.73879599225666
