Case ID,Actual,Prefix Length,Prediction,Prediction Probability
1019_11,0,11,0,0.7817818763952925
1085_11,1,11,1,0.9983069951351194
1116_11,1,11,1,0.9974433775392069
935_11,0,11,0,0.9522600360509132
940_11,0,11,0,0.9690091692309761
943_11,1,11,1,0.9999638578680329
956_11,1,11,1,0.9999513819921904
996_11,0,11,1,0.9998195618739821
