Case ID;Actual;Prefix Length;Prediction;Prediction Probability;SHAP Subset Stability;SHAP Weight Stability;SHAP Adjusted Weight Stability
1006_6;1;6;1;0.9188444202814774;1.0;1.0;1.0
1015_6;0;6;0;0.5852201318286907;1.0;1.0;1.0
1045_6;0;6;1;0.9999016037912569;1.0;1.0;1.0
1091_6;1;6;1;0.9999823197726534;1.0;1.0;1.0
1131_6;0;6;1;0.9999621288666901;1.0;1.0;1.0
925_6;1;6;1;0.9999995034318508;1.0;1.0;1.0
942_6;1;6;1;0.999999977510354;1.0;1.0;1.0
973_6;0;6;0;0.9999999873488347;1.0;1.0;1.0
