Case ID;Actual;Prefix Length;Prediction;Prediction Probability;SHAP Subset Stability;SHAP Weight Stability;SHAP Adjusted Weight Stability;LIME Subset Stability;LIME Weight Stability;LIME Adjusted Weight Stability
937.0;0.0;1.0;1.0;0.7256324662359142;1.0;1.0;1.0;0.4907987211032695;0.7786007755996027;0.7786007755996027
945.0;0.0;1.0;1.0;0.9411252565058325;1.0;1.0;1.0;0.4963937100186049;0.5151037063840807;0.5151037063840807
950.0;0.0;1.0;0.0;0.5362212730145052;1.0;1.0;1.0;0.4886021075157907;0.4640925323177705;0.4640925323177705
955.0;1.0;1.0;1.0;0.9994839546319112;1.0;1.0;1.0;0.49559706416637483;0.686226151509054;0.686226151509054
1001.0;0.0;1.0;0.0;0.9793506886880792;1.0;1.0;1.0;0.4896449704142013;0.8223998527895436;0.8223998527895436
1007.0;1.0;1.0;0.0;0.9999966870513436;1.0;1.0;1.0;0.4920974119541459;0.7817105364658699;0.7817105364658699
1116.0;1.0;1.0;1.0;0.9998429570155112;1.0;1.0;1.0;0.4846377827678512;0.7827063245096055;0.7827063245096055
1132.0;1.0;1.0;1.0;0.9998241612154528;1.0;1.0;1.0;0.49999954432737714;0.6028932115812036;0.6028932115812036
