Case ID;Actual;Prefix Length;Prediction;Prediction Probability;SHAP Subset Stability;SHAP Weight Stability;SHAP Adjusted Weight Stability
1005_4;0;4;1;0.9810698590878031;1.0;1.0;1.0
1057_4;1;4;1;0.999955158584456;1.0;1.0;1.0
915_4;1;4;1;0.8208631100866205;1.0;1.0;1.0
937_4;0;4;0;0.8570574571080164;1.0;1.0;1.0
965_4;1;4;1;0.9999382274169174;1.0;1.0;1.0
968_4;0;4;1;0.531967153362103;1.0;1.0;1.0
979_4;0;4;1;0.7584729268789387;1.0;1.0;1.0
998_4;1;4;1;0.9999968303195361;1.0;1.0;1.0
