Case ID,Actual,Prefix Length,Prediction,Prediction Probability
1008_9,1,9,1,0.5073985144012854
1088_9,0,9,0,0.6279015522311622
1111_9,0,9,0,0.9998958322414911
1113_9,1,9,1,0.9998168079372494
1130_9,1,9,1,0.9999993814632235
1135_9,0,9,0,0.9987409556658416
962_9,1,9,1,0.9999972754287371
999_9,0,9,0,0.9930296937714007
