Case ID;Actual;Prefix Length;Prediction;Prediction Probability;SHAP Subset Stability;SHAP Weight Stability;SHAP Adjusted Weight Stability
1019_7;0;7;0;0.7024635480245599;1.0;1.0;1.0
1024_7;0;7;1;0.7751687452272737;1.0;1.0;1.0
1037_7;1;7;1;0.9999353386948587;1.0;1.0;1.0
1039_7;0;7;1;0.9969055309406;1.0;1.0;1.0
1049_7;1;7;1;0.9996093386471132;1.0;1.0;1.0
965_7;1;7;1;0.995497324292186;1.0;1.0;1.0
972_7;0;7;1;0.8043180081702647;1.0;1.0;1.0
989_7;1;7;1;0.999969085534198;1.0;1.0;1.0
