Case ID;Actual;Prefix Length;Prediction;Prediction Probability;SHAP Subset Stability;SHAP Weight Stability;SHAP Adjusted Weight Stability;LIME Subset Stability;LIME Weight Stability;LIME Adjusted Weight Stability;ACV Subset Stability;ACV Weight Stability;ACV Adjusted Weight Stability;LINDA Subset Stability;LINDA Weight Stability;LINDA Adjusted Weight Stability
Case188_7;1;7;1;0.9994362103207618;1.0;1.0;1.0;1.0;0.9772407506355998;0.9772407506355998;;1.0;1.0;;1.0;1.0
Case257_7;1;7;1;0.9986599328593914;1.0;1.0;1.0;1.0;0.9647945858696482;0.9647945858696482;;1.0;1.0;;1.0;1.0
Case258_7;1;7;1;0.9987265567300851;1.0;1.0;1.0;1.0;0.9066890496276192;0.9066890496276192;;1.0;1.0;;1.0;1.0
Case46_7;0;7;0;0.9991444044858098;1.0;1.0;1.0;1.0;0.9021894122032704;0.9021894122032704;;1.0;1.0;;1.0;1.0
Case55_7;1;7;1;0.9998223288937984;1.0;1.0;1.0;1.0;0.8161491313871685;0.8161491313871685;;1.0;1.0;;1.0;1.0
Case64_7;0;7;0;0.9970295918846482;1.0;1.0;1.0;1.0;0.9115717405735264;0.9115717405735264;;1.0;1.0;;1.0;1.0
Case67_7;0;7;0;0.9957859742898426;1.0;1.0;1.0;1.0;0.9452095403577376;0.9452095403577376;;1.0;1.0;;1.0;1.0
Case96_7;0;7;1;0.7016903999561093;1.0;1.0;1.0;1.0;0.9450651816587567;0.9450651816587567;;1.0;1.0;;1.0;1.0
