Case ID;Actual;Prefix Length;Prediction;Prediction Probability;SHAP Subset Stability;SHAP Weight Stability;SHAP Adjusted Weight Stability;LIME Subset Stability;LIME Weight Stability;LIME Adjusted Weight Stability
1011_2;0;2;1;0.8474641966170855;1.0;1.0;1.0;0.4050639471415619;0.6855072301062186;0.6855072301062186
1057_2;1;2;1;0.99063173547693;1.0;1.0;1.0;0.40457781622197075;0.8036353037146073;0.8036353037146073
1061_2;0;2;0;0.9048688388780112;1.0;1.0;1.0;0.41714499487194123;0.7731498343052581;0.7731498343052581
1094_2;1;2;1;0.999332242249899;1.0;1.0;1.0;0.4189560094331325;0.8188327829829809;0.8188327829829809
914_2;1;2;1;0.9997892647555712;1.0;1.0;1.0;0.4191337000432779;0.6956230381639714;0.6956230381639714
934_2;0;2;0;0.8319731422584498;1.0;1.0;1.0;0.39395518266910146;0.6744672101110344;0.6744672101110344
959_2;1;2;1;0.9691258790407742;1.0;1.0;1.0;0.40614388566516235;0.6497149542374414;0.6497149542374414
983_2;0;2;1;0.9634888312053166;1.0;1.0;1.0;0.3802697750295898;0.8136143426351099;0.8136143426351099
