Case ID;Actual;Prefix Length;Prediction;Prediction Probability;SHAP Subset Stability;SHAP Weight Stability;SHAP Adjusted Weight Stability;LIME Subset Stability;LIME Weight Stability;LIME Adjusted Weight Stability
1019_11;0;11;0;0.7817818763952925;1.0;1.0;1.0;0.4374499399279135;0.5711075183412944;0.5711075183412944
1085_11;1;11;1;0.9983069951351194;1.0;1.0;1.0;0.665513264129181;0.6217677513307749;0.6217677513307749
1116_11;1;11;1;0.9974433775392068;1.0;1.0;1.0;0.713363205060622;0.8128797412152198;0.8128797412152198
935_11;0;11;0;0.9522600360509132;1.0;1.0;1.0;0.4497432134996331;0.7740068485887827;0.7740068485887827
940_11;0;11;0;0.969009169230976;1.0;1.0;1.0;0.4393717992113091;0.7162581072089385;0.7162581072089385
943_11;1;11;1;0.9999638578680328;1.0;1.0;1.0;0.665513264129181;0.7140364953643605;0.7140364953643605
956_11;1;11;1;0.9999513819921904;1.0;1.0;1.0;0.665513264129181;0.39000850620727523;0.39000850620727523
996_11;0;11;1;0.999819561873982;1.0;1.0;1.0;0.4455665324812701;0.8077234203684529;0.8077234203684529
