Case ID;Actual;Prefix Length;Prediction;Prediction Probability;SHAP Subset Stability;SHAP Weight Stability;SHAP Adjusted Weight Stability
1037_12;1;12;1;0.9999999983246348;1.0;1.0;1.0
1041_12;0;12;0;0.9038123920610436;1.0;1.0;1.0
1059_12;1;12;1;0.9999954071032401;1.0;1.0;1.0
1096_12;0;12;1;0.9971622657591489;1.0;1.0;1.0
1115_12;1;12;0;0.8827422559248089;1.0;1.0;1.0
922_12;0;12;0;0.9790681408251987;1.0;1.0;1.0
961_12;0;12;0;0.9996099059750887;1.0;1.0;1.0
998_12;1;12;1;0.9999980096671629;1.0;1.0;1.0
