Case ID,Actual,Prefix Length,Prediction,Prediction Probability
1015_10,0,10,0,0.7299015846194823
1053_10,0,10,0,0.9879545394472118
1110_10,0,10,0,0.9821790498397642
1121_10,1,10,1,0.9999389219872128
1131_10,0,10,1,0.6336491890942246
918_10,1,10,1,0.9999984249075076
926_10,1,10,1,0.999997351366904
946_10,1,10,1,0.9997355387611351
