Case ID;Actual;Prefix Length;Prediction;Prediction Probability;SHAP Subset Stability;SHAP Weight Stability;SHAP Adjusted Weight Stability
1042_3;1;3;0;0.6983988775575922;1.0;1.0;1.0
1051_3;0;3;0;0.9999468666135938;1.0;1.0;1.0
1064_3;1;3;1;0.9999999999999973;1.0;1.0;1.0
1073_3;0;3;0;0.9999998330319582;1.0;1.0;1.0
1108_3;0;3;1;0.9999983190266096;1.0;1.0;1.0
918_3;1;3;1;0.9999999999972407;1.0;1.0;1.0
958_3;0;3;0;0.9999999842236701;1.0;1.0;1.0
981_3;1;3;1;1.0;1.0;1.0;1.0
