Case ID;Actual;Prefix Length;Prediction;Prediction Probability;SHAP Subset Stability;SHAP Weight Stability;SHAP Adjusted Weight Stability;LIME Subset Stability;LIME Weight Stability;LIME Adjusted Weight Stability
1005_4;0;4;1;0.9810698590878032;1.0;1.0;1.0;0.29079775280898856;0.6083057727783523;0.6083057727783523
1057_4;1;4;1;0.999955158584456;1.0;1.0;1.0;0.3015802781289506;0.7329293482256545;0.7329293482256545
915_4;1;4;1;0.8208631100866205;1.0;1.0;1.0;0.28830056179775265;-0.15424838434020782;-0.15424838434020782
937_4;0;4;0;0.8570574571080164;1.0;1.0;1.0;0.2927216518068231;0.6823769270190828;0.6823769270190828
965_4;1;4;1;0.9999382274169174;1.0;1.0;1.0;0.2899556583767108;0.686299946305926;0.686299946305926
968_4;0;4;1;0.531967153362103;1.0;1.0;1.0;0.2962858785302136;0.7738493301573027;0.7738493301573027
979_4;0;4;1;0.7584729268789387;1.0;1.0;1.0;0.27725765522098;0.7214927224040961;0.7214927224040961
998_4;1;4;1;0.999996830319536;1.0;1.0;1.0;0.3026057794988751;0.7789166807375648;0.7789166807375648
