Case ID;Actual;Prefix Length;Prediction;Prediction Probability;SHAP Subset Stability;SHAP Weight Stability;SHAP Adjusted Weight Stability;LIME Subset Stability;LIME Weight Stability;LIME Adjusted Weight Stability;ACV Subset Stability;ACV Weight Stability;ACV Adjusted Weight Stability;LINDA Subset Stability;LINDA Weight Stability;LINDA Adjusted Weight Stability
Case118_3;1;3;1;0.9999996557033596;1.0;1.0;1.0;0.9709302325581396;0.9796834357373739;0.9796834357373739;;1.0;1.0;;1.0;1.0
Case126_3;1;3;1;0.999999999864954;1.0;1.0;1.0;0.9368199368199368;0.9647171040272404;0.9647171040272404;;1.0;1.0;;1.0;1.0
Case134_3;0;3;1;0.9999999997489272;1.0;1.0;1.0;0.9186616323907456;0.9534762944178964;0.9534762944178964;;1.0;1.0;;1.0;1.0
Case208_3;1;3;1;0.999982706592418;1.0;1.0;1.0;0.9186616323907456;0.9840062075082274;0.9840062075082274;;1.0;1.0;;1.0;1.0
Case256_3;1;3;1;0.9916354046811182;1.0;1.0;1.0;0.9511969794344473;0.9743581226080079;0.9743581226080079;;1.0;1.0;;1.0;1.0
Case269_3;0;3;0;0.97697577342012;1.0;1.0;1.0;1.0;0.8568073708488659;0.8568073708488659;;1.0;1.0;;1.0;1.0
Case46_3;0;3;0;0.9998435955984752;1.0;1.0;1.0;0.9709302325581396;0.9795055908903784;0.9795055908903784;;1.0;1.0;;1.0;1.0
Case83_3;0;3;1;1.0;1.0;1.0;1.0;0.9526149526149528;0.9834738541538663;0.9834738541538663;;1.0;1.0;;1.0;1.0
