Case ID;Actual;Prefix Length;Prediction;Prediction Probability;SHAP Subset Stability;SHAP Weight Stability;SHAP Adjusted Weight Stability
1009_5;0;5;1;0.9961667269716343;1.0;1.0;1.0
1059_5;1;5;1;0.9485200523029225;1.0;1.0;1.0
1077_5;1;5;1;0.9999999358662318;1.0;1.0;1.0
1078_5;0;5;0;0.8450451947407144;1.0;1.0;1.0
1089_5;0;5;0;0.9986756763140267;1.0;1.0;1.0
1095_5;0;5;1;0.9696959449510516;1.0;1.0;1.0
946_5;1;5;1;0.9999937037506088;1.0;1.0;1.0
978_5;1;5;1;0.9998411046335958;1.0;1.0;1.0
