Case ID;Actual;Prefix Length;Prediction;Prediction Probability;SHAP Subset Stability;SHAP Weight Stability;SHAP Adjusted Weight Stability
1015_10;0;10;0;0.7299015846194823;1.0;1.0;1.0
1053_10;0;10;0;0.9879545394472118;1.0;1.0;1.0
1110_10;0;10;0;0.9821790498397642;1.0;1.0;1.0
1121_10;1;10;1;0.9999389219872128;1.0;1.0;1.0
1131_10;0;10;1;0.6336491890942246;1.0;1.0;1.0
918_10;1;10;1;0.9999984249075076;1.0;1.0;1.0
926_10;1;10;1;0.999997351366904;1.0;1.0;1.0
946_10;1;10;1;0.9997355387611351;1.0;1.0;1.0
