Case ID;Actual;Prefix Length;Prediction;Prediction Probability;SHAP Subset Stability;SHAP Weight Stability;SHAP Adjusted Weight Stability;LIME Subset Stability;LIME Weight Stability;LIME Adjusted Weight Stability
1037_14;1;14;1;0.999999373834237;1.0;1.0;1.0;0.27853728556099033;0.7452683661166193;0.7452683661166193
1062_14;1;14;1;0.9994030227407904;1.0;1.0;1.0;0.30183658388754664;0.668713613596889;0.668713613596889
1098_14;0;14;0;0.9841183243029329;1.0;1.0;1.0;0.2725411228543857;0.7081860854051948;0.7081860854051948
1128_14;0;14;0;0.9994245793434288;1.0;1.0;1.0;0.25942863383353165;0.719331021382816;0.719331021382816
948_14;0;14;0;0.9960080754629904;1.0;1.0;1.0;0.2841143460390805;0.6388276037861937;0.6388276037861937
962_14;1;14;1;0.9999972409661808;1.0;1.0;1.0;0.28851163044864203;0.6658469395027908;0.6658469395027908
990_14;1;14;1;0.9999996733675656;1.0;1.0;1.0;0.28717755759020025;0.7505255758066434;0.7505255758066434
996_14;0;14;1;0.9999998045305074;1.0;1.0;1.0;0.3085999729985147;0.5545685224718286;0.5545685224718286
