Case ID,Actual,Prefix Length,Prediction,Prediction Probability
1009_5,0,5,1,0.9961667269716343
1059_5,1,5,1,0.9485200523029225
1077_5,1,5,1,0.9999999358662318
1078_5,0,5,0,0.8450451947407144
1089_5,0,5,0,0.9986756763140267
1095_5,0,5,1,0.9696959449510516
946_5,1,5,1,0.9999937037506088
978_5,1,5,1,0.9998411046335958
