Case ID,Actual,Prefix Length,Prediction,Prediction Probability
1006_6,1,6,1,0.9188444202814774
1015_6,0,6,0,0.5852201318286907
1045_6,0,6,1,0.9999016037912569
1091_6,1,6,1,0.9999823197726534
1131_6,0,6,1,0.9999621288666901
925_6,1,6,1,0.9999995034318508
942_6,1,6,1,0.999999977510354
973_6,0,6,0,0.9999999873488347
