Case ID,Actual,Prefix Length,Prediction,Prediction Probability
205388_7,0,7,1,0.6403138650283869
205562_7,1,7,0,0.5683292442501584
205721_7,1,7,1,0.7743319856753487
206519_7,1,7,0,0.7041406383132557
207413_7,1,7,0,0.5226289365170178
208418_7,0,7,0,0.50175784399012
209078_7,0,7,0,0.6012626415120861
211086_7,0,7,0,0.8485994980038339
