Case ID,Actual,Prefix Length,Prediction,Prediction Probability
204936_3,0,3,1,0.5004965931905369
205364_3,1,3,1,0.5037436216576309
205849_3,0,3,0,0.5072839646908721
206198_3,1,3,0,0.5083052867249926
207328_3,1,3,1,0.504700937692505
207572_3,0,3,1,0.5043184405669289
212692_3,1,3,1,0.5054449925463789
214148_3,0,3,1,0.5034950442217964
