Case ID,Actual,Prefix Length,Prediction,Prediction Probability
204793_10,0,10,1,0.5433085659958712
205535_10,1,10,0,0.977189931469551
205794_10,0,10,0,0.8452613240143855
208244_10,1,10,1,0.5695260159808968
210521_10,0,10,0,0.7003865446361803
212626_10,1,10,0,0.5739424153360672
