Case ID,Actual,Prefix Length,Prediction,Prediction Probability
204565_9,0,9,1,0.5875247549026987
206071_9,1,9,0,0.6237334385175217
206147_9,0,9,0,0.5104911588311258
208184_9,1,9,1,0.570844600393119
210398_9,0,9,0,0.6509053278250356
212196_9,1,9,1,0.5289814022783351
