Case ID;Actual;Prefix Length;Prediction;Prediction Probability;SHAP Subset Stability;SHAP Weight Stability;SHAP Adjusted Weight Stability
204793_9;0;9;1;0.5473183193272962;1.0;1.0;1.0
205643_9;0;9;1;0.52057517312904;1.0;1.0;1.0
206706_9;0;9;1;0.6322345859009276;1.0;1.0;1.0
206928_9;1;9;0;0.6241442499072614;1.0;1.0;1.0
207284_9;1;9;0;0.7346239288023544;1.0;1.0;1.0
212602_9;1;9;1;0.5600773061134815;1.0;1.0;1.0
212875_9;1;9;1;0.6544243208255864;1.0;1.0;1.0
213804_9;0;9;0;0.8321601093978572;1.0;1.0;1.0
