Case ID,Actual,Prefix Length,Prediction,Prediction Probability
204586_13,0,13,1,0.7910562720959963
206261_13,1,13,0,0.5364460565470619
206357_13,0,13,1,0.538836408962416
208790_13,1,13,0,0.8354686811496836
210197_13,1,13,1,0.5470472941103796
212298_13,0,13,1,0.5781728830899466
212428_13,0,13,1,0.8800706093910184
212851_13,1,13,0,0.6881004123624797
