Case ID;Actual;Prefix Length;Prediction;Prediction Probability;SHAP Subset Stability;SHAP Weight Stability;SHAP Adjusted Weight Stability;LIME Subset Stability;LIME Weight Stability;LIME Adjusted Weight Stability;ACV Subset Stability;ACV Weight Stability;ACV Adjusted Weight Stability;LINDA Subset Stability;LINDA Weight Stability;LINDA Adjusted Weight Stability
205586_5;0;5;0;0.5289752718119227;1.0;1.0;1.0;1.0;0.9999976656373504;0.9999976656373504;;1.0;1.0;;1.0;1.0
206071_5;1;5;0;0.5285082636282711;1.0;1.0;1.0;1.0;0.9999971334496182;0.9999971334496182;;1.0;1.0;;1.0;1.0
207328_5;1;5;0;0.5288117777360029;1.0;1.0;1.0;1.0;0.9999972396770608;0.9999972396770608;;1.0;1.0;;1.0;1.0
208022_5;0;5;0;0.5330044041504656;1.0;1.0;1.0;0.9686959757971572;0.9999961635874696;0.9999961635874696;;1.0;1.0;;1.0;1.0
208139_5;1;5;0;0.5286493527379232;1.0;1.0;1.0;1.0;0.999994940092754;0.999994940092754;;1.0;1.0;;1.0;1.0
208577_5;1;5;0;0.5285920060145879;1.0;1.0;1.0;1.0;0.99999583960729;0.99999583960729;;1.0;1.0;;1.0;1.0
209664_5;0;5;0;0.5290068115096744;1.0;1.0;1.0;1.0;0.9999949179391164;0.9999949179391164;;1.0;1.0;;1.0;1.0
212947_5;0;5;0;0.5328153295931537;1.0;1.0;1.0;0.9564968584308504;0.9999969725931964;0.9999969725931964;;1.0;1.0;;1.0;1.0
