Case ID;Actual;Prefix Length;Prediction;Prediction Probability;SHAP Subset Stability;SHAP Weight Stability;SHAP Adjusted Weight Stability;LIME Subset Stability;LIME Weight Stability;LIME Adjusted Weight Stability
205499_8;0;8;0;0.7829885928075256;1.0;1.0;1.0;0.8244513043183284;0.9866887903653423;0.9866887903653423
205508_8;1;8;0;0.7176304438446199;1.0;1.0;1.0;0.7843340234644582;0.871588292602743;0.871588292602743
206913_8;0;8;1;0.5390713820737686;1.0;1.0;1.0;0.7632974865427515;0.9786691883332547;0.9786691883332547
207242_8;0;8;0;0.6039096312968797;1.0;1.0;1.0;0.7425933711986125;0.9554025216462033;0.9554025216462033
207377_8;1;8;1;0.5593246016170862;1.0;1.0;1.0;0.7258527272114915;0.9763806091517901;0.9763806091517901
210467_8;1;8;0;0.5173969702663658;1.0;1.0;1.0;0.6910164835164836;0.9816978405408948;0.9816978405408948
212012_8;1;8;0;0.7328914923185912;1.0;1.0;1.0;0.7807017543859649;0.9889122730723544;0.9889122730723544
212608_8;0;8;1;0.6120838331474603;1.0;1.0;1.0;0.8434509273315293;0.9900805452679214;0.9900805452679214
