Case ID,Actual,Prefix Length,Prediction,Prediction Probability
208025_12,0,12,0,0.6908832362579016
209607_12,0,12,0,0.5035982635739661
211248_12,0,12,1,0.5794155508379228
212383_12,1,12,1,0.6009731867307269
213354_12,1,12,0,0.6594913306586045
213693_12,1,12,1,0.5483715849725457
