Case ID,Actual,Prefix Length,Prediction,Prediction Probability
204646_15,1,15,0,0.5741184131751726
205388_15,0,15,0,0.6109529529646942
206231_15,0,15,0,0.5534636283964156
207260_15,1,15,1,0.6758192037972247
207783_15,1,15,1,0.7782033373760296
207873_15,0,15,0,0.7076975898962721
210659_15,1,15,1,0.7182897951208272
211928_15,0,15,1,0.5939664155145385
