Case ID;Actual;Prefix Length;Prediction;Prediction Probability;SHAP Subset Stability;SHAP Weight Stability;SHAP Adjusted Weight Stability
205388_7;0;7;1;0.6403138650283869;1.0;1.0;1.0
205562_7;1;7;0;0.5683292442501584;1.0;1.0;1.0
205721_7;1;7;1;0.7743319856753487;1.0;1.0;1.0
206519_7;1;7;0;0.7041406383132557;1.0;1.0;1.0
207413_7;1;7;0;0.5226289365170178;1.0;1.0;1.0
208418_7;0;7;0;0.50175784399012;1.0;1.0;1.0
209078_7;0;7;0;0.6012626415120861;1.0;1.0;1.0
211086_7;0;7;0;0.8485994980038339;1.0;1.0;1.0
