Case ID,Actual,Prefix Length,Prediction,Prediction Probability
205876_2,0,2,0,0.535089710950508
205924_2,0,2,0,0.533091553215443
206360_2,1,2,0,0.5187590741305579
207044_2,0,2,0,0.551322829488228
208601_2,1,2,0,0.5145824758316073
212012_2,1,2,0,0.56173265070773
212274_2,1,2,0,0.5217960146241576
212947_2,0,2,0,0.5089462739070683
