Case ID,Actual,Prefix Length,Prediction,Prediction Probability
205421_16,1,16,0,0.5853139827187208
206489_16,1,16,1,0.7777126857049848
206606_16,0,16,1,0.5918698822560743
209030_16,1,16,1,0.6334545124778935
211245_16,0,16,0,0.9084160643803972
212608_16,0,16,1,0.7730360196737524
