Case ID,Actual,Prefix Length,Prediction,Prediction Probability
205736_6,0,6,1,0.5010489281443021
206366_6,0,6,1,0.5032674026567704
206901_6,1,6,1,0.5020537002100399
207614_6,1,6,1,0.5011928277695848
210719_6,0,6,1,0.5014218263353416
211317_6,0,6,1,0.5008103910407751
213001_6,1,6,1,0.5024924788309159
214052_6,1,6,1,0.5004235610197864
