"Case ID;Actual;Prefix Length;Prediction;Prediction Probability;SHAP Subset Stability;SHAP Weight Stability;SHAP Adjusted Weight Stability";LIME Subset Stability;LIME Weight Stability;LIME Adjusted Weight Stability
"205586_5;0;5;0;0.5289752718119227;1.0;1.0;1.0";1.0;0.9999976656373503;0.9999976656373503
"206071_5;1;5;0;0.5285082636282711;1.0;1.0;1.0";1.0;0.9999971334496182;0.9999971334496182
"207328_5;1;5;0;0.5288117777360029;1.0;1.0;1.0";1.0;0.9999972396770607;0.9999972396770607
"208022_5;0;5;0;0.5330044041504656;1.0;1.0;1.0";0.9686959757971572;0.9999961635874696;0.9999961635874696
"208139_5;1;5;0;0.5286493527379232;1.0;1.0;1.0";1.0;0.9999949400927541;0.9999949400927541
"208577_5;1;5;0;0.5285920060145879;1.0;1.0;1.0";1.0;0.9999958396072899;0.9999958396072899
"209664_5;0;5;0;0.5290068115096744;1.0;1.0;1.0";1.0;0.9999949179391165;0.9999949179391165
"212947_5;0;5;0;0.5328153295931537;1.0;1.0;1.0";0.9564968584308504;0.9999969725931964;0.9999969725931964
