Case ID,Actual,Prefix Length,Prediction,Prediction Probability
205754_17,0,17,1,0.5597190220775823
207506_17,1,17,1,0.6815461890356596
209287_17,1,17,0,0.5530765147068029
210494_17,0,17,1,0.627406693359727
213672_17,1,17,1,0.5940570500381828
213765_17,0,17,1,0.8156479965668888
