Case ID,Actual,Prefix Length,Prediction,Prediction Probability
205397_11,1,11,0,0.546354726891616
206165_11,0,11,0,0.6470864820382425
208379_11,0,11,1,0.6774728913803933
208871_11,0,11,0,0.5038278696658673
209257_11,1,11,0,0.5194562271585625
210017_11,1,11,1,0.6132822899927328
211269_11,1,11,0,0.5261206879586742
212947_11,0,11,1,0.7366305392282761
