Case ID,Actual,Prefix Length,Prediction,Prediction Probability
205310_4,0,4,0,0.5103011630385808
205370_4,0,4,0,0.5123524192022345
206026_4,1,4,1,0.5086716681194263
206267_4,1,4,1,0.5168060814183236
206733_4,1,4,0,0.5039955278977041
207792_4,0,4,1,0.5116941899671161
208772_4,0,4,0,0.5007388441731216
212079_4,1,4,1,0.5168433646817489
