Case ID;Actual;Prefix Length;Prediction;Prediction Probability;SHAP Subset Stability;SHAP Weight Stability;SHAP Adjusted Weight Stability;LIME Subset Stability;LIME Weight Stability;LIME Adjusted Weight Stability;ACV Subset Stability;ACV Weight Stability;ACV Adjusted Weight Stability
204721_11;0;11;0;0.7407942005124794;1.0;1.0;1.0;-0.002575423105224628;0.9886708060584468;0.9886708060584468;;1.0;1.0
205415_11;1;11;1;0.5475284173279967;1.0;1.0;1.0;0.046500920810312985;0.9813158634183996;0.9813158634183996;;1.0;1.0
207071_11;0;11;1;0.5165031555483262;1.0;1.0;1.0;-0.0040530582166542475;0.9841389282615348;0.9841389282615348;;1.0;1.0
207328_11;1;11;1;0.6784879639855461;1.0;1.0;1.0;0.07723802487378406;0.9830625575073844;0.9830625575073844;;1.0;1.0
207726_11;0;11;0;0.8677513978366136;1.0;1.0;1.0;0.037427816685096316;0.9765663760032096;0.9765663760032096;;1.0;1.0
208181_11;1;11;0;0.6853846614276412;1.0;1.0;1.0;0.041585717156830015;0.9580413336610072;0.9580413336610072;;1.0;1.0
212674_11;1;11;1;0.6298681079267939;1.0;1.0;1.0;0.0338523939187656;0.9824510096347716;0.9824510096347716;;1.0;1.0
213076_11;0;11;1;0.7659405497982531;1.0;1.0;1.0;0.027982779827798288;0.9837655400691272;0.9837655400691272;;1.0;1.0
