Case ID,Actual,Prefix Length,Prediction,Prediction Probability
204730_6,0,6,0,0.5293895896645608
205268_6,1,6,0,0.5284169672254242
207254_6,0,6,0,0.5291984888150595
210266_6,0,6,0,0.5269839777344385
211125_6,1,6,0,0.5282166573422722
211898_6,1,6,0,0.5289667576281278
