Case ID,Actual,Prefix Length,Prediction,Prediction Probability
204565_4,0,4,0,0.5052480443033917
205468_4,1,4,0,0.5300009905211697
208898_4,1,4,1,0.6252112901240682
210581_4,0,4,1,0.5036747426567646
211411_4,1,4,0,0.5357469755083123
212413_4,0,4,0,0.518514592771959
