Case ID,Actual,Prefix Length,Prediction,Prediction Probability
205918_2,1,2,1,0.507717260074345
206099_2,0,2,1,0.5087678359937059
206366_2,0,2,1,0.5332323551710302
206480_2,1,2,1,0.5262271399066341
206862_2,0,2,0,0.5100418205978321
209221_2,1,2,0,0.533397512951113
209371_2,0,2,0,0.5082287599104081
209712_2,1,2,0,0.5073166848501522
