Case ID,Actual,Prefix Length,Prediction,Prediction Probability
205583_4,0,4,0,0.589601589976094
206123_4,1,4,0,0.5192117394249292
206258_4,1,4,0,0.5302140169324374
206366_4,0,4,0,0.5101347607141598
206624_4,1,4,0,0.507324871074336
207708_4,0,4,0,0.6512461766724149
208002_4,0,4,0,0.5014118879977685
211287_4,1,4,0,0.5359031907421794
