Case ID,Actual,Prefix Length,Prediction,Prediction Probability
205918_19,1,19,1,0.701651934406203
206246_19,0,19,0,0.6757798955139609
208244_19,1,19,1,0.6551381422107728
208412_19,1,19,1,0.7489391281385711
209520_19,0,19,0,0.9965521648402124
211059_19,0,19,0,0.9946494442723881
