Case ID,Actual,Prefix Length,Prediction,Prediction Probability
204718.0,1.0,1.0,1.0,0.5001222073143665
206240.0,0.0,1.0,1.0,0.5000876362121559
208002.0,0.0,1.0,1.0,0.500019383449214
208022.0,0.0,1.0,1.0,0.5000454377808424
210038.0,1.0,1.0,1.0,0.5000425859258573
210827.0,1.0,1.0,1.0,0.5001413559319755
211435.0,1.0,1.0,1.0,0.5000125281819909
213213.0,0.0,1.0,0.0,0.500015573430097
