Case ID,Actual,Prefix Length,Prediction,Prediction Probability
205256_12,0,12,0,0.9652450570496853
206910_12,1,12,0,0.5438667713685986
208136_12,0,12,1,0.9725198977259925
208997_12,1,12,0,0.80627641476616
209437_12,0,12,0,0.9648897571940167
211323_12,1,12,1,0.560201566614622
212012_12,1,12,0,0.8126777085164676
213076_12,0,12,1,0.8059820355897968
