Case ID;Actual;Prefix Length;Prediction;Prediction Probability;SHAP Subset Stability;SHAP Weight Stability;SHAP Adjusted Weight Stability
204721_11;0;11;0;0.7407942005124794;1.0;1.0;1.0
205415_11;1;11;1;0.5475284173279967;1.0;1.0;1.0
207071_11;0;11;1;0.5165031555483262;1.0;1.0;1.0
207328_11;1;11;1;0.6784879639855461;1.0;1.0;1.0
207726_11;0;11;0;0.8677513978366136;1.0;1.0;1.0
208181_11;1;11;0;0.6853846614276412;1.0;1.0;1.0
212674_11;1;11;1;0.629868107926794;1.0;1.0;1.0
213076_11;0;11;1;0.7659405497982531;1.0;1.0;1.0
