Case ID;Actual;Prefix Length;Prediction;Prediction Probability;SHAP Subset Stability;SHAP Weight Stability;SHAP Adjusted Weight Stability
205256_12;0;12;0;0.9652450570496852;1.0;1.0;1.0
206910_12;1;12;0;0.5438667713685986;1.0;1.0;1.0
208136_12;0;12;1;0.9725198977259925;1.0;1.0;1.0
208997_12;1;12;0;0.80627641476616;1.0;1.0;1.0
209437_12;0;12;0;0.9648897571940168;1.0;1.0;1.0
211323_12;1;12;1;0.560201566614622;1.0;1.0;1.0
212012_12;1;12;0;0.8126777085164676;1.0;1.0;1.0
213076_12;0;12;1;0.8059820355897968;1.0;1.0;1.0
