Case ID,Actual,Prefix Length,Prediction,Prediction Probability
205745_6,1,6,0,0.5334909367194143
205837_6,1,6,0,0.5336405904550898
206606_6,0,6,0,0.5287167768282569
206751_6,0,6,0,0.5346601478234252
211257_6,1,6,0,0.530076046792886
212737_6,0,6,0,0.5270347787060987
212947_6,0,6,0,0.533667468726045
213675_6,1,6,0,0.5295365363008433
