Case ID,Actual,Prefix Length,Prediction,Prediction Probability
205370_7,0,7,0,0.577808129420461
205655_7,1,7,1,0.8448376695685575
206567_7,0,7,1,0.6560274586826201
208184_7,1,7,1,0.6538490410091808
208679_7,1,7,0,0.5548037569844073
210086_7,0,7,1,0.6134313906802193
210272_7,1,7,0,0.5158493061946109
213159_7,0,7,1,0.5344896834989464
