Case ID;Actual;Prefix Length;Prediction;Prediction Probability;SHAP Subset Stability;SHAP Weight Stability;SHAP Adjusted Weight Stability
205876_2;0;2;0;0.535089710950508;1.0;1.0;1.0
205924_2;0;2;0;0.533091553215443;1.0;1.0;1.0
206360_2;1;2;0;0.5187590741305579;1.0;1.0;1.0
207044_2;0;2;0;0.551322829488228;1.0;1.0;1.0
208601_2;1;2;0;0.5145824758316073;1.0;1.0;1.0
212012_2;1;2;0;0.56173265070773;1.0;1.0;1.0
212274_2;1;2;0;0.5217960146241576;1.0;1.0;1.0
212947_2;0;2;0;0.5089462739070683;1.0;1.0;1.0
