Case ID;Actual;Prefix Length;Prediction;Prediction Probability;SHAP Subset Stability;SHAP Weight Stability;SHAP Adjusted Weight Stability
204718_10;1;10;0;0.6704593660652562;1.0;1.0;1.0
206216_10;0;10;0;0.7813029021421074;1.0;1.0;1.0
209287_10;1;10;0;0.5203586188086146;1.0;1.0;1.0
209404_10;0;10;0;0.649758919091266;1.0;1.0;1.0
209781_10;0;10;0;0.8515151532792167;1.0;1.0;1.0
210266_10;0;10;1;0.6398813164005309;1.0;1.0;1.0
211402_10;1;10;0;0.6170012243350077;1.0;1.0;1.0
213906_10;1;10;1;0.5061611678556033;1.0;1.0;1.0
