Case ID;Actual;Prefix Length;Prediction;Prediction Probability;SHAP Subset Stability;SHAP Weight Stability;SHAP Adjusted Weight Stability
204586_13;0;13;1;0.7910562720959963;1.0;1.0;1.0
206261_13;1;13;0;0.5364460565470619;1.0;1.0;1.0
206357_13;0;13;1;0.538836408962416;1.0;1.0;1.0
208790_13;1;13;0;0.8354686811496836;1.0;1.0;1.0
210197_13;1;13;1;0.5470472941103796;1.0;1.0;1.0
212298_13;0;13;1;0.5781728830899466;1.0;1.0;1.0
212428_13;0;13;1;0.8800706093910184;1.0;1.0;1.0
212851_13;1;13;0;0.6881004123624797;1.0;1.0;1.0
