"Case ID;Actual;Prefix Length;Prediction;Prediction Probability;SHAP Subset Stability;SHAP Weight Stability;SHAP Adjusted Weight Stability";LIME Subset Stability;LIME Weight Stability;LIME Adjusted Weight Stability
"205583_4;0;4;0;0.589601589976094;1.0;1.0;1.0";0.843417389880465;0.996467886972345;0.996467886972345
"206123_4;1;4;0;0.5192117394249292;1.0;1.0;1.0";0.8357297464440321;0.9958118989743672;0.9958118989743672
"206258_4;1;4;0;0.5302140169324374;1.0;1.0;1.0";0.8565400843881856;0.9978573753865926;0.9978573753865926
"206366_4;0;4;0;0.5101347607141598;1.0;1.0;1.0";0.864821882951654;0.9976207845782264;0.9976207845782264
"206624_4;1;4;0;0.507324871074336;1.0;1.0;1.0";0.8479246183206107;0.9964211047726058;0.9964211047726058
"207708_4;0;4;0;0.6512461766724149;1.0;1.0;1.0";0.8521567717996289;0.9951013288067669;0.9951013288067669
"208002_4;0;4;0;0.5014118879977685;1.0;1.0;1.0";0.9040920716112532;0.9961014808513807;0.9961014808513807
"211287_4;1;4;0;0.5359031907421794;1.0;1.0;1.0";0.8561381074168798;0.9927264912484944;0.9927264912484944
