Case ID,Actual,Prefix Length,Prediction,Prediction Probability
204793_9,0,9,1,0.5473183193272962
205643_9,0,9,1,0.52057517312904
206706_9,0,9,1,0.6322345859009276
206928_9,1,9,0,0.6241442499072614
207284_9,1,9,0,0.7346239288023544
212602_9,1,9,1,0.5600773061134815
212875_9,1,9,1,0.6544243208255864
213804_9,0,9,0,0.8321601093978572
