Case ID,Actual,Prefix Length,Prediction,Prediction Probability
205586_5,0,5,0,0.5289752718119227
206071_5,1,5,0,0.5285082636282711
207328_5,1,5,0,0.5288117777360029
208022_5,0,5,0,0.5330044041504656
208139_5,1,5,0,0.5286493527379232
208577_5,1,5,0,0.5285920060145879
209664_5,0,5,0,0.5290068115096744
212947_5,0,5,0,0.5328153295931537
