Case ID,Actual,Prefix Length,Prediction,Prediction Probability
204679_10,0,10,0,0.6384331337089274
205164_10,0,10,1,0.763148499211398
205661_10,1,10,1,0.5148248976479309
206660_10,1,10,1,0.6107757562927476
208412_10,1,10,1,0.7938702634221898
211158_10,0,10,0,0.8539617709602302
211275_10,0,10,0,0.603860170243413
211335_10,1,10,0,0.9793023337213206
