"Case ID;Actual;Prefix Length;Prediction;Prediction Probability;SHAP Subset Stability;SHAP Weight Stability;SHAP Adjusted Weight Stability";LIME Subset Stability;LIME Weight Stability;LIME Adjusted Weight Stability
"204718_10;1;10;0;0.6704593660652562;1.0;1.0;1.0";0.7405474640571744;0.9635906272059412;0.9635906272059412
"206216_10;0;10;0;0.7813029021421074;1.0;1.0;1.0";0.786445631149609;0.9755227716012354;0.9755227716012354
"209287_10;1;10;0;0.5203586188086146;1.0;1.0;1.0";0.7421464832179118;0.9760202297488331;0.9760202297488331
"209404_10;0;10;0;0.649758919091266;1.0;1.0;1.0";0.7735050058158857;0.9556808384489327;0.9556808384489327
"209781_10;0;10;0;0.8515151532792167;1.0;1.0;1.0";0.7029199764636658;0.963531483613247;0.963531483613247
"210266_10;0;10;1;0.6398813164005309;1.0;1.0;1.0";0.706832399721961;0.969179770872811;0.969179770872811
"211402_10;1;10;0;0.6170012243350077;1.0;1.0;1.0";0.7414379327398615;0.9738646890770712;0.9738646890770712
"213906_10;1;10;1;0.5061611678556033;1.0;1.0;1.0";0.7789280167114386;0.9530394712722643;0.9530394712722643
