Case ID,Actual,Prefix Length,Prediction,Prediction Probability
204661_7,1,7,0,0.6782717832860999
204667_7,1,7,0,0.7047071679450463
205026_7,0,7,0,0.5699794784073408
205268_7,1,7,0,0.5530160298022003
206357_7,0,7,1,0.5643350405541224
210521_7,0,7,0,0.7538685346579894
