Case ID;Actual;Prefix Length;Prediction;Prediction Probability;SHAP Subset Stability;SHAP Weight Stability;SHAP Adjusted Weight Stability;LIME Subset Stability;LIME Weight Stability;LIME Adjusted Weight Stability;ACV Subset Stability;ACV Weight Stability;ACV Adjusted Weight Stability;LINDA Subset Stability;LINDA Weight Stability;LINDA Adjusted Weight Stability
205499_8;0;8;0;0.7829885928075256;1.0;1.0;1.0;0.8244513043183284;0.9866887903653424;0.9866887903653424;;1.0;1.0;;1.0;1.0
205508_8;1;8;0;0.7176304438446199;1.0;1.0;1.0;0.7843340234644582;0.871588292602743;0.871588292602743;;1.0;1.0;;1.0;1.0
206913_8;0;8;1;0.5390713820737686;1.0;1.0;1.0;0.7632974865427515;0.9786691883332548;0.9786691883332548;;1.0;1.0;1.0;1.0;1.0
207242_8;0;8;0;0.6039096312968797;1.0;1.0;1.0;0.7425933711986125;0.9554025216462032;0.9554025216462032;;1.0;1.0;1.0;1.0;1.0
207377_8;1;8;1;0.5593246016170862;1.0;1.0;1.0;0.7258527272114915;0.97638060915179;0.97638060915179;;1.0;1.0;1.0;1.0;1.0
210467_8;1;8;0;0.5173969702663658;1.0;1.0;1.0;0.6910164835164836;0.9816978405408948;0.9816978405408948;;1.0;1.0;1.0;1.0;1.0
212012_8;1;8;0;0.7328914923185912;1.0;1.0;1.0;0.7807017543859649;0.9889122730723544;0.9889122730723544;;1.0;1.0;;1.0;1.0
212608_8;0;8;1;0.6120838331474603;1.0;1.0;1.0;0.8434509273315293;0.9900805452679214;0.9900805452679214;;1.0;1.0;1.0;1.0;1.0
