Case ID,Actual,Prefix Length,Prediction,Prediction Probability
207014_13,1,13,1,0.5808792412697938
208598_13,0,13,1,0.6902761819765637
208871_13,0,13,1,0.5316112348468549
209697_13,0,13,1,0.6381150224063982
210266_13,0,13,0,0.5132529586789006
210659_13,1,13,1,0.6674531149302991
212196_13,1,13,0,0.6485551035928641
212560_13,1,13,0,0.5261747023296541
