Case ID,Actual,Prefix Length,Prediction,Prediction Probability
204613_14,0,14,1,0.5103559286751014
205601_14,0,14,0,0.9820294606148122
205831_14,1,14,0,0.6500693926109343
206408_14,1,14,0,0.5848052230675626
206561_14,0,14,0,0.6576088583774776
214250_14,1,14,0,0.5252536089795112
