Case ID;Actual;Prefix Length;Prediction;Prediction Probability;SHAP Subset Stability;SHAP Weight Stability;SHAP Adjusted Weight Stability
205319_14;0;14;0;0.6214001233275223;1.0;1.0;1.0
206198_14;1;14;0;0.9744707901992936;1.0;1.0;1.0
206438_14;1;14;1;0.5148466215321762;1.0;1.0;1.0
206727_14;0;14;0;0.6456078599473332;1.0;1.0;1.0
206763_14;0;14;1;0.7016279526143493;1.0;1.0;1.0
207275_14;1;14;0;0.5534232647170995;1.0;1.0;1.0
210969_14;1;14;0;0.803794031874797;1.0;1.0;1.0
213792_14;0;14;1;0.7155546731542175;1.0;1.0;1.0
