Case ID,Actual,Prefix Length,Prediction,Prediction Probability
204906_5,0,5,1,0.5004005612963169
204987_5,1,5,1,0.5004932106950439
205143_5,0,5,1,0.5011123859789602
205721_5,1,5,1,0.500940614608388
208499_5,0,5,1,0.5004527746827494
208598_5,0,5,1,0.501089527191379
212289_5,1,5,1,0.5010625125258753
213822_5,1,5,0,0.5031775059816466
