Case ID,Actual,Prefix Length,Prediction,Prediction Probability
205080_13,1,13,0,0.6506610776752297
205586_13,0,13,0,0.5039119969902368
206627_13,1,13,1,0.6031453333232694
210248_13,1,13,1,0.5298818784709488
211564_13,0,13,1,0.6352923146283691
211724_13,0,13,0,0.6075993630912983
