Case ID,Actual,Prefix Length,Prediction,Prediction Probability
206904_3,1,3,0,0.5287122112207321
209781_3,0,3,0,0.5265321585051381
210107_3,0,3,0,0.5268358118165335
211029_3,1,3,0,0.5305544800415367
211507_3,1,3,0,0.5277646578877186
212671_3,0,3,0,0.5249422518454373
212698_3,0,3,0,0.5246323940470363
213192_3,1,3,0,0.5305946624965696
