"Case ID;Actual;Prefix Length;Prediction;Prediction Probability;SHAP Subset Stability;SHAP Weight Stability;SHAP Adjusted Weight Stability";LIME Subset Stability;LIME Weight Stability;LIME Adjusted Weight Stability
"205876_2;0;2;0;0.535089710950508;1.0;1.0;1.0";0.8784722222222222;0.9998281889952391;0.9998281889952391
"205924_2;0;2;0;0.533091553215443;1.0;1.0;1.0";1.0;0.9998110123966538;0.9998110123966538
"206360_2;1;2;0;0.5187590741305579;1.0;1.0;1.0";0.7699610516066212;0.9999779130524142;0.9999779130524142
"207044_2;0;2;0;0.551322829488228;1.0;1.0;1.0";1.0;0.9999704604319268;0.9999704604319268
"208601_2;1;2;0;0.5145824758316073;1.0;1.0;1.0";1.0;0.9999577777168442;0.9999577777168442
"212012_2;1;2;0;0.56173265070773;1.0;1.0;1.0";1.0;0.9999632701664499;0.9999632701664499
"212274_2;1;2;0;0.5217960146241576;1.0;1.0;1.0";1.0;0.9998830823233369;0.9998830823233369
"212947_2;0;2;0;0.5089462739070683;1.0;1.0;1.0";1.0;0.9998092825832483;0.9998092825832483
