Case ID,Actual,Prefix Length,Prediction,Prediction Probability
204721_11,0,11,0,0.7407942005124794
205415_11,1,11,1,0.5475284173279967
207071_11,0,11,1,0.5165031555483262
207328_11,1,11,1,0.6784879639855461
207726_11,0,11,0,0.8677513978366136
208181_11,1,11,0,0.6853846614276412
212674_11,1,11,1,0.629868107926794
213076_11,0,11,1,0.7659405497982531
