Case ID;Actual;Prefix Length;Prediction;Prediction Probability;SHAP Subset Stability;SHAP Weight Stability;SHAP Adjusted Weight Stability
205583_4;0;4;0;0.589601589976094;1.0;1.0;1.0
206123_4;1;4;0;0.5192117394249292;1.0;1.0;1.0
206258_4;1;4;0;0.5302140169324374;1.0;1.0;1.0
206366_4;0;4;0;0.5101347607141598;1.0;1.0;1.0
206624_4;1;4;0;0.507324871074336;1.0;1.0;1.0
207708_4;0;4;0;0.6512461766724149;1.0;1.0;1.0
208002_4;0;4;0;0.5014118879977685;1.0;1.0;1.0
211287_4;1;4;0;0.5359031907421794;1.0;1.0;1.0
