Case ID;Actual;Prefix Length;Prediction;Prediction Probability;SHAP Subset Stability;SHAP Weight Stability;SHAP Adjusted Weight Stability
206053.0;1.0;1.0;0.0;0.5300946726921456;1.0;1.0;1.0
206162.0;1.0;1.0;0.0;0.5301661272003284;1.0;1.0;1.0
206633.0;1.0;1.0;0.0;0.5300384088180844;1.0;1.0;1.0
207488.0;0.0;1.0;0.0;0.5301754110962483;1.0;1.0;1.0
208343.0;0.0;1.0;0.0;0.5301247699916797;1.0;1.0;1.0
210890.0;0.0;1.0;0.0;0.5300251290833178;1.0;1.0;1.0
211044.0;1.0;1.0;0.0;0.530245176858988;1.0;1.0;1.0
212118.0;0.0;1.0;0.0;0.530157248521578;1.0;1.0;1.0
