Case ID;Actual;Prefix Length;Prediction;Prediction Probability;SHAP Subset Stability;SHAP Weight Stability;SHAP Adjusted Weight Stability
206904_3;1;3;0;0.5287122112207321;1.0;1.0;1.0
209781_3;0;3;0;0.5265321585051381;1.0;1.0;1.0
210107_3;0;3;0;0.5268358118165335;1.0;1.0;1.0
211029_3;1;3;0;0.5305544800415367;1.0;1.0;1.0
211507_3;1;3;0;0.5277646578877186;1.0;1.0;1.0
212671_3;0;3;0;0.5249422518454373;1.0;1.0;1.0
212698_3;0;3;0;0.5246323940470363;1.0;1.0;1.0
213192_3;1;3;0;0.5305946624965696;1.0;1.0;1.0
