Case ID,Actual,Prefix Length,Prediction,Prediction Probability
205388_12,0,12,1,0.7125978003137323
205474_12,0,12,0,0.5020513256743532
206627_12,1,12,1,0.7904174431228151
207461_12,1,12,1,0.5378384482291072
209910_12,0,12,0,0.7400992938094298
211360_12,0,12,1,0.6726250275571372
212355_12,1,12,1,0.6384216445330833
212602_12,1,12,1,0.5996265376387604
