Case ID,Actual,Prefix Length,Prediction,Prediction Probability
205319_14,0,14,0,0.6214001233275223
206198_14,1,14,0,0.9744707901992935
206438_14,1,14,1,0.5148466215321762
206727_14,0,14,0,0.6456078599473332
206763_14,0,14,1,0.7016279526143493
207275_14,1,14,0,0.5534232647170995
210969_14,1,14,0,0.803794031874797
213792_14,0,14,1,0.7155546731542175
