Case ID;Actual;Prefix Length;Prediction;Prediction Probability;SHAP Subset Stability;SHAP Weight Stability;SHAP Adjusted Weight Stability;LIME Subset Stability;LIME Weight Stability;LIME Adjusted Weight Stability
205256_12;0;12;0;0.9652450570496852;1.0;1.0;1.0;-0.09471054743066798;0.9875656941209496;0.9875656941209496
206910_12;1;12;0;0.5438667713685986;1.0;1.0;1.0;-0.05989772933502713;0.9911177882268517;0.9911177882268517
208136_12;0;12;1;0.9725198977259925;1.0;1.0;1.0;-0.14648435168024898;0.9905561832957309;0.9905561832957309
208997_12;1;12;0;0.80627641476616;1.0;1.0;1.0;0.1656913155243448;0.9935964278450831;0.9935964278450831
209437_12;0;12;0;0.9648897571940168;1.0;1.0;1.0;0.10997930117547794;0.9840034563039474;0.9840034563039474
211323_12;1;12;1;0.560201566614622;1.0;1.0;1.0;-0.0633971899183372;0.989129598007599;0.989129598007599
212012_12;1;12;0;0.8126777085164676;1.0;1.0;1.0;-0.05241873115611839;0.988143603611178;0.988143603611178
213076_12;0;12;1;0.8059820355897968;1.0;1.0;1.0;-0.07284098358046331;0.9841538840735333;0.9841538840735333
