Case ID,Actual,Prefix Length,Prediction,Prediction Probability
205465_18,0,18,0,0.9995988389888566
205598_18,1,18,0,0.6840190262433699
205867_18,1,18,1,0.684284363150318
208934_18,0,18,0,0.7638764756235261
211125_18,1,18,1,0.9866375949072167
211176_18,0,18,1,0.5980067152281983
