Case ID,Actual,Prefix Length,Prediction,Prediction Probability
205791_8,0,8,0,0.6740968697491446
207506_8,1,8,0,0.5858651517822915
211275_8,0,8,0,0.6104841077477215
212632_8,1,8,0,0.5766818097785543
212851_8,1,8,0,0.6668987100869097
213711_8,0,8,0,0.8632819709640267
