Case ID,Actual,Prefix Length,Prediction,Prediction Probability
206050.0,0.0,1.0,0.0,0.5300985860974112
207029.0,1.0,1.0,0.0,0.5302366152826188
207089.0,0.0,1.0,0.0,0.5302209585163946
207200.0,1.0,1.0,0.0,0.5301903791934154
211576.0,0.0,1.0,0.0,0.5301575616938748
213995.0,1.0,1.0,0.0,0.5302154415417657
