Case ID,Actual,Prefix Length,Prediction,Prediction Probability
204562_14,1,14,1,0.6492847271469185
206408_14,1,14,0,0.560993410849451
206952_14,0,14,0,0.7539759960128481
207089_14,0,14,0,0.8774488281203522
210467_14,1,14,1,0.5826630019913739
210617_14,0,14,0,0.9255956328769006
211281_14,1,14,0,0.7128296932041689
212608_14,0,14,1,0.7582203359200463
