Case ID,Actual,Prefix Length,Prediction,Prediction Probability
205499_8,0,8,0,0.7829885928075256
205508_8,1,8,0,0.7176304438446199
206913_8,0,8,1,0.5390713820737686
207242_8,0,8,0,0.6039096312968797
207377_8,1,8,1,0.5593246016170862
210467_8,1,8,0,0.5173969702663658
212012_8,1,8,0,0.7328914923185912
212608_8,0,8,1,0.6120838331474603
