Case ID;Actual;Prefix Length;Prediction;Prediction Probability;SHAP Subset Stability;SHAP Weight Stability;SHAP Adjusted Weight Stability;LIME Subset Stability;LIME Weight Stability;LIME Adjusted Weight Stability
206904_3;1;3;0;0.5287122112207321;1.0;1.0;1.0;1.0;0.9999886411250104;0.9999886411250104
209781_3;0;3;0;0.5265321585051381;1.0;1.0;1.0;1.0;0.9999910098329363;0.9999910098329363
210107_3;0;3;0;0.5268358118165335;1.0;1.0;1.0;1.0;0.9999851703590598;0.9999851703590598
211029_3;1;3;0;0.5305544800415367;1.0;1.0;1.0;1.0;0.9999916553565161;0.9999916553565161
211507_3;1;3;0;0.5277646578877186;1.0;1.0;1.0;1.0;0.9999897921588686;0.9999897921588686
212671_3;0;3;0;0.5249422518454373;1.0;1.0;1.0;1.0;0.999991144739727;0.999991144739727
212698_3;0;3;0;0.5246323940470363;1.0;1.0;1.0;1.0;0.9999920621928319;0.9999920621928319
213192_3;1;3;0;0.5305946624965696;1.0;1.0;1.0;1.0;0.9999885924189588;0.9999885924189588
