Case ID,Actual,Prefix Length,Prediction,Prediction Probability
204685_3,0,3,0,0.5360055089325612
204885_3,1,3,0,0.5312985587520451
204987_3,1,3,0,0.530199558497009
209559_3,0,3,0,0.5290376349469961
212563_3,0,3,0,0.5239896311633556
212875_3,1,3,0,0.5390648148410684
