Case ID;Actual;Prefix Length;Prediction;Prediction Probability;SHAP Subset Stability;SHAP Weight Stability;SHAP Adjusted Weight Stability
205745_6;1;6;0;0.5334909367194143;1.0;1.0;1.0
205837_6;1;6;0;0.5336405904550898;1.0;1.0;1.0
206606_6;0;6;0;0.5287167768282569;1.0;1.0;1.0
206751_6;0;6;0;0.5346601478234252;1.0;1.0;1.0
211257_6;1;6;0;0.530076046792886;1.0;1.0;1.0
212737_6;0;6;0;0.5270347787060987;1.0;1.0;1.0
212947_6;0;6;0;0.533667468726045;1.0;1.0;1.0
213675_6;1;6;0;0.5295365363008433;1.0;1.0;1.0
