Case ID,Actual,Prefix Length,Prediction,Prediction Probability
206357_15,0,15,0,0.5834218916275653
206709_15,0,15,0,0.999902458845712
207215_15,1,15,1,0.7957017763120081
207792_15,0,15,0,0.5316802398339091
210830_15,1,15,1,0.6222091315797743
214052_15,1,15,1,0.5206209242536921
