Case ID,Actual,Prefix Length,Prediction,Prediction Probability
206053.0,1.0,1.0,0.0,0.5300946726921456
206162.0,1.0,1.0,0.0,0.5301661272003284
206633.0,1.0,1.0,0.0,0.5300384088180844
207488.0,0.0,1.0,0.0,0.5301754110962483
208343.0,0.0,1.0,0.0,0.5301247699916797
210890.0,0.0,1.0,0.0,0.5300251290833178
211044.0,1.0,1.0,0.0,0.530245176858988
212118.0,0.0,1.0,0.0,0.530157248521578
