Case ID,Actual,Prefix Length,Prediction,Prediction Probability
204999_8,0,8,0,0.5793036674518646
206267_8,1,8,0,0.6234255654936021
207852_8,1,8,0,0.6597525620587501
207867_8,0,8,1,0.7805965226212503
209260_8,1,8,1,0.573710733305426
209502_8,1,8,1,0.5921265587910253
210086_8,0,8,1,0.8169013219921538
212776_8,0,8,1,0.5370183708421683
