Case ID,Actual,Prefix Length,Prediction,Prediction Probability
205766_20,1,20,0,0.7475488696816376
206700_20,0,20,0,0.9988243138143423
208817_20,0,20,1,0.6290485554511658
210365_20,1,20,0,0.949743431400774
210969_20,1,20,1,0.9361193702408458
212118_20,0,20,0,0.7720222094682403
