Case ID,Actual,Prefix Length,Prediction,Prediction Probability
204993_11,0,11,0,0.6441396619223749
207200_11,1,11,0,0.6480122005200313
208382_11,0,11,1,0.5698116822194931
208730_11,1,11,1,0.5660950462471994
211275_11,0,11,0,0.6434138865533863
212875_11,1,11,1,0.6505708210261086
