Case ID;Actual;Prefix Length;Prediction;Prediction Probability;SHAP Subset Stability;SHAP Weight Stability;SHAP Adjusted Weight Stability;LIME Subset Stability;LIME Weight Stability;LIME Adjusted Weight Stability
204586_13;0;13;1;0.7910562720959963;1.0;1.0;1.0;0.8142121904498142;0.9733690068088595;0.9733690068088595
206261_13;1;13;0;0.5364460565470619;1.0;1.0;1.0;0.8444631259596744;0.9715083369829939;0.9715083369829939
206357_13;0;13;1;0.538836408962416;1.0;1.0;1.0;0.8484220238405795;0.9756028276203949;0.9756028276203949
208790_13;1;13;0;0.8354686811496836;1.0;1.0;1.0;0.8246651117007617;0.9800844548544284;0.9800844548544284
210197_13;1;13;1;0.5470472941103796;1.0;1.0;1.0;0.8288934217754899;0.9827423907396224;0.9827423907396224
212298_13;0;13;1;0.5781728830899466;1.0;1.0;1.0;0.8892621758110074;0.9619027781339021;0.9619027781339021
212428_13;0;13;1;0.8800706093910184;1.0;1.0;1.0;0.872996339770289;0.953092049976482;0.953092049976482
212851_13;1;13;0;0.6881004123624797;1.0;1.0;1.0;0.8649710232848105;0.9753466288540412;0.9753466288540412
