Case ID,Actual,Prefix Length,Prediction,Prediction Probability
206132_5,0,5,0,0.5330874426537529
208283_5,0,5,0,0.5286748745252385
209461_5,0,5,0,0.5288090713143866
211955_5,1,5,0,0.5324357721056925
212950_5,1,5,0,0.528564564805649
214226_5,1,5,0,0.5290462963806328
