Case ID;Actual;Prefix Length;Prediction;Prediction Probability;SHAP Subset Stability;SHAP Weight Stability;SHAP Adjusted Weight Stability
205499_8;0;8;0;0.7829885928075256;1.0;1.0;1.0
205508_8;1;8;0;0.7176304438446199;1.0;1.0;1.0
206913_8;0;8;1;0.5390713820737686;1.0;1.0;1.0
207242_8;0;8;0;0.6039096312968797;1.0;1.0;1.0
207377_8;1;8;1;0.5593246016170862;1.0;1.0;1.0
210467_8;1;8;0;0.5173969702663658;1.0;1.0;1.0
212012_8;1;8;0;0.7328914923185912;1.0;1.0;1.0
212608_8;0;8;1;0.6120838331474603;1.0;1.0;1.0
