"Case ID;Actual;Prefix Length;Prediction;Prediction Probability;SHAP Subset Stability;SHAP Weight Stability;SHAP Adjusted Weight Stability";LIME Subset Stability;LIME Weight Stability;LIME Adjusted Weight Stability
"205745_6;1;6;0;0.5334909367194143;1.0;1.0;1.0";1.0;0.9999924136955933;0.9999924136955933
"205837_6;1;6;0;0.5336405904550898;1.0;1.0;1.0";1.0;0.9999964255103828;0.9999964255103828
"206606_6;0;6;0;0.5287167768282569;1.0;1.0;1.0";1.0;0.9999957545424708;0.9999957545424708
"206751_6;0;6;0;0.5346601478234252;1.0;1.0;1.0";1.0;0.9999963839627309;0.9999963839627309
"211257_6;1;6;0;0.530076046792886;1.0;1.0;1.0";1.0;0.999996869869641;0.999996869869641
"212737_6;0;6;0;0.5270347787060987;1.0;1.0;1.0";1.0;0.9999939665441006;0.9999939665441006
"212947_6;0;6;0;0.533667468726045;1.0;1.0;1.0";1.0;0.9999889375108748;0.9999889375108748
"213675_6;1;6;0;0.5295365363008433;1.0;1.0;1.0";1.0;0.9999972503967338;0.9999972503967338
