Case ID,Actual,Prefix Length,Prediction,Prediction Probability
205754_2,0,2,0,0.5229701711849726
206606_2,0,2,0,0.5095661152282178
208817_2,0,2,0,0.552883191723123
209742_2,1,2,0,0.533608102384994
210509_2,1,2,0,0.5023132510012688
213261_2,1,2,0,0.5568353131011514
