Case ID,Actual,Prefix Length,Prediction,Prediction Probability
206050_9,0,9,0,0.684038555033156
207116_9,0,9,0,0.5640152266545225
207413_9,1,9,0,0.5131683930779575
208002_9,0,9,1,0.5769855530367656
208778_9,1,9,1,0.7343904336699338
210197_9,1,9,1,0.624941143338103
210563_9,0,9,0,0.5569767343621461
213234_9,1,9,0,0.731079035755804
