Case ID,Actual,Prefix Length,Prediction,Prediction Probability
Case208_7,1,7,1,0.99941266
Case238_7,1,7,1,0.99997985
Case269_7,0,7,0,0.99941194
Case274_7,0,7,0,0.9996184
Case32_7,1,7,1,0.99993813
Case3_7,0,7,0,0.9995863
Case78_7,1,7,1,0.99987054
Case89_7,0,7,0,0.9991673
