Case ID,Actual,Prefix Length,Prediction,Prediction Probability
Case178_11,0,11,0,0.9970474
Case188_11,1,11,1,0.9993888
Case209_11,0,11,0,0.9978002
Case235_11,1,11,1,0.99932456
Case266_11,1,11,1,0.99931383
Case269_11,0,11,0,0.9996737
Case89_11,0,11,0,0.9987961
Case95_11,1,11,1,0.9999418
