Case ID,Actual,Prefix Length,Prediction,Prediction Probability
Case129_6,0,6,0,0.9999312
Case12_6,0,6,0,0.9996965
Case179_6,1,6,1,0.99972695
Case187_6,1,6,1,0.99983466
Case218_6,0,6,0,0.9993699
Case223_6,0,6,0,0.9996912
Case230_6,1,6,1,0.99965215
Case75_6,1,6,1,0.9996536
