Case ID,Actual,Prefix Length,Prediction,Prediction Probability
Case119_7,0,7,1,0.99091727
Case124_7,0,7,0,0.9990239
Case208_7,1,7,1,0.99987066
Case219_7,1,7,1,0.9998
Case3_7,0,7,0,0.9990105
Case78_7,1,7,1,0.99989474
