Case ID,Actual,Prefix Length,Prediction,Prediction Probability
Case122_11,0,11,0,0.9999111
Case248_11,1,11,1,0.99955183
Case256_11,1,11,1,0.9994103
Case259_11,1,11,1,0.9998258
Case269_11,0,11,0,0.9996754
Case83_11,0,11,0,0.94171774
