Case ID,Actual,Prefix Length,Prediction,Prediction Probability
Case195_8,0,8,0,0.9785953
Case225_8,1,8,1,0.9962172
Case231_8,1,8,0,0.9387778
Case248_8,1,8,1,0.97749376
Case273_8,0,8,0,0.99425423
Case27_8,0,8,0,0.98609316
Case46_8,0,8,0,0.9937789
Case95_8,1,8,1,0.9878776
