Case ID;Actual;Prefix Length;Prediction;Prediction Probability;SHAP Subset Stability;SHAP Weight Stability;SHAP Adjusted Weight Stability;LIME Subset Stability;LIME Weight Stability;LIME Adjusted Weight Stability
Case208_2;1;2;1;0.96185946;1.0;1.0;1.0;1.0;0.9366780374742846;0.9366780374742846
Case235_2;1;2;1;0.96831435;1.0;0.9999999999999997;0.9999999999999997;1.0;0.9617068361204913;0.9617068361204913
Case242_2;1;2;1;0.9793742;1.0;1.0;1.0;0.9513045261161512;0.9660618753311165;0.9660618753311165
Case274_2;0;2;0;0.99013364;1.0;1.0;1.0;0.9448016733808491;0.9556230176833007;0.9556230176833007
Case64_2;0;2;1;0.9955857;1.0;1.0;1.0;1.0;0.9679968459886948;0.9679968459886948
Case72_2;0;2;0;0.95387584;1.0;1.0;1.0;1.0;0.9689968703822416;0.9689968703822416
Case86_2;0;2;1;0.9202878;1.0;1.0;1.0;1.0;0.973396714871893;0.973396714871893
Case92_2;1;2;1;0.955302;1.0;0.9999999999999947;0.9999999999999947;1.0;0.9511991963792056;0.9511991963792056
