Case ID;Actual;Prefix Length;Prediction;Prediction Probability;SHAP Subset Stability;SHAP Weight Stability;SHAP Adjusted Weight Stability;LIME Subset Stability;LIME Weight Stability;LIME Adjusted Weight Stability
Case101_14;0;14;1;0.9023371;1.0;0.9999999999998543;0.9999999999998543;-0.0003946945911232902;1.0;1.0
Case188_14;1;14;1;0.9399403;1.0;0.9999999999998543;0.9999999999998543;0.08294883996799918;1.0;1.0
Case223_14;0;14;0;0.9988828;1.0;0.9999999999998543;0.9999999999998543;0.04719486913708182;1.0;1.0
Case250_14;0;14;0;0.997871;1.0;0.9999999999998543;0.9999999999998543;0.06885693884453681;1.0;1.0
Case55_14;1;14;1;0.99793124;1.0;0.9999999999998543;0.9999999999998543;0.04719486913708182;1.0;1.0
Case61_14;1;14;1;0.9475344;1.0;0.9999999999998543;0.9999999999998543;0.09029607990488175;1.0;1.0
Case78_14;1;14;1;0.97235805;1.0;0.9999999999998543;0.9999999999998543;0.05805021054926396;1.0;1.0
Case83_14;0;14;1;0.85206336;1.0;0.9999999999998543;0.9999999999998543;-0.0032537960954448497;1.0;1.0
