Case ID;Actual;Prefix Length;Prediction;Prediction Probability;SHAP Subset Stability;SHAP Weight Stability;SHAP Adjusted Weight Stability
Case121_4;0;4;0;0.99956083;1.0;0.9999999999999998;0.9999999999999998
Case163_4;1;4;1;0.9989297;1.0;0.9999999999999903;0.9999999999999903
Case18_4;1;4;1;0.99994314;1.0;1.0;1.0
Case208_4;1;4;1;0.9998386;1.0;0.9999999999999445;0.9999999999999445
Case210_4;0;4;0;0.9988782;1.0;0.9999999999998973;0.9999999999998973
Case261_4;0;4;0;0.99922633;1.0;0.9999999999999716;0.9999999999999716
Case273_4;0;4;0;0.9997187;1.0;0.9999999999998137;0.9999999999998137
Case29_4;1;4;1;0.9999871;1.0;0.9999999999999026;0.9999999999999026
