Case ID,Actual,Prefix Length,Prediction,Prediction Probability
Case195_13,0,13,0,0.73663163
Case223_13,0,13,0,0.7080891
Case235_13,1,13,1,0.55296427
Case249_13,1,13,1,0.7547367
Case256_13,1,13,0,0.7338775
Case264_13,1,13,1,0.9951088
Case27_13,0,13,0,0.9306017
Case60_13,0,13,0,0.96625555
