Case ID;Actual;Prefix Length;Prediction;Prediction Probability;SHAP Subset Stability;SHAP Weight Stability;SHAP Adjusted Weight Stability;LIME Subset Stability;LIME Weight Stability;LIME Adjusted Weight Stability
Case122_9;0;9;0;0.939013;1.0;0.9999999999998639;0.9999999999998639;0.07912528084747295;1.0;1.0
Case12_9;0;9;0;0.7776222;1.0;0.9999999999998639;0.9999999999998639;0.026064286354843147;1.0;1.0
Case178_9;0;9;1;0.51753175;1.0;0.9999999999998639;0.9999999999998639;0.04893930396916846;1.0;1.0
Case235_9;1;9;1;0.8692358;1.0;0.9999999999998639;0.9999999999998639;-0.0015479876160993111;1.0;1.0
Case240_9;1;9;1;0.7793375;1.0;0.9999999999998639;0.9999999999998639;0.0350916439234632;1.0;1.0
Case25_9;1;9;1;0.66928244;1.0;0.9999999999998639;0.9999999999998639;0.11603536006262594;1.0;1.0
Case37_9;1;9;1;0.7942758;1.0;0.9999999999998639;0.9999999999998639;0.02574913416654112;1.0;1.0
Case43_9;0;9;0;0.91352963;1.0;0.9999999999998639;0.9999999999998639;0.0206093997077601;1.0;1.0
