Case ID;Actual;Prefix Length;Prediction;Prediction Probability;SHAP Subset Stability;SHAP Weight Stability;SHAP Adjusted Weight Stability;LIME Subset Stability;LIME Weight Stability;LIME Adjusted Weight Stability
Case103_10;1;10;1;0.9638608;1.0;0.9999999999999755;0.9999999999999755;0.9372186268992684;0.9960265053549888;0.9960265053549888
Case115_10;1;10;1;0.93871576;1.0;0.9999999999999755;0.9999999999999755;0.9372186268992684;0.9948301502606575;0.9948301502606575
Case192_10;0;10;0;0.9576727;1.0;0.9999999999999755;0.9999999999999755;0.9712716133497138;0.9954846932953153;0.9954846932953153
Case223_10;0;10;0;0.95239145;1.0;0.9999999999999969;0.9999999999999969;1.0;0.9901770700451834;0.9901770700451834
Case245_10;1;10;1;0.9669281;1.0;0.9999999999999755;0.9999999999999755;0.9372186268992684;0.9897246716132027;0.9897246716132027
Case251_10;0;10;0;0.96551436;1.0;0.9999999999999755;0.9999999999999755;0.9753263897048151;0.9966941356083435;0.9966941356083435
Case267_10;1;10;1;0.9717808;1.0;0.9999999999999755;0.9999999999999755;0.9732572250438222;0.9968443457643456;0.9968443457643456
Case41_10;0;10;0;0.97937036;1.0;0.9999999999999969;0.9999999999999969;0.9652348352793386;0.9928794474717211;0.9928794474717211
