Case ID,Actual,Prefix Length,Prediction,Prediction Probability
Case178_6,0,6,0,0.9995217
Case208_6,1,6,1,0.9997093
Case240_6,1,6,1,0.9999596
Case267_6,1,6,1,0.9999887
Case40_6,0,6,0,0.9995173
Case52_6,0,6,0,0.999548
Case73_6,1,6,1,0.9999988
Case99_6,0,6,0,0.9173528
