Case ID,Actual,Prefix Length,Prediction,Prediction Probability
Case10_2,1,2,0,0.633826
Case187_2,1,2,1,0.99989486
Case219_2,1,2,1,0.9353741
Case36_2,0,2,0,0.9326281
Case64_2,0,2,1,0.9951486
Case65_2,0,2,0,0.88884956
