Case ID;Actual;Prefix Length;Prediction;Prediction Probability;SHAP Subset Stability;SHAP Weight Stability;SHAP Adjusted Weight Stability;LIME Subset Stability;LIME Weight Stability;LIME Adjusted Weight Stability;ACV Subset Stability;ACV Weight Stability;ACV Adjusted Weight Stability;LINDA Subset Stability;LINDA Weight Stability;LINDA Adjusted Weight Stability
Case208_2;1;2;1;0.96185946;1.0;1.0;1.0;1.0;0.9366780374742846;0.9366780374742846;;1.0;1.0;1.0;1.0;1.0
Case235_2;1;2;1;0.96831435;1.0;0.9999999999999996;0.9999999999999996;1.0;0.9617068361204912;0.9617068361204912;;1.0;1.0;;1.0;1.0
Case242_2;1;2;1;0.9793742;1.0;1.0;1.0;0.9513045261161512;0.9660618753311164;0.9660618753311164;;1.0;1.0;1.0;1.0;1.0
Case274_2;0;2;0;0.99013364;1.0;1.0;1.0;0.9448016733808492;0.9556230176833008;0.9556230176833008;;1.0;1.0;;1.0;1.0
Case64_2;0;2;1;0.9955857;1.0;1.0;1.0;1.0;0.9679968459886948;0.9679968459886948;;1.0;1.0;1.0;1.0;1.0
Case72_2;0;2;0;0.95387584;1.0;1.0;1.0;1.0;0.9689968703822416;0.9689968703822416;;1.0;1.0;1.0;1.0;1.0
Case86_2;0;2;1;0.9202878;1.0;1.0;1.0;1.0;0.9733967148718928;0.9733967148718928;;1.0;1.0;1.0;1.0;1.0
Case92_2;1;2;1;0.955302;1.0;0.9999999999999948;0.9999999999999948;1.0;0.9511991963792056;0.9511991963792056;;1.0;1.0;;1.0;1.0
