Case ID,Actual,Prefix Length,Prediction,Prediction Probability
Case124_9,0,9,0,0.8407359
Case207_9,1,9,1,0.72137654
Case21_9,1,9,1,0.80600065
Case239_9,0,9,0,0.95978254
Case256_9,1,9,1,0.6878265
Case25_9,1,9,1,0.5729072
Case67_9,0,9,1,0.5361031
Case83_9,0,9,0,0.60750425
