Case ID;Actual;Prefix Length;Prediction;Prediction Probability;SHAP Subset Stability;SHAP Weight Stability;SHAP Adjusted Weight Stability
Case126;1;1;0;0.5535741;1.0;0.9999999999999997;0.9999999999999997
Case146;0;1;0;0.95291996;1.0;0.9999999999999999;0.9999999999999999
Case185;0;1;0;0.8465765;1.0;0.9999999999999997;0.9999999999999997
Case31;1;1;1;0.9926668;1.0;0.9999999999999997;0.9999999999999997
Case55;1;1;1;0.98153263;1.0;0.9999999999999905;0.9999999999999905
Case60;0;1;0;0.9999132;1.0;1.0;1.0
Case69;0;1;0;0.9439089;1.0;1.0;1.0
Case80;1;1;1;0.9393639;1.0;0.9999999999999997;0.9999999999999997
