Case ID;Actual;Prefix Length;Prediction;Prediction Probability;SHAP Subset Stability;SHAP Weight Stability;SHAP Adjusted Weight Stability
Case122_9;0;9;0;0.939013;1.0;0.9999999999998639;0.9999999999998639
Case12_9;0;9;0;0.7776222;1.0;0.9999999999998639;0.9999999999998639
Case178_9;0;9;1;0.51753175;1.0;0.9999999999998639;0.9999999999998639
Case235_9;1;9;1;0.8692358;1.0;0.9999999999998639;0.9999999999998639
Case240_9;1;9;1;0.7793375;1.0;0.9999999999998639;0.9999999999998639
Case25_9;1;9;1;0.66928244;1.0;0.9999999999998639;0.9999999999998639
Case37_9;1;9;1;0.7942758;1.0;0.9999999999998639;0.9999999999998639
Case43_9;0;9;0;0.91352963;1.0;0.9999999999998639;0.9999999999998639
