Case ID;Actual;Prefix Length;Prediction;Prediction Probability;SHAP Subset Stability;SHAP Weight Stability;SHAP Adjusted Weight Stability;LIME Subset Stability;LIME Weight Stability;LIME Adjusted Weight Stability;ACV Subset Stability;ACV Weight Stability;ACV Adjusted Weight Stability
Case208_7;1;7;1;0.99941266;1.0;0.9999999999998777;0.9999999999998777;1.0;0.9929247718747428;0.9929247718747428;;1.0;1.0
Case238_7;1;7;1;0.99997985;1.0;0.9999999999999802;0.9999999999999802;1.0;0.9836764368146867;0.9836764368146867;;1.0;1.0
Case269_7;0;7;0;0.99941194;1.0;0.9999999999998624;0.9999999999998624;1.0;0.9900615592525156;0.9900615592525156;;1.0;1.0
Case274_7;0;7;0;0.9996184000000001;1.0;0.999999999999986;0.999999999999986;1.0;0.991768331316586;0.991768331316586;;1.0;1.0
Case32_7;1;7;1;0.99993813;1.0;0.9999999999998688;0.9999999999998688;1.0;0.9927802404259188;0.9927802404259188;;1.0;1.0
Case3_7;0;7;0;0.9995863000000001;1.0;0.9999999999998788;0.9999999999998788;1.0;0.9841685811132056;0.9841685811132056;;1.0;1.0
Case78_7;1;7;1;0.99987054;1.0;0.9999999999996638;0.9999999999996638;1.0;0.9915078613871062;0.9915078613871062;;1.0;1.0
Case89_7;0;7;0;0.9991673000000001;1.0;0.9999999999997536;0.9999999999997536;1.0;0.9874325742489124;0.9874325742489124;;1.0;1.0
