Case ID,Actual,Prefix Length,Prediction,Prediction Probability
Case122_9,0,9,0,0.939013
Case12_9,0,9,0,0.7776222
Case178_9,0,9,1,0.51753175
Case235_9,1,9,1,0.8692358
Case240_9,1,9,1,0.7793375
Case25_9,1,9,1,0.66928244
Case37_9,1,9,1,0.7942758
Case43_9,0,9,0,0.91352963
