Case ID;Actual;Prefix Length;Prediction;Prediction Probability;SHAP Subset Stability;SHAP Weight Stability;SHAP Adjusted Weight Stability;LIME Subset Stability;LIME Weight Stability;LIME Adjusted Weight Stability
Case103_8;1;8;1;0.98939973;1.0;0.9999999999998667;0.9999999999998667;1.0;0.9795402105891139;0.9795402105891139
Case187_8;1;8;1;0.9744621;1.0;0.9999999999999719;0.9999999999999719;1.0;0.9851691359951924;0.9851691359951924
Case261_8;0;8;0;0.9465665;1.0;0.9999999999997463;0.9999999999997463;1.0;0.986364094381343;0.986364094381343
Case267_8;1;8;1;0.97637343;1.0;0.9999999999999719;0.9999999999999719;1.0;0.9403808866064243;0.9403808866064243
Case27_8;0;8;0;0.9539645;1.0;0.9999999999999719;0.9999999999999719;1.0;0.9199999688986265;0.9199999688986265
Case28_8;1;8;1;0.98337054;1.0;0.9999999999999719;0.9999999999999719;1.0;0.96143062149198;0.96143062149198
Case43_8;0;8;0;0.9877959;1.0;0.9999999999999479;0.9999999999999479;1.0;0.9489374690237264;0.9489374690237264
Case83_8;0;8;1;0.62009484;1.0;0.9999999999999719;0.9999999999999719;1.0;0.9598812504482406;0.9598812504482406
