Case ID,Actual,Prefix Length,Prediction,Prediction Probability
Case103_8,1,8,1,0.98939973
Case187_8,1,8,1,0.9744621
Case261_8,0,8,0,0.9465665
Case267_8,1,8,1,0.97637343
Case27_8,0,8,0,0.9539645
Case28_8,1,8,1,0.98337054
Case43_8,0,8,0,0.9877959
Case83_8,0,8,1,0.62009484
