Case ID;Actual;Prefix Length;Prediction;Prediction Probability;SHAP Subset Stability;SHAP Weight Stability;SHAP Adjusted Weight Stability
Case115_3;1;3;1;0.98039573;1.0;0.9999999999999827;0.9999999999999827
Case117_3;0;3;0;0.95361954;1.0;0.9999999999999822;0.9999999999999822
Case127_3;1;3;1;0.9400275;1.0;0.9999999999999827;0.9999999999999827
Case201_3;1;3;1;0.87901783;1.0;0.9999999999999822;0.9999999999999822
Case224_3;0;3;0;0.9083165;1.0;0.9999999999999827;0.9999999999999827
Case238_3;1;3;1;0.9997571;1.0;0.9999999999999822;0.9999999999999822
Case47_3;0;3;0;0.9820803;1.0;0.9999999999999788;0.9999999999999788
Case58_3;0;3;0;0.98281574;1.0;0.9999999999999822;0.9999999999999822
