Case ID,Actual,Prefix Length,Prediction,Prediction Probability
Case116_3,1,3,1,0.9882655
Case119_3,0,3,1,0.51035714
Case136_3,0,3,1,0.52514815
Case190_3,0,3,0,0.9782691
Case19_3,1,3,1,0.9728064
Case248_3,1,3,0,0.7970327
Case25_3,1,3,0,0.9826331
Case84_3,0,3,0,0.98550385
