Case ID,Actual,Prefix Length,Prediction,Prediction Probability
Case120_3,1,3,1,0.89278406
Case134_3,0,3,0,0.7005317
Case218_3,0,3,0,0.9539192
Case253_3,1,3,1,0.98552763
Case263_3,0,3,0,0.931319
Case277_3,1,3,1,0.8891527
