Case ID;Actual;Prefix Length;Prediction;Prediction Probability;SHAP Subset Stability;SHAP Weight Stability;SHAP Adjusted Weight Stability
Case103_10;1;10;1;0.9638608;1.0;0.9999999999999755;0.9999999999999755
Case115_10;1;10;1;0.93871576;1.0;0.9999999999999755;0.9999999999999755
Case192_10;0;10;0;0.9576727;1.0;0.9999999999999755;0.9999999999999755
Case223_10;0;10;0;0.95239145;1.0;0.9999999999999969;0.9999999999999969
Case245_10;1;10;1;0.9669281;1.0;0.9999999999999755;0.9999999999999755
Case251_10;0;10;0;0.96551436;1.0;0.9999999999999755;0.9999999999999755
Case267_10;1;10;1;0.9717808;1.0;0.9999999999999755;0.9999999999999755
Case41_10;0;10;0;0.97937036;1.0;0.9999999999999969;0.9999999999999969
