Case ID;Actual;Prefix Length;Prediction;Prediction Probability;SHAP Subset Stability;SHAP Weight Stability;SHAP Adjusted Weight Stability;LIME Subset Stability;LIME Weight Stability;LIME Adjusted Weight Stability;ACV Subset Stability;ACV Weight Stability;ACV Adjusted Weight Stability
Case178_11;0;11;0;0.99701935;1.0;0.9999999999996636;0.9999999999996636;1.0;0.9980598989074716;0.9980598989074716;;1.0;1.0
Case229_11;0;11;0;0.99990594;1.0;0.9999999999999752;0.9999999999999752;1.0;0.9916184488169829;0.9916184488169829;;1.0;1.0
Case235_11;1;11;1;0.99971956;1.0;0.9999999999999499;0.9999999999999499;1.0;0.9981120479199882;0.9981120479199882;;1.0;1.0
Case259_11;1;11;1;0.9999018;1.0;0.9999999999996956;0.9999999999996956;1.0;0.9949249916036492;0.9949249916036492;;1.0;1.0
Case25_11;1;11;1;0.9992933;1.0;0.9999999999996048;0.9999999999996048;0.7137659637659637;0.9929580967467424;0.9929580967467424;;1.0;1.0
Case274_11;0;11;0;0.998598;1.0;0.9999999999997654;0.9999999999997654;1.0;0.9967896181751732;0.9967896181751732;;1.0;1.0
Case43_11;0;11;0;0.99991536;1.0;0.9999999999999722;0.9999999999999722;0.8121100857811282;0.997509222386154;0.997509222386154;;1.0;1.0
Case61_11;1;11;1;0.9993716999999999;1.0;0.9999999999997136;0.9999999999997136;0.8330735255910626;0.9891769368092516;0.9891769368092516;;1.0;1.0
