Case ID,Actual,Prefix Length,Prediction,Prediction Probability
Case111_15,1,15,1,0.9999685
Case11_15,1,15,1,0.9999976
Case178_15,0,15,0,0.9996748
Case20_15,1,15,0,0.72340053
Case260_15,1,15,0,0.99967736
Case263_15,0,15,0,0.9999993
Case269_15,0,15,0,0.9999917
Case84_15,0,15,0,0.9999893
