Case ID,Actual,Prefix Length,Prediction,Prediction Probability
Case12_14,0,14,0,0.9455425
Case238_14,1,14,1,0.9999845
Case25_14,1,14,1,0.5290887
Case267_14,1,14,1,0.9875815
Case273_14,0,14,0,0.9999644
Case34_14,0,14,0,0.9853278
Case55_14,1,14,1,0.9389713
Case67_14,0,14,0,0.74996
