Case ID,Actual,Prefix Length,Prediction,Prediction Probability
Case102_12,1,12,1,0.879381
Case207_12,1,12,0,0.5476982
Case215_12,0,12,0,0.8869209
Case251_12,0,12,0,0.90833765
Case37_12,1,12,1,0.9710142
Case78_12,1,12,1,0.9413397
Case83_12,0,12,0,0.6348555
Case9_12,0,12,0,0.9713111
