Case ID,Actual,Prefix Length,Prediction,Prediction Probability
Case101_14,0,14,1,0.9023371
Case188_14,1,14,1,0.9399403
Case223_14,0,14,0,0.9988828
Case250_14,0,14,0,0.997871
Case55_14,1,14,1,0.99793124
Case61_14,1,14,1,0.9475344
Case78_14,1,14,1,0.97235805
Case83_14,0,14,1,0.85206336
