Case ID;Actual;Prefix Length;Prediction;Prediction Probability;SHAP Subset Stability;SHAP Weight Stability;SHAP Adjusted Weight Stability
Case12_12;0;12;0;0.95532894;1.0;0.9999999999999853;0.9999999999999853
Case155_12;0;12;0;0.98406464;1.0;0.9999999999999853;0.9999999999999853
Case194_12;1;12;1;0.97247916;1.0;0.9999999999999853;0.9999999999999853
Case19_12;1;12;1;0.675381;1.0;0.9999999999999853;0.9999999999999853
Case245_12;1;12;1;0.98844403;1.0;0.9999999999999853;0.9999999999999853
Case251_12;0;12;0;0.9605357;1.0;0.9999999999999853;0.9999999999999853
Case258_12;1;12;1;0.99806803;1.0;0.9999999999999853;0.9999999999999853
Case83_12;0;12;1;0.88906884;1.0;0.9999999999999853;0.9999999999999853
