Case ID;Actual;Prefix Length;Prediction;Prediction Probability;SHAP Subset Stability;SHAP Weight Stability;SHAP Adjusted Weight Stability;LIME Subset Stability;LIME Weight Stability;LIME Adjusted Weight Stability
Case115_3;1;3;1;0.98039573;1.0;0.9999999999999827;0.9999999999999827;0.5383820939997288;0.9734785024934169;0.9734785024934169
Case117_3;0;3;0;0.95361954;1.0;0.9999999999999822;0.9999999999999822;0.31159420289855055;0.9675336423734135;0.9675336423734135
Case127_3;1;3;1;0.9400275;1.0;0.9999999999999827;0.9999999999999827;0.4584758396913087;0.955267396088168;0.955267396088168
Case201_3;1;3;1;0.87901783;1.0;0.9999999999999822;0.9999999999999822;0.2735704780631194;0.936222504343524;0.936222504343524
Case224_3;0;3;0;0.9083165;1.0;0.9999999999999827;0.9999999999999827;1.0;-0.005785973090661756;-0.005785973090661756
Case238_3;1;3;1;0.9997571;1.0;0.9999999999999822;0.9999999999999822;1.0;0.9023645248544241;0.9023645248544241
Case47_3;0;3;0;0.9820803;1.0;0.9999999999999788;0.9999999999999788;0.7758570878274262;0.9690449222940338;0.9690449222940338
Case58_3;0;3;0;0.98281574;1.0;0.9999999999999822;0.9999999999999822;1.0;0.955684587442745;0.955684587442745
