Case ID,Actual,Prefix Length,Prediction,Prediction Probability
Case178_11,0,11,0,0.99701935
Case229_11,0,11,0,0.99990594
Case235_11,1,11,1,0.99971956
Case259_11,1,11,1,0.9999018
Case25_11,1,11,1,0.9992933
Case274_11,0,11,0,0.998598
Case43_11,0,11,0,0.99991536
Case61_11,1,11,1,0.9993717
