Case ID;Actual;Prefix Length;Prediction;Prediction Probability;SHAP Subset Stability;SHAP Weight Stability;SHAP Adjusted Weight Stability
Case208_7;1;7;1;0.99941266;1.0;0.9999999999998777;0.9999999999998777
Case238_7;1;7;1;0.99997985;1.0;0.9999999999999802;0.9999999999999802
Case269_7;0;7;0;0.99941194;1.0;0.9999999999998623;0.9999999999998623
Case274_7;0;7;0;0.9996184;1.0;0.999999999999986;0.999999999999986
Case32_7;1;7;1;0.99993813;1.0;0.9999999999998689;0.9999999999998689
Case3_7;0;7;0;0.9995863;1.0;0.9999999999998789;0.9999999999998789
Case78_7;1;7;1;0.99987054;1.0;0.9999999999996638;0.9999999999996638
Case89_7;0;7;0;0.9991673;1.0;0.9999999999997536;0.9999999999997536
