Case ID,Actual,Prefix Length,Prediction,Prediction Probability
Case215_6,0,6,0,0.9999957
Case245_6,1,6,1,0.9997948
Case55_6,1,6,1,0.9988086
Case63_6,1,6,1,0.9997483
Case67_6,0,6,0,0.99881345
Case84_6,0,6,0,0.999962
