Case ID,Actual,Prefix Length,Prediction,Prediction Probability
Case178_17,0,17,0,0.5122174
Case225_17,1,17,0,0.5122174
Case263_17,0,17,0,0.5122174
Case269_17,0,17,0,0.5122174
Case78_17,1,17,0,0.5122174
Case95_17,1,17,0,0.5122174
