Case ID;Actual;Prefix Length;Prediction;Prediction Probability;SHAP Subset Stability;SHAP Weight Stability;SHAP Adjusted Weight Stability
Case18_5;1;5;1;0.9992467;1.0;0.9999999999999998;0.9999999999999998
Case236_5;0;5;0;0.9606216;1.0;0.9999999999999156;0.9999999999999156
Case251_5;0;5;0;0.98597974;1.0;0.9999999999999998;0.9999999999999998
Case273_5;0;5;0;0.9921767;1.0;0.999999999999894;0.999999999999894
Case45_5;1;5;0;0.8424965;1.0;0.9999999999999156;0.9999999999999156
Case68_5;0;5;0;0.9995305;1.0;0.9999999999999156;0.9999999999999156
Case91_5;1;5;1;0.9920001;1.0;0.9999999999999998;0.9999999999999998
Case95_5;1;5;1;0.994557;1.0;0.9999999999999998;0.9999999999999998
