Case ID,Actual,Prefix Length,Prediction,Prediction Probability
Case101_7,0,7,1,0.8648925
Case206_7,1,7,1,0.99920976
Case245_7,1,7,1,0.9996444
Case261_7,0,7,0,0.9995324
Case268_7,1,7,1,0.9995726
Case274_7,0,7,0,0.99980074
Case34_7,0,7,0,0.9998817
Case38_7,1,7,1,0.99992204
