Case ID;Actual;Prefix Length;Prediction;Prediction Probability;SHAP Subset Stability;SHAP Weight Stability;SHAP Adjusted Weight Stability
Case208_2;1;2;1;0.96185946;1.0;1.0;1.0
Case235_2;1;2;1;0.96831435;1.0;0.9999999999999997;0.9999999999999997
Case242_2;1;2;1;0.9793742;1.0;1.0;1.0
Case274_2;0;2;0;0.99013364;1.0;1.0;1.0
Case64_2;0;2;1;0.9955857;1.0;1.0;1.0
Case72_2;0;2;0;0.95387584;1.0;1.0;1.0
Case86_2;0;2;1;0.9202878;1.0;1.0;1.0
Case92_2;1;2;1;0.955302;1.0;0.9999999999999947;0.9999999999999947
