Case ID,Actual,Prefix Length,Prediction,Prediction Probability
Case126,1,1,0,0.5535741
Case146,0,1,0,0.95291996
Case185,0,1,0,0.8465765
Case31,1,1,1,0.9926668
Case55,1,1,1,0.98153263
Case60,0,1,0,0.9999132
Case69,0,1,0,0.9439089
Case80,1,1,1,0.9393639
