Case ID;Actual;Prefix Length;Prediction;Prediction Probability;SHAP Subset Stability;SHAP Weight Stability;SHAP Adjusted Weight Stability;LIME Subset Stability;LIME Weight Stability;LIME Adjusted Weight Stability;ACV Subset Stability;ACV Weight Stability;ACV Adjusted Weight Stability
Case122_9;0;9;0;0.9390129999999999;1.0;0.999999999999864;0.999999999999864;0.07912528084747295;1.0;1.0;;1.0;1.0
Case12_9;0;9;0;0.7776221999999999;1.0;0.999999999999864;0.999999999999864;0.026064286354843147;1.0;1.0;;1.0;1.0
Case178_9;0;9;1;0.51753175;1.0;0.999999999999864;0.999999999999864;0.048939303969168464;1.0;1.0;;1.0;1.0
Case235_9;1;9;1;0.8692358;1.0;0.999999999999864;0.999999999999864;-0.0015479876160993113;1.0;1.0;;1.0;1.0
Case240_9;1;9;1;0.7793375;1.0;0.999999999999864;0.999999999999864;0.0350916439234632;1.0;1.0;;1.0;1.0
Case25_9;1;9;1;0.66928244;1.0;0.999999999999864;0.999999999999864;0.11603536006262595;1.0;1.0;;1.0;1.0
Case37_9;1;9;1;0.7942758000000001;1.0;0.999999999999864;0.999999999999864;0.025749134166541118;1.0;1.0;;1.0;1.0
Case43_9;0;9;0;0.91352963;1.0;0.999999999999864;0.999999999999864;0.0206093997077601;1.0;1.0;;1.0;1.0
