Case ID;Actual;Prefix Length;Prediction;Prediction Probability;SHAP Subset Stability;SHAP Weight Stability;SHAP Adjusted Weight Stability;LIME Subset Stability;LIME Weight Stability;LIME Adjusted Weight Stability
Case178_11;0;11;0;0.99701935;1.0;0.9999999999996635;0.9999999999996635;1.0;0.9980598989074717;0.9980598989074717
Case229_11;0;11;0;0.99990594;1.0;0.9999999999999751;0.9999999999999751;1.0;0.991618448816983;0.991618448816983
Case235_11;1;11;1;0.99971956;1.0;0.99999999999995;0.99999999999995;1.0;0.9981120479199882;0.9981120479199882
Case259_11;1;11;1;0.9999018;1.0;0.9999999999996957;0.9999999999996957;1.0;0.9949249916036492;0.9949249916036492
Case25_11;1;11;1;0.9992933;1.0;0.9999999999996049;0.9999999999996049;0.7137659637659637;0.9929580967467425;0.9929580967467425
Case274_11;0;11;0;0.998598;1.0;0.9999999999997654;0.9999999999997654;1.0;0.9967896181751732;0.9967896181751732
Case43_11;0;11;0;0.99991536;1.0;0.9999999999999722;0.9999999999999722;0.8121100857811282;0.9975092223861539;0.9975092223861539
Case61_11;1;11;1;0.9993717;1.0;0.9999999999997135;0.9999999999997135;0.8330735255910626;0.9891769368092516;0.9891769368092516
