Case ID,Actual,Prefix Length,Prediction,Prediction Probability
Case11,1,1,1,0.8771839
Case12,0,1,0,0.955367
Case136,0,1,1,0.699098
Case238,1,1,1,0.96834666
Case29,1,1,1,0.9995171
Case66,0,1,0,0.97618395
Case70,1,1,1,0.9961571
Case79,0,1,0,0.78493667
