Case ID;Actual;Prefix Length;Prediction;Prediction Probability;SHAP Subset Stability;SHAP Weight Stability;SHAP Adjusted Weight Stability
Case178_11;0;11;0;0.99701935;1.0;0.9999999999996635;0.9999999999996635
Case229_11;0;11;0;0.99990594;1.0;0.9999999999999751;0.9999999999999751
Case235_11;1;11;1;0.99971956;1.0;0.99999999999995;0.99999999999995
Case259_11;1;11;1;0.9999018;1.0;0.9999999999996957;0.9999999999996957
Case25_11;1;11;1;0.9992933;1.0;0.9999999999996049;0.9999999999996049
Case274_11;0;11;0;0.998598;1.0;0.9999999999997654;0.9999999999997654
Case43_11;0;11;0;0.99991536;1.0;0.9999999999999722;0.9999999999999722
Case61_11;1;11;1;0.9993717;1.0;0.9999999999997135;0.9999999999997135
