Case ID,Actual,Prefix Length,Prediction,Prediction Probability
Case185_9,0,9,0,0.9217984
Case18_9,1,9,1,0.98624927
Case210_9,0,9,1,0.55109525
Case249_9,1,9,1,0.6199878
Case75_9,1,9,0,0.97142607
Case96_9,0,9,1,0.5788381
