Case ID,Actual,Prefix Length,Prediction,Prediction Probability
Case18_5,1,5,1,0.9992467
Case236_5,0,5,0,0.9606216
Case251_5,0,5,0,0.98597974
Case273_5,0,5,0,0.9921767
Case45_5,1,5,0,0.8424965
Case68_5,0,5,0,0.9995305
Case91_5,1,5,1,0.9920001
Case95_5,1,5,1,0.994557
