Case ID,Actual,Prefix Length,Prediction,Prediction Probability
Case145_4,0,4,0,0.99997693
Case21_4,1,4,1,0.99998105
Case50_4,0,4,0,0.99995345
Case63_4,1,4,1,0.9998412
Case70_4,1,4,1,0.9999602
Case72_4,0,4,0,0.9998985
Case82_4,1,4,1,0.99985135
Case96_4,0,4,0,0.99915624
