Case ID;Actual;Prefix Length;Prediction;Prediction Probability;SHAP Subset Stability;SHAP Weight Stability;SHAP Adjusted Weight Stability;LIME Subset Stability;LIME Weight Stability;LIME Adjusted Weight Stability
Case129_6;0;6;0;0.9999312;1.0;0.9999999999999923;0.9999999999999923;1.0;0.969446298861429;0.969446298861429
Case12_6;0;6;0;0.9996965;1.0;0.9999999999999822;0.9999999999999822;1.0;0.9739760963307672;0.9739760963307672
Case179_6;1;6;1;0.99972695;1.0;0.9999999999999837;0.9999999999999837;1.0;0.9291061446771213;0.9291061446771213
Case187_6;1;6;1;0.99983466;1.0;0.9999999999999807;0.9999999999999807;0.9281600752188988;0.9548675581372064;0.9548675581372064
Case218_6;0;6;0;0.9993699;1.0;0.9999999999999987;0.9999999999999987;1.0;0.9422284492258628;0.9422284492258628
Case223_6;0;6;0;0.9996912;1.0;0.9999999999999795;0.9999999999999795;0.9281600752188988;0.9762335463254787;0.9762335463254787
Case230_6;1;6;1;0.99965215;1.0;0.9999999999999847;0.9999999999999847;1.0;0.9705645770605869;0.9705645770605869
Case75_6;1;6;1;0.9996536;1.0;0.9999999999994026;0.9999999999994026;1.0;0.9759803382380674;0.9759803382380674
