Case ID,Actual,Prefix Length,Prediction,Prediction Probability
Case201_14,1,14,1,0.9997652
Case249_14,1,14,1,0.99987376
Case250_14,0,14,0,0.99596244
Case263_14,0,14,0,0.95663416
Case269_14,0,14,0,0.9612158
Case37_14,1,14,1,0.9674568
