"Case ID;Actual;Prefix Length;Prediction;Prediction Probability;SHAP Subset Stability;SHAP Weight Stability;SHAP Adjusted Weight Stability";LIME Subset Stability;LIME Weight Stability;LIME Adjusted Weight Stability
"Case208_7;1;7;1;0.99941266;1.0;0.9999999999998777;0.9999999999998777";1.0;0.9929247718747428;0.9929247718747428
"Case238_7;1;7;1;0.99997985;1.0;0.9999999999999802;0.9999999999999802";1.0;0.9836764368146867;0.9836764368146867
"Case269_7;0;7;0;0.99941194;1.0;0.9999999999998623;0.9999999999998623";1.0;0.9900615592525157;0.9900615592525157
"Case274_7;0;7;0;0.9996184;1.0;0.999999999999986;0.999999999999986";1.0;0.9917683313165861;0.9917683313165861
"Case32_7;1;7;1;0.99993813;1.0;0.9999999999998689;0.9999999999998689";1.0;0.9927802404259187;0.9927802404259187
"Case3_7;0;7;0;0.9995863;1.0;0.9999999999998789;0.9999999999998789";1.0;0.9841685811132055;0.9841685811132055
"Case78_7;1;7;1;0.99987054;1.0;0.9999999999996638;0.9999999999996638";1.0;0.9915078613871062;0.9915078613871062
"Case89_7;0;7;0;0.9991673;1.0;0.9999999999997536;0.9999999999997536";1.0;0.9874325742489125;0.9874325742489125
