Case ID,Actual,Prefix Length,Prediction,Prediction Probability
Case192_10,0,10,0,0.90688264
Case201_10,1,10,1,0.97199583
Case21_10,1,10,1,0.9460246
Case251_10,0,10,0,0.98127425
Case38_10,1,10,1,0.97224253
Case43_10,0,10,0,0.98271155
