Case ID,Actual,Prefix Length,Prediction,Prediction Probability
Case12_5,0,5,0,0.97085905
Case187_5,1,5,1,0.899799
Case215_5,0,5,0,0.9760033
Case235_5,1,5,1,0.95994425
Case25_5,1,5,1,0.6786541
Case3_5,0,5,0,0.98991776
