Case ID,Actual,Prefix Length,Prediction,Prediction Probability
Case115_5,1,5,1,0.98085344
Case116_5,1,5,1,0.9742399
Case225_5,1,5,1,0.9896891
Case261_5,0,5,0,0.98273915
Case27_5,0,5,0,0.99217516
Case40_5,0,5,0,0.974176
Case44_5,1,5,1,0.9833023
Case60_5,0,5,0,0.9618501
