Case ID;Actual;Prefix Length;Prediction;Prediction Probability;SHAP Subset Stability;SHAP Weight Stability;SHAP Adjusted Weight Stability;LIME Subset Stability;LIME Weight Stability;LIME Adjusted Weight Stability
Case121_4;0;4;0;0.99956083;1.0;0.9999999999999998;0.9999999999999998;1.0;0.9570475571105671;0.9570475571105671
Case163_4;1;4;1;0.9989297;1.0;0.9999999999999903;0.9999999999999903;1.0;0.9506945711434595;0.9506945711434595
Case18_4;1;4;1;0.99994314;1.0;1.0;1.0;1.0;0.6055087449331977;0.6055087449331977
Case208_4;1;4;1;0.9998386;1.0;0.9999999999999445;0.9999999999999445;1.0;0.9498886631710628;0.9498886631710628
Case210_4;0;4;0;0.9988782;1.0;0.9999999999998973;0.9999999999998973;1.0;0.9426528211868741;0.9426528211868741
Case261_4;0;4;0;0.99922633;1.0;0.9999999999999716;0.9999999999999716;1.0;-9.41860626065951;-9.41860626065951
Case273_4;0;4;0;0.9997187;1.0;0.9999999999998137;0.9999999999998137;0.9108760802899358;0.9397871777884526;0.9397871777884526
Case29_4;1;4;1;0.9999871;1.0;0.9999999999999026;0.9999999999999026;1.0;0.9338260284170375;0.9338260284170375
