Case ID,Actual,Prefix Length,Prediction,Prediction Probability
Case12_12,0,12,0,0.95532894
Case155_12,0,12,0,0.98406464
Case194_12,1,12,1,0.97247916
Case19_12,1,12,1,0.675381
Case245_12,1,12,1,0.98844403
Case251_12,0,12,0,0.9605357
Case258_12,1,12,1,0.99806803
Case83_12,0,12,1,0.88906884
