Case ID;Actual;Prefix Length;Prediction;Prediction Probability;SHAP Subset Stability;SHAP Weight Stability;SHAP Adjusted Weight Stability
Case129_6;0;6;0;0.9999312;1.0;0.9999999999999923;0.9999999999999923
Case12_6;0;6;0;0.9996965;1.0;0.9999999999999822;0.9999999999999822
Case179_6;1;6;1;0.99972695;1.0;0.9999999999999837;0.9999999999999837
Case187_6;1;6;1;0.99983466;1.0;0.9999999999999807;0.9999999999999807
Case218_6;0;6;0;0.9993699;1.0;0.9999999999999987;0.9999999999999987
Case223_6;0;6;0;0.9996912;1.0;0.9999999999999795;0.9999999999999795
Case230_6;1;6;1;0.99965215;1.0;0.9999999999999847;0.9999999999999847
Case75_6;1;6;1;0.9996536;1.0;0.9999999999994026;0.9999999999994026
