Case ID,Actual,Prefix Length,Prediction,Prediction Probability
Case127_10,1,10,1,0.95458394
Case187_10,1,10,1,0.97595996
Case192_10,0,10,0,0.933997
Case235_10,1,10,1,0.9560837
Case260_10,1,10,1,0.9636943
Case263_10,0,10,0,0.98024184
Case46_10,0,10,0,0.9593975
Case90_10,0,10,0,0.9297626
