Case ID,Actual,Prefix Length,Prediction,Prediction Probability
Case103_10,1,10,1,0.9638608
Case115_10,1,10,1,0.93871576
Case192_10,0,10,0,0.9576727
Case223_10,0,10,0,0.95239145
Case245_10,1,10,1,0.9669281
Case251_10,0,10,0,0.96551436
Case267_10,1,10,1,0.9717808
Case41_10,0,10,0,0.97937036
