Case ID,Actual,Prefix Length,Prediction,Prediction Probability
Case208_2,1,2,1,0.96185946
Case235_2,1,2,1,0.96831435
Case242_2,1,2,1,0.9793742
Case274_2,0,2,0,0.99013364
Case64_2,0,2,1,0.9955857
Case72_2,0,2,0,0.95387584
Case86_2,0,2,1,0.9202878
Case92_2,1,2,1,0.955302
