Case ID,Actual,Prefix Length,Prediction,Prediction Probability
Case121_4,0,4,0,0.99956083
Case163_4,1,4,1,0.9989297
Case18_4,1,4,1,0.99994314
Case208_4,1,4,1,0.9998386
Case210_4,0,4,0,0.9988782
Case261_4,0,4,0,0.99922633
Case273_4,0,4,0,0.9997187
Case29_4,1,4,1,0.9999871
