Case ID;Actual;Prefix Length;Prediction;Prediction Probability;SHAP Subset Stability;SHAP Weight Stability;SHAP Adjusted Weight Stability;LIME Subset Stability;LIME Weight Stability;LIME Adjusted Weight Stability;ACV Subset Stability;ACV Weight Stability;ACV Adjusted Weight Stability
Case129_6;0;6;0;0.9999312;1.0;0.9999999999999925;0.9999999999999925;1.0;0.9694462988614291;0.9694462988614291;;1.0;1.0
Case12_6;0;6;0;0.9996965;1.0;0.9999999999999822;0.9999999999999822;1.0;0.9739760963307672;0.9739760963307672;;1.0;1.0
Case179_6;1;6;1;0.99972695;1.0;0.9999999999999836;0.9999999999999836;1.0;0.9291061446771212;0.9291061446771212;;1.0;1.0
Case187_6;1;6;1;0.99983466;1.0;0.9999999999999808;0.9999999999999808;0.9281600752188988;0.9548675581372064;0.9548675581372064;;1.0;1.0
Case218_6;0;6;0;0.9993699;1.0;0.9999999999999988;0.9999999999999988;1.0;0.9422284492258628;0.9422284492258628;;1.0;1.0
Case223_6;0;6;0;0.9996912;1.0;0.9999999999999796;0.9999999999999796;0.9281600752188988;0.9762335463254788;0.9762335463254788;;1.0;1.0
Case230_6;1;6;1;0.99965215;1.0;0.9999999999999848;0.9999999999999848;1.0;0.9705645770605869;0.9705645770605869;;1.0;1.0
Case75_6;1;6;1;0.9996536;1.0;0.9999999999994026;0.9999999999994026;1.0;0.9759803382380674;0.9759803382380674;;1.0;1.0
