Case ID,Actual,Prefix Length,Prediction,Prediction Probability
Case11_13,1,13,1,0.98984224
Case12_13,0,13,0,0.8400904
Case223_13,0,13,0,0.6669396
Case256_13,1,13,1,0.8830118
Case257_13,1,13,1,0.9963252
Case273_13,0,13,0,0.99572843
Case28_13,1,13,1,0.9905205
Case41_13,0,13,0,0.96916324
