Case ID,Actual,Prefix Length,Prediction,Prediction Probability
Case133_4,0,4,1,0.9995098
Case206_4,1,4,1,0.999569
Case215_4,0,4,0,0.99920994
Case266_4,1,4,1,0.99931276
Case38_4,1,4,1,0.9999759
Case64_4,0,4,1,0.9997688
