Case ID,Actual,Prefix Length,Prediction,Prediction Probability
Case104,0,1,1,0.8766639
Case175,1,1,1,0.91067004
Case261,0,1,0,0.9021148
Case40,0,1,0,0.71136916
Case45,1,1,0,0.8286265
Case48,1,1,1,0.9948763
