Case ID,Actual,Prefix Length,Prediction,Prediction Probability
Case12_12,0,12,0,0.9668636
Case240_12,1,12,1,0.9315994
Case256_12,1,12,1,0.935835
Case274_12,0,12,0,0.7403039
Case277_12,1,12,1,0.94915694
Case3_12,0,12,0,0.9670415
