Case ID,Actual,Prefix Length,Prediction,Prediction Probability
Case115_3,1,3,1,0.98039573
Case117_3,0,3,0,0.95361954
Case127_3,1,3,1,0.9400275
Case201_3,1,3,1,0.87901783
Case224_3,0,3,0,0.9083165
Case238_3,1,3,1,0.9997571
Case47_3,0,3,0,0.9820803
Case58_3,0,3,0,0.98281574
