Case ID,Actual,Prefix Length,Prediction,Prediction Probability
Case111_13,1,13,1,0.87285084
Case178_13,0,13,0,0.8489202
Case245_13,1,13,1,0.85098416
Case249_13,1,13,0,0.9909655
Case265_13,0,13,0,0.98874354
Case90_13,0,13,0,0.93213
