Case ID;Actual;Prefix Length;Prediction;Prediction Probability;SHAP Subset Stability;SHAP Weight Stability;SHAP Adjusted Weight Stability
Case103_8;1;8;1;0.98939973;1.0;0.9999999999998667;0.9999999999998667
Case187_8;1;8;1;0.9744621;1.0;0.9999999999999719;0.9999999999999719
Case261_8;0;8;0;0.9465665;1.0;0.9999999999997463;0.9999999999997463
Case267_8;1;8;1;0.97637343;1.0;0.9999999999999719;0.9999999999999719
Case27_8;0;8;0;0.9539645;1.0;0.9999999999999719;0.9999999999999719
Case28_8;1;8;1;0.98337054;1.0;0.9999999999999719;0.9999999999999719
Case43_8;0;8;0;0.9877959;1.0;0.9999999999999479;0.9999999999999479
Case83_8;0;8;1;0.62009484;1.0;0.9999999999999719;0.9999999999999719
