Case ID,Actual,Prefix Length,Prediction,Prediction Probability
Case116_2,1,2,1,0.9959752
Case145_2,0,2,0,0.9925949
Case203_2,0,2,0,0.9980834
Case238_2,1,2,1,0.9670475
Case242_2,1,2,1,0.9653466
Case47_2,0,2,0,0.99965614
Case82_2,1,2,1,0.9934888
Case83_2,0,2,0,0.58265734
