Case ID;Actual;Prefix Length;Prediction;Prediction Probability;SHAP Subset Stability;SHAP Weight Stability;SHAP Adjusted Weight Stability
Case11_13;1;13;1;0.98984224;1.0;0.9999999999999898;0.9999999999999898
Case12_13;0;13;0;0.8400904;1.0;0.9999999999999898;0.9999999999999898
Case223_13;0;13;0;0.6669396;1.0;0.9999999999999898;0.9999999999999898
Case256_13;1;13;1;0.8830118;1.0;0.9999999999999898;0.9999999999999898
Case257_13;1;13;1;0.9963252;1.0;0.9999999999999898;0.9999999999999898
Case273_13;0;13;0;0.99572843;1.0;0.9999999999999898;0.9999999999999898
Case28_13;1;13;1;0.9905205;1.0;0.9999999999999898;0.9999999999999898
Case41_13;0;13;0;0.96916324;1.0;0.9999999999999898;0.9999999999999898
