Case ID;Actual;Prefix Length;Prediction;Prediction Probability;SHAP Subset Stability;SHAP Weight Stability;SHAP Adjusted Weight Stability;LIME Subset Stability;LIME Weight Stability;LIME Adjusted Weight Stability;ACV Subset Stability;ACV Weight Stability;ACV Adjusted Weight Stability
Case103_8;1;8;1;0.98939973;1.0;0.9999999999998668;0.9999999999998668;1.0;0.979540210589114;0.979540210589114;;1.0;1.0
Case187_8;1;8;1;0.9744620999999999;1.0;0.999999999999972;0.999999999999972;1.0;0.9851691359951924;0.9851691359951924;;1.0;1.0
Case261_8;0;8;0;0.9465665000000001;1.0;0.9999999999997464;0.9999999999997464;1.0;0.986364094381343;0.986364094381343;;1.0;1.0
Case267_8;1;8;1;0.97637343;1.0;0.999999999999972;0.999999999999972;1.0;0.9403808866064244;0.9403808866064244;;1.0;1.0
Case27_8;0;8;0;0.9539645;1.0;0.999999999999972;0.999999999999972;1.0;0.9199999688986265;0.9199999688986265;;1.0;1.0
Case28_8;1;8;1;0.98337054;1.0;0.999999999999972;0.999999999999972;1.0;0.96143062149198;0.96143062149198;;1.0;1.0
Case43_8;0;8;0;0.9877959000000001;1.0;0.999999999999948;0.999999999999948;1.0;0.9489374690237264;0.9489374690237264;;1.0;1.0
Case83_8;0;8;1;0.62009484;1.0;0.999999999999972;0.999999999999972;1.0;0.9598812504482406;0.9598812504482406;;1.0;1.0
