Case ID,Actual,Prefix Length,Prediction,Prediction Probability
Case124_8,0,8,0,0.72912437
Case155_8,0,8,0,0.9800815
Case208_8,1,8,0,0.54207647
Case250_8,0,8,0,0.9987403
Case258_8,1,8,1,0.9889965
Case28_8,1,8,1,0.98964673
