Case ID,Actual,Prefix Length,Prediction,Prediction Probability
Case187_10,1,10,1,0.99531966
Case229_10,0,10,0,0.99986684
Case256_10,1,10,1,0.9994784
Case264_10,1,10,1,0.6970355
Case269_10,0,10,0,0.84269345
Case27_10,0,10,0,0.90956885
Case37_10,1,10,0,0.53499687
Case67_10,0,10,0,0.8258131
