Case ID,Actual,Prefix Length,Prediction,Prediction Probability
Case179_5,1,5,0,0.96970457
Case188_5,1,5,1,0.75354135
Case190_5,0,5,0,0.9921702
Case209_5,0,5,0,0.8857148
Case255_5,0,5,0,0.8487499
Case53_5,1,5,0,0.807396
Case56_5,0,5,0,0.99584913
Case93_5,1,5,1,0.78196007
