Case ID,Actual,Prefix Length,Prediction,Prediction Probability
Case102_4,1,4,1,0.92008144
Case185_4,0,4,0,0.92946094
Case188_4,1,4,1,0.6541074
Case201_4,1,4,1,0.690581
Case245_4,1,4,1,0.8917134
Case4_4,0,4,1,0.87289053
Case67_4,0,4,0,0.83530784
Case72_4,0,4,0,0.9279194
