Case ID;Actual;Prefix Length;Prediction;Prediction Probability;SHAP Subset Stability;SHAP Weight Stability;SHAP Adjusted Weight Stability
Case11_8;1;8;1;0.9747515;1.0;0.9999999999998478;0.9999999999998478
Case199_8;1;8;1;0.99455875;1.0;0.9999999999998477;0.9999999999998477
Case207_8;1;8;1;0.9999745;1.0;0.9999999999998478;0.9999999999998478
Case218_8;0;8;0;0.86338776;1.0;0.9999999999998478;0.9999999999998478
Case231_8;1;8;1;0.95920384;1.0;0.9999999999998478;0.9999999999998478
Case274_8;0;8;0;0.8775728;1.0;0.9999999999998478;0.9999999999998478
Case56_8;0;8;0;0.9222319;1.0;0.9999999999998477;0.9999999999998477
Case67_8;0;8;0;0.95891917;1.0;0.9999999999998478;0.9999999999998478
