Case ID;Actual;Prefix Length;Prediction;Prediction Probability;SHAP Subset Stability;SHAP Weight Stability;SHAP Adjusted Weight Stability;LIME Subset Stability;LIME Weight Stability;LIME Adjusted Weight Stability
Case103_12;1;12;1;0.9999404;1.0;0.9999999999998884;0.9999999999998884;1.0;0.9836446662548597;0.9836446662548597
Case187_12;1;12;1;0.99995124;1.0;0.9999999999998819;0.9999999999998819;1.0;0.9759798931083548;0.9759798931083548
Case192_12;0;12;0;0.99942356;1.0;0.9999999999998647;0.9999999999998647;1.0;0.9666468860856392;0.9666468860856392
Case210_12;0;12;0;0.9987803;1.0;0.9999999999998588;0.9999999999998588;1.0;0.9803805549053508;0.9803805549053508
Case263_12;0;12;0;0.9998532;1.0;0.9999999999998646;0.9999999999998646;1.0;0.981194257115479;0.981194257115479
Case267_12;1;12;1;0.9999788;1.0;0.9999999999999921;0.9999999999999921;1.0;0.9849507961948596;0.9849507961948596
Case28_12;1;12;1;0.99977845;1.0;0.9999999999998552;0.9999999999998552;1.0;0.9870512615011136;0.9870512615011136
Case83_12;0;12;1;0.6259227;1.0;0.9999999999998778;0.9999999999998778;1.0;0.9603706080524329;0.9603706080524329
