Case ID,Actual,Prefix Length,Prediction,Prediction Probability
Case194_5,1,5,1,0.9673843
Case195_5,0,5,0,0.9734892
Case239_5,0,5,0,0.85408247
Case257_5,1,5,1,0.9404171
Case32_5,1,5,1,0.9997538
Case44_5,1,5,1,0.92051244
Case84_5,0,5,0,0.97998315
Case86_5,0,5,0,0.98380387
