Case ID;Actual;Prefix Length;Prediction;Prediction Probability;SHAP Subset Stability;SHAP Weight Stability;SHAP Adjusted Weight Stability
Case116_7;1;7;1;0.9851377;1.0;0.9999999999999484;0.9999999999999484
Case239_7;0;7;0;0.93320113;1.0;0.9999999999999751;0.9999999999999751
Case251_7;0;7;0;0.9915581;1.0;0.9999999999999484;0.9999999999999484
Case256_7;1;7;1;0.9231344;1.0;0.9999999999999484;0.9999999999999484
Case264_7;1;7;1;0.81852734;1.0;0.9999999999999484;0.9999999999999484
Case38_7;1;7;1;0.98443896;1.0;0.9999999999999484;0.9999999999999484
Case39_7;0;7;0;0.9715389;1.0;0.9999999999999484;0.9999999999999484
Case71_7;0;7;0;0.94874084;1.0;0.9999999999999751;0.9999999999999751
