Case ID,Actual,Prefix Length,Prediction,Prediction Probability
Case101,0,1,0,0.9743515
Case142,0,1,0,0.9500927
Case178,0,1,0,0.9132924
Case187,1,1,1,0.96907085
Case249,1,1,1,0.9571291
Case92,1,1,1,0.95308805
