Case ID;Actual;Prefix Length;Prediction;Prediction Probability;SHAP Subset Stability;SHAP Weight Stability;SHAP Adjusted Weight Stability;LIME Subset Stability;LIME Weight Stability;LIME Adjusted Weight Stability
Case18_9;1;9;1;0.99671423;1.0;0.9999999999924338;0.9999999999924338;1.0;0.9724833165366471;0.9724833165366471
Case192_9;0;9;0;0.8865348;1.0;0.9999999999924338;0.9999999999924338;1.0;0.9515758679060453;0.9515758679060453
Case223_9;0;9;0;0.9395822;1.0;0.9999999999924338;0.9999999999924338;1.0;0.9723462111680546;0.9723462111680546
Case229_9;0;9;0;0.9342332;1.0;0.9999999999924338;0.9999999999924338;1.0;0.9659505732652094;0.9659505732652094
Case248_9;1;9;1;0.9160586;1.0;0.9999999999924338;0.9999999999924338;1.0;0.9714070441390245;0.9714070441390245
Case261_9;0;9;0;0.86230195;1.0;0.9999999999924338;0.9999999999924338;1.0;0.9427492650848148;0.9427492650848148
Case32_9;1;9;1;0.959211;1.0;0.9999999999924338;0.9999999999924338;1.0;0.7909154174463897;0.7909154174463897
Case75_9;1;9;1;0.7976565;1.0;0.9999999999924338;0.9999999999924338;1.0;0.9638211017141354;0.9638211017141354
