Case ID,Actual,Prefix Length,Prediction,Prediction Probability
Case225_5,1,5,0,0.62719953
Case257_5,1,5,1,0.9826848
Case27_5,0,5,0,0.91681665
Case71_5,0,5,0,0.9910165
Case89_5,0,5,0,0.7088798
Case91_5,1,5,1,0.9315334
