Case ID,Actual,Prefix Length,Prediction,Prediction Probability
Case11_8,1,8,1,0.9747515
Case199_8,1,8,1,0.99455875
Case207_8,1,8,1,0.9999745
Case218_8,0,8,0,0.86338776
Case231_8,1,8,1,0.95920384
Case274_8,0,8,0,0.8775728
Case56_8,0,8,0,0.9222319
Case67_8,0,8,0,0.95891917
