Case ID;Actual;Prefix Length;Prediction;Prediction Probability;SHAP Subset Stability;SHAP Weight Stability;SHAP Adjusted Weight Stability;LIME Subset Stability;LIME Weight Stability;LIME Adjusted Weight Stability
Case187_2;1;2;1;0.99995697;1.0;0.9999999999992326;0.9999999999992326;1.0;0.9094797136640566;0.9094797136640566
Case1_2;1;2;1;0.99999297;1.0;0.9999999999999696;0.9999999999999696;1.0;0.9272876665219949;0.9272876665219949
Case241_2;1;2;1;0.999892;1.0;0.9999999999999012;0.9999999999999012;1.0;0.8783212878808297;0.8783212878808297
Case34_2;0;2;0;0.99991083;1.0;0.9999999999999547;0.9999999999999547;1.0;0.9035804865036662;0.9035804865036662
Case66_2;0;2;0;0.9999677;1.0;0.9999999999999486;0.9999999999999486;1.0;0.8932560253711851;0.8932560253711851
Case76_2;0;2;0;0.99996996;1.0;0.9999999999991339;0.9999999999991339;1.0;0.9353366091014504;0.9353366091014504
Case80_2;1;2;1;0.9999876;1.0;0.9999999999998699;0.9999999999998699;1.0;0.9317864313194684;0.9317864313194684
Case86_2;0;2;1;0.99773103;1.0;0.9999999999998439;0.9999999999998439;1.0;0.939877221589517;0.939877221589517
