Case ID;Actual;Prefix Length;Prediction;Prediction Probability;SHAP Subset Stability;SHAP Weight Stability;SHAP Adjusted Weight Stability
Case194_5;1;5;1;0.9673843;1.0;0.9999999999996015;0.9999999999996015
Case195_5;0;5;0;0.9734892;1.0;0.9999999999996017;0.9999999999996017
Case239_5;0;5;0;0.85408247;1.0;0.9999999999996017;0.9999999999996017
Case257_5;1;5;1;0.9404171;1.0;0.9999999999996015;0.9999999999996015
Case32_5;1;5;1;0.9997538;1.0;0.9999999999996015;0.9999999999996015
Case44_5;1;5;1;0.92051244;1.0;0.9999999999996017;0.9999999999996017
Case84_5;0;5;0;0.97998315;1.0;0.9999999999996015;0.9999999999996015
Case86_5;0;5;0;0.98380387;1.0;0.9999999999996017;0.9999999999996017
