Case ID,Actual,Prefix Length,Prediction,Prediction Probability
Case18_9,1,9,1,0.99671423
Case192_9,0,9,0,0.8865348
Case223_9,0,9,0,0.9395822
Case229_9,0,9,0,0.9342332
Case248_9,1,9,1,0.9160586
Case261_9,0,9,0,0.86230195
Case32_9,1,9,1,0.959211
Case75_9,1,9,1,0.7976565
