Case ID,Actual,Prefix Length,Prediction,Prediction Probability
Case185,0,1,0,0.863094
Case205,0,1,0,0.98110235
Case249,1,1,1,0.94966775
Case253,1,1,1,0.9952486
Case26,1,1,1,0.93175477
Case38,1,1,1,0.9993936
Case68,0,1,0,0.9830615
Case76,0,1,0,0.97305435
