Case ID,Actual,Prefix Length,Prediction,Prediction Probability
Case121_3,0,3,0,0.98000205
Case123_3,1,3,1,0.9103042
Case138_3,1,3,1,0.99162173
Case178_3,0,3,0,0.96399343
Case17_3,1,3,1,0.9843263
Case19_3,1,3,1,0.9940513
Case252_3,0,3,0,0.9703451
Case255_3,0,3,0,0.98516834
