Case ID,Actual,Prefix Length,Prediction,Prediction Probability
Case115_6,1,6,0,0.90919226
Case12_6,0,6,0,0.6550263
Case155_6,0,6,0,0.99132764
Case219_6,1,6,1,0.8789429
Case229_6,0,6,0,0.9819474
Case30_6,0,6,0,0.99907106
Case32_6,1,6,1,0.9998653
Case61_6,1,6,1,0.92766976
