Case ID,Actual,Prefix Length,Prediction,Prediction Probability
Case18_13,1,13,1,0.69059306
Case19_13,1,13,1,0.6675168
Case269_13,0,13,0,0.72609645
Case277_13,1,13,1,0.6094315
Case41_13,0,13,0,0.72598517
Case83_13,0,13,1,0.5300976
