Case ID,Actual,Prefix Length,Prediction,Prediction Probability
Case11_8,1,8,0,0.9207645
Case187_8,1,8,1,0.8897679
Case238_8,1,8,1,0.9920616
Case274_8,0,8,0,0.90341806
Case3_8,0,8,0,0.9847418
Case4_8,0,8,1,0.7497758
