Case ID,Actual,Prefix Length,Prediction,Prediction Probability
Case10_4,1,4,1,0.98385596
Case134_4,0,4,0,0.78002185
Case250_4,0,4,0,0.8407388
Case264_4,1,4,1,0.9949622
Case28_4,1,4,1,0.88963276
Case60_4,0,4,0,0.9342164
