Case ID;Actual;Prefix Length;Prediction;Prediction Probability;SHAP Subset Stability;SHAP Weight Stability;SHAP Adjusted Weight Stability;LIME Subset Stability;LIME Weight Stability;LIME Adjusted Weight Stability;ACV Subset Stability;ACV Weight Stability;ACV Adjusted Weight Stability;LINDA Subset Stability;LINDA Weight Stability;LINDA Adjusted Weight Stability
Case103_12;1;12;1;0.9999404;1.0;0.9999999999998884;0.9999999999998884;1.0;0.9836446662548596;0.9836446662548596;;1.0;1.0;;1.0;1.0
Case187_12;1;12;1;0.99995124;1.0;0.9999999999998821;0.9999999999998821;1.0;0.9759798931083548;0.9759798931083548;;1.0;1.0;;1.0;1.0
Case192_12;0;12;0;0.99942356;1.0;0.9999999999998648;0.9999999999998648;1.0;0.9666468860856392;0.9666468860856392;;1.0;1.0;1.0;1.0;1.0
Case210_12;0;12;0;0.9987803;1.0;0.9999999999998588;0.9999999999998588;1.0;0.9803805549053508;0.9803805549053508;;1.0;1.0;1.0;1.0;1.0
Case263_12;0;12;0;0.9998532;1.0;0.9999999999998646;0.9999999999998646;1.0;0.9811942571154788;0.9811942571154788;;1.0;1.0;1.0;1.0;1.0
Case267_12;1;12;1;0.9999788;1.0;0.9999999999999921;0.9999999999999921;1.0;0.9849507961948596;0.9849507961948596;;1.0;1.0;;1.0;1.0
Case28_12;1;12;1;0.99977845;1.0;0.9999999999998552;0.9999999999998552;1.0;0.9870512615011136;0.9870512615011136;;1.0;1.0;;1.0;1.0
Case83_12;0;12;1;0.6259226999999999;1.0;0.9999999999998778;0.9999999999998778;1.0;0.9603706080524328;0.9603706080524328;;1.0;1.0;1.0;1.0;1.0
