Case ID,Actual,Prefix Length,Prediction,Prediction Probability
Case127_15,1,15,1,0.671784
Case223_15,0,15,0,0.57700896
Case245_15,1,15,1,0.6571144
Case267_15,1,15,1,0.99346393
Case34_15,0,15,0,0.99929523
Case3_15,0,15,0,0.99997514
Case55_15,1,15,1,0.7146689
Case90_15,0,15,1,0.671784
