Case ID;Actual;Prefix Length;Prediction;Prediction Probability;SHAP Subset Stability;SHAP Weight Stability;SHAP Adjusted Weight Stability
Case115_11;1;11;1;0.9999895;1.0;0.9999999999999808;0.9999999999999808
Case119_11;0;11;1;0.9999943;1.0;0.9999999999998954;0.9999999999998954
Case135_11;1;11;1;0.9998486;1.0;0.9999999999998952;0.9999999999998952
Case239_11;0;11;0;0.9999994;1.0;0.9999999999998799;0.9999999999998799
Case250_11;0;11;0;0.9998242;1.0;0.999999999999895;0.999999999999895
Case258_11;1;11;1;0.9999534;1.0;0.99999999999988;0.99999999999988
Case266_11;1;11;1;0.999941;1.0;0.9999999999998936;0.9999999999998936
Case83_11;0;11;1;1.0;1.0;0.9999999999999981;0.9999999999999981
