Case ID;Actual;Prefix Length;Prediction;Prediction Probability;SHAP Subset Stability;SHAP Weight Stability;SHAP Adjusted Weight Stability
Case207_14;1;14;1;0.9414344;1.0;0.9999999999997579;0.9999999999997579
Case225_14;1;14;1;0.7802285;1.0;0.9999999999997579;0.9999999999997579
Case251_14;0;14;0;0.89965564;1.0;0.9999999999997579;0.9999999999997579
Case256_14;1;14;1;0.99208695;1.0;0.9999999999997579;0.9999999999997579
Case25_14;1;14;1;0.6737944;1.0;0.9999999999997579;0.9999999999997579
Case263_14;0;14;0;0.9131813;1.0;0.9999999999997579;0.9999999999997579
Case67_14;0;14;1;0.5934497;1.0;0.9999999999997579;0.9999999999997579
Case84_14;0;14;0;0.9719318;1.0;0.9999999999997579;0.9999999999997579
