Case ID,Actual,Prefix Length,Prediction,Prediction Probability
Case136_2,0,2,1,0.82385325
Case219_2,1,2,1,0.989456
Case235_2,1,2,0,1.0
Case236_2,0,2,0,0.99994016
Case244_2,1,2,1,0.8363246
Case50_2,0,2,0,0.9999949
Case54_2,1,2,1,0.9923671
Case65_2,0,2,1,0.9936487
