Case ID,Actual,Prefix Length,Prediction,Prediction Probability
Case115_11,1,11,1,0.9999895
Case119_11,0,11,1,0.9999943
Case135_11,1,11,1,0.9998486
Case239_11,0,11,0,0.9999994
Case250_11,0,11,0,0.9998242
Case258_11,1,11,1,0.9999534
Case266_11,1,11,1,0.999941
Case83_11,0,11,1,1.0
