Case ID,Actual,Prefix Length,Prediction,Prediction Probability
Case199_7,1,7,1,0.986046
Case261_7,0,7,0,0.85314643
Case263_7,0,7,0,0.9681005
Case264_7,1,7,1,0.58988905
Case55_7,1,7,1,0.9768081
Case71_7,0,7,0,0.9396529
