Case ID,Actual,Prefix Length,Prediction,Prediction Probability
Case206_10,1,10,1,0.92813545
Case239_10,0,10,0,0.93369585
Case269_10,0,10,0,0.8992368
Case273_10,0,10,0,0.8909077
Case61_10,1,10,0,0.6184754
Case95_10,1,10,1,0.5096232
