Case ID,Actual,Prefix Length,Prediction,Prediction Probability
Case187_2,1,2,1,0.99995697
Case1_2,1,2,1,0.99999297
Case241_2,1,2,1,0.999892
Case34_2,0,2,0,0.99991083
Case66_2,0,2,0,0.9999677
Case76_2,0,2,0,0.99996996
Case80_2,1,2,1,0.9999876
Case86_2,0,2,1,0.99773103
