Case ID;Actual;Prefix Length;Prediction;Prediction Probability;SHAP Subset Stability;SHAP Weight Stability;SHAP Adjusted Weight Stability
Case102_4;1;4;1;0.92008144;1.0;0.999999999999802;0.999999999999802
Case185_4;0;4;0;0.92946094;1.0;0.9999999999999682;0.9999999999999682
Case188_4;1;4;1;0.6541074;1.0;0.999999999999774;0.999999999999774
Case201_4;1;4;1;0.690581;1.0;0.999999999999774;0.999999999999774
Case245_4;1;4;1;0.8917134;1.0;0.9999999999999682;0.9999999999999682
Case4_4;0;4;1;0.87289053;1.0;0.9999999999999682;0.9999999999999682
Case67_4;0;4;0;0.83530784;1.0;0.9999999999999682;0.9999999999999682
Case72_4;0;4;0;0.9279194;1.0;0.9999999999997905;0.9999999999997905
