Case ID,Actual,Prefix Length,Prediction,Prediction Probability
Case119_3,0,3,0,0.7533742
Case12_3,0,3,0,0.9814388
Case21_3,1,3,1,0.97532403
Case264_3,1,3,1,0.5978544
Case32_3,1,3,1,0.99400973
Case62_3,0,3,0,0.9627969
Case68_3,0,3,0,0.99290615
Case78_3,1,3,1,0.9676555
