"Case ID;Actual;Prefix Length;Prediction;Prediction Probability;SHAP Subset Stability;SHAP Weight Stability;SHAP Adjusted Weight Stability";LIME Subset Stability;LIME Weight Stability;LIME Adjusted Weight Stability
"Case116_7;1;7;1;0.9851377;1.0;0.9999999999999484;0.9999999999999484";1.0;0.9757887619434913;0.9757887619434913
"Case239_7;0;7;0;0.93320113;1.0;0.9999999999999751;0.9999999999999751";1.0;0.9637221939605038;0.9637221939605038
"Case251_7;0;7;0;0.9915581;1.0;0.9999999999999484;0.9999999999999484";1.0;0.8981783581997805;0.8981783581997805
"Case256_7;1;7;1;0.9231344;1.0;0.9999999999999484;0.9999999999999484";1.0;0.9713617003730713;0.9713617003730713
"Case264_7;1;7;1;0.81852734;1.0;0.9999999999999484;0.9999999999999484";1.0;0.9709900076490735;0.9709900076490735
"Case38_7;1;7;1;0.98443896;1.0;0.9999999999999484;0.9999999999999484";1.0;0.9727120409069059;0.9727120409069059
"Case39_7;0;7;0;0.9715389;1.0;0.9999999999999484;0.9999999999999484";0.14823828166331743;0.9520562244505483;0.9520562244505483
"Case71_7;0;7;0;0.94874084;1.0;0.9999999999999751;0.9999999999999751";1.0;0.9529485377407758;0.9529485377407758
