Case ID;Actual;Prefix Length;Prediction;Prediction Probability;SHAP Subset Stability;SHAP Weight Stability;SHAP Adjusted Weight Stability
Case10_10;1;10;1;0.98638284;1.0;0.999999999999583;0.999999999999583
Case207_10;1;10;1;0.9994486;1.0;0.999999999999583;0.999999999999583
Case32_10;1;10;1;0.9287045;1.0;0.999999999999583;0.999999999999583
Case38_10;1;10;1;0.94220895;1.0;0.999999999999583;0.999999999999583
Case3_10;0;10;0;0.8785507;1.0;0.999999999999583;0.999999999999583
Case40_10;0;10;0;0.9859208;1.0;0.999999999999583;0.999999999999583
Case41_10;0;10;0;0.8756104;1.0;0.999999999999583;0.999999999999583
Case89_10;0;10;0;0.61596906;1.0;0.999999999999583;0.999999999999583
