Case ID;Actual;Prefix Length;Prediction;Prediction Probability;SHAP Subset Stability;SHAP Weight Stability;SHAP Adjusted Weight Stability
Case18_9;1;9;1;0.99671423;1.0;0.9999999999924338;0.9999999999924338
Case192_9;0;9;0;0.8865348;1.0;0.9999999999924338;0.9999999999924338
Case223_9;0;9;0;0.9395822;1.0;0.9999999999924338;0.9999999999924338
Case229_9;0;9;0;0.9342332;1.0;0.9999999999924338;0.9999999999924338
Case248_9;1;9;1;0.9160586;1.0;0.9999999999924338;0.9999999999924338
Case261_9;0;9;0;0.86230195;1.0;0.9999999999924338;0.9999999999924338
Case32_9;1;9;1;0.959211;1.0;0.9999999999924338;0.9999999999924338
Case75_9;1;9;1;0.7976565;1.0;0.9999999999924338;0.9999999999924338
