Case ID,Actual,Prefix Length,Prediction,Prediction Probability
Case199_7,1,7,1,0.97703105
Case239_7,0,7,0,0.891928
Case245_7,1,7,1,0.9186376
Case249_7,1,7,1,0.8492281
Case259_7,1,7,1,0.99616003
Case261_7,0,7,0,0.85255545
Case41_7,0,7,0,0.996786
Case83_7,0,7,1,0.91103977
