Case ID;Actual;Prefix Length;Prediction;Prediction Probability;SHAP Subset Stability;SHAP Weight Stability;SHAP Adjusted Weight Stability;LIME Subset Stability;LIME Weight Stability;LIME Adjusted Weight Stability
Case10_10;1;10;1;0.98638284;1.0;0.999999999999583;0.999999999999583;1.0;0.9755778235639174;0.9755778235639174
Case207_10;1;10;1;0.9994486;1.0;0.999999999999583;0.999999999999583;1.0;0.9842577235979619;0.9842577235979619
Case32_10;1;10;1;0.9287045;1.0;0.999999999999583;0.999999999999583;1.0;0.9843727542309603;0.9843727542309603
Case38_10;1;10;1;0.94220895;1.0;0.999999999999583;0.999999999999583;1.0;0.9865781556902694;0.9865781556902694
Case3_10;0;10;0;0.8785507;1.0;0.999999999999583;0.999999999999583;1.0;0.98604119867968;0.98604119867968
Case40_10;0;10;0;0.9859208;1.0;0.999999999999583;0.999999999999583;0.7838107324147934;0.9797180812751554;0.9797180812751554
Case41_10;0;10;0;0.8756104;1.0;0.999999999999583;0.999999999999583;0.3302711810012837;0.9803514190008313;0.9803514190008313
Case89_10;0;10;0;0.61596906;1.0;0.999999999999583;0.999999999999583;1.0;0.9659571665838105;0.9659571665838105
