Case ID;Actual;Prefix Length;Prediction;Prediction Probability;SHAP Subset Stability;SHAP Weight Stability;SHAP Adjusted Weight Stability;LIME Subset Stability;LIME Weight Stability;LIME Adjusted Weight Stability;ACV Subset Stability;ACV Weight Stability;ACV Adjusted Weight Stability;LINDA Subset Stability;LINDA Weight Stability;LINDA Adjusted Weight Stability
Case207_14;1;14;1;0.9414344;1.0;0.999999999999758;0.999999999999758;1.0;0.9596391091526416;0.9596391091526416;1.0;1.0;1.0;;1.0;1.0
Case225_14;1;14;1;0.7802285;1.0;0.999999999999758;0.999999999999758;0.4466920514040932;0.9591379870662516;0.9591379870662516;;1.0;1.0;;1.0;1.0
Case251_14;0;14;0;0.89965564;1.0;0.999999999999758;0.999999999999758;1.0;0.966443716452486;0.966443716452486;;1.0;1.0;1.0;1.0;1.0
Case256_14;1;14;1;0.99208695;1.0;0.999999999999758;0.999999999999758;1.0;0.9850661730369108;0.9850661730369108;;1.0;1.0;;1.0;1.0
Case25_14;1;14;1;0.6737944;1.0;0.999999999999758;0.999999999999758;0.3937335309617919;0.9755921786712972;0.9755921786712972;;1.0;1.0;;1.0;1.0
Case263_14;0;14;0;0.9131813;1.0;0.999999999999758;0.999999999999758;0.7837611607142858;0.9748270713464412;0.9748270713464412;;1.0;1.0;1.0;1.0;1.0
Case67_14;0;14;1;0.5934497;1.0;0.999999999999758;0.999999999999758;1.0;0.971518987264924;0.971518987264924;;1.0;1.0;1.0;1.0;1.0
Case84_14;0;14;0;0.9719318;1.0;0.999999999999758;0.999999999999758;0.8875834058601692;0.8742496507562747;0.8742496507562747;;1.0;1.0;1.0;1.0;1.0
