Case ID,Actual,Prefix Length,Prediction,Prediction Probability
Case17_14,1,14,1,0.9714569
Case192_14,0,14,0,0.5393294
Case210_14,0,14,0,0.5981462
Case251_14,0,14,0,0.9376666
Case55_14,1,14,1,0.82111216
Case78_14,1,14,1,0.8742086
