"Case ID;Actual;Prefix Length;Prediction;Prediction Probability;SHAP Subset Stability;SHAP Weight Stability;SHAP Adjusted Weight Stability";LIME Subset Stability;LIME Weight Stability;LIME Adjusted Weight Stability
"Case121_3;0;3;0;0.98000205;1.0;1.0;1.0";1.0;0.9303803328437048;0.9303803328437048
"Case123_3;1;3;1;0.9103042;1.0;1.0;1.0";0.7838462906956057;0.9745490070143871;0.9745490070143871
"Case138_3;1;3;1;0.99162173;1.0;1.0;1.0";0.7838462906956057;0.960996202244178;0.960996202244178
"Case178_3;0;3;0;0.96399343;1.0;1.0;1.0";0.8320895522388059;0.9756229066739669;0.9756229066739669
"Case17_3;1;3;1;0.9843263;1.0;1.0;1.0";1.0;0.9523835459199337;0.9523835459199337
"Case19_3;1;3;1;0.9940513;1.0;1.0;1.0";0.8106296758104738;0.9687050147301697;0.9687050147301697
"Case252_3;0;3;0;0.9703451;1.0;1.0;1.0";1.0;0.9703283574491172;0.9703283574491172
"Case255_3;0;3;0;0.98516834;1.0;1.0;1.0";1.0;0.9743947935977999;0.9743947935977999
