Case ID,Actual,Prefix Length,Prediction,Prediction Probability
Case192_17,0,17,0,0.92134905
Case207_17,1,17,1,0.9926408
Case259_17,1,17,1,0.9926408
Case260_17,1,17,0,0.8035343
Case263_17,0,17,0,0.98494685
Case67_17,0,17,0,0.9958484
