Case ID;Actual;Prefix Length;Prediction;Prediction Probability;SHAP Subset Stability;SHAP Weight Stability;SHAP Adjusted Weight Stability;LIME Subset Stability;LIME Weight Stability;LIME Adjusted Weight Stability
Case185;0;1;0;0.863094;1.0;1.0;1.0;1.0;0.9501334911551037;0.9501334911551037
Case205;0;1;0;0.98110235;1.0;1.0;1.0;1.0;0.9752975258975672;0.9752975258975672
Case249;1;1;1;0.94966775;1.0;0.9999999999999939;0.9999999999999939;1.0;0.9844748210234014;0.9844748210234014
Case253;1;1;1;0.9952486;1.0;0.9999999999999888;0.9999999999999888;1.0;0.9451243098462943;0.9451243098462943
Case26;1;1;1;0.93175477;1.0;0.999999999999998;0.999999999999998;0.9298128342245989;0.9702859665301595;0.9702859665301595
Case38;1;1;1;0.9993936;1.0;0.9999999999999928;0.9999999999999928;0.9327745765671381;0.957668839196347;0.957668839196347
Case68;0;1;0;0.9830615;1.0;0.9999999999999862;0.9999999999999862;1.0;0.9794029914645975;0.9794029914645975
Case76;0;1;0;0.97305435;1.0;0.9999999999999976;0.9999999999999976;1.0;0.9919254265548717;0.9919254265548717
