Case ID,Actual,Prefix Length,Prediction,Prediction Probability
Case111_6,1,6,1,0.77397627
Case129_6,0,6,0,0.96431315
Case163_6,1,6,1,0.94519866
Case210_6,0,6,0,0.87648916
Case260_6,1,6,1,0.8875059
Case274_6,0,6,0,0.9474894
Case41_6,0,6,0,0.96487355
Case59_6,1,6,0,0.9262382
