Case ID,Actual,Prefix Length,Prediction,Prediction Probability
Case116_7,1,7,1,0.9851377
Case239_7,0,7,0,0.93320113
Case251_7,0,7,0,0.9915581
Case256_7,1,7,1,0.9231344
Case264_7,1,7,1,0.81852734
Case38_7,1,7,1,0.98443896
Case39_7,0,7,0,0.9715389
Case71_7,0,7,0,0.94874084
