Case ID,Actual,Prefix Length,Prediction,Prediction Probability
Case127_8,1,8,1,0.9956981
Case135_8,1,8,1,0.99906105
Case231_8,1,8,0,0.99969363
Case236_8,0,8,0,0.99899614
Case266_8,1,8,1,0.9853321
Case39_8,0,8,0,0.9958865
Case83_8,0,8,0,0.95799184
Case9_8,0,8,0,0.9996447
