Case ID,Actual,Prefix Length,Prediction,Prediction Probability
Case118_2,1,2,0,0.99999845
Case209_2,0,2,0,0.99983805
Case20_2,1,2,1,0.9999745
Case41_2,0,2,0,0.99986106
Case43_2,0,2,0,0.9998924
Case55_2,1,2,0,0.9999146
