Case ID,Actual,Prefix Length,Prediction,Prediction Probability
Case103_12,1,12,1,0.9999404
Case187_12,1,12,1,0.99995124
Case192_12,0,12,0,0.99942356
Case210_12,0,12,0,0.9987803
Case263_12,0,12,0,0.9998532
Case267_12,1,12,1,0.9999788
Case28_12,1,12,1,0.99977845
Case83_12,0,12,1,0.6259227
