Case ID;Actual;Prefix Length;Prediction;Prediction Probability;SHAP Subset Stability;SHAP Weight Stability;SHAP Adjusted Weight Stability;LIME Subset Stability;LIME Weight Stability;LIME Adjusted Weight Stability
Case102_4;1;4;1;0.92008144;1.0;0.999999999999802;0.999999999999802;0.3784558441851542;0.9724037634400284;0.9724037634400284
Case185_4;0;4;0;0.92946094;1.0;0.9999999999999682;0.9999999999999682;1.0;0.9736351243493032;0.9736351243493032
Case188_4;1;4;1;0.6541074;1.0;0.999999999999774;0.999999999999774;1.0;0.9409961289208286;0.9409961289208286
Case201_4;1;4;1;0.690581;1.0;0.999999999999774;0.999999999999774;1.0;0.5271159191906245;0.5271159191906245
Case245_4;1;4;1;0.8917134;1.0;0.9999999999999682;0.9999999999999682;1.0;0.9684964869896758;0.9684964869896758
Case4_4;0;4;1;0.87289053;1.0;0.9999999999999682;0.9999999999999682;1.0;0.9480369769494652;0.9480369769494652
Case67_4;0;4;0;0.83530784;1.0;0.9999999999999682;0.9999999999999682;1.0;0.9750626116009098;0.9750626116009098
Case72_4;0;4;0;0.9279194;1.0;0.9999999999997905;0.9999999999997905;0.3431311176872298;0.9732480450236057;0.9732480450236057
