Case ID,Actual,Prefix Length,Prediction,Prediction Probability
Case111_11,1,11,1,0.99992645
Case155_11,0,11,0,0.99999917
Case195_11,0,11,0,0.99997735
Case201_11,1,11,1,0.98446375
Case239_11,0,11,0,0.99999994
Case28_11,1,11,1,1.0
Case38_11,1,11,1,1.0
Case89_11,0,11,0,0.9998946
