Case ID,Actual,Prefix Length,Prediction,Prediction Probability
Case207_14,1,14,1,0.9414344
Case225_14,1,14,1,0.7802285
Case251_14,0,14,0,0.89965564
Case256_14,1,14,1,0.99208695
Case25_14,1,14,1,0.6737944
Case263_14,0,14,0,0.9131813
Case67_14,0,14,1,0.5934497
Case84_14,0,14,0,0.9719318
