Case ID;Actual;Prefix Length;Prediction;Prediction Probability;SHAP Subset Stability;SHAP Weight Stability;SHAP Adjusted Weight Stability
Case185;0;1;0;0.863094;1.0;1.0;1.0
Case205;0;1;0;0.98110235;1.0;1.0;1.0
Case249;1;1;1;0.94966775;1.0;0.9999999999999939;0.9999999999999939
Case253;1;1;1;0.9952486;1.0;0.9999999999999888;0.9999999999999888
Case26;1;1;1;0.93175477;1.0;0.999999999999998;0.999999999999998
Case38;1;1;1;0.9993936;1.0;0.9999999999999928;0.9999999999999928
Case68;0;1;0;0.9830615;1.0;0.9999999999999862;0.9999999999999862
Case76;0;1;0;0.97305435;1.0;0.9999999999999976;0.9999999999999976
