Case ID,Actual,Prefix Length,Prediction,Prediction Probability
Case123_9,1,9,1,0.93926346
Case127_9,1,9,1,0.79037136
Case188_9,1,9,1,0.8094878
Case223_9,0,9,0,0.94484794
Case40_9,0,9,0,0.9987079
Case41_9,0,9,0,0.99515605
