"Case ID;Actual;Prefix Length;Prediction;Prediction Probability;SHAP Subset Stability;SHAP Weight Stability;SHAP Adjusted Weight Stability";LIME Subset Stability;LIME Weight Stability;LIME Adjusted Weight Stability
"Case111_13;1;13;1;0.6865723;1.0;0.999999999999986;0.999999999999986";1.0;0.9573843711286116;0.9573843711286116
"Case12_13;0;13;0;0.53686637;1.0;0.9999999999999861;0.9999999999999861";1.0;0.9681278778911447;0.9681278778911447
"Case19_13;1;13;1;0.67958254;1.0;0.9999999999999803;0.9999999999999803";1.0;0.9722086247991125;0.9722086247991125
"Case235_13;1;13;1;0.7599985;1.0;0.999999999999986;0.999999999999986";1.0;0.744285538564688;0.744285538564688
"Case265_13;0;13;0;0.68144333;1.0;0.9999999999999531;0.9999999999999531";1.0;0.9856497221672008;0.9856497221672008
"Case3_13;0;13;0;0.69723606;1.0;0.9999999999999527;0.9999999999999527";1.0;0.9735154874285867;0.9735154874285867
"Case67_13;0;13;1;0.5556963;1.0;0.999999999999986;0.999999999999986";1.0;0.9483731640215438;0.9483731640215438
"Case95_13;1;13;1;0.72885525;1.0;0.9999999999999861;0.9999999999999861";1.0;0.9608938194889615;0.9608938194889615
