Case ID,Actual,Prefix Length,Prediction,Prediction Probability
Case11_12,1,12,1,0.99945
Case18_12,1,12,1,0.9999572
Case195_12,0,12,0,0.9998444
Case19_12,1,12,0,0.55142665
Case269_12,0,12,0,0.9996944
Case83_12,0,12,0,0.5379212
