"Case ID;Actual;Prefix Length;Prediction;Prediction Probability;SHAP Subset Stability;SHAP Weight Stability;SHAP Adjusted Weight Stability";LIME Subset Stability;LIME Weight Stability;LIME Adjusted Weight Stability
"Case207_14;1;14;1;0.9414344;1.0;0.9999999999997579;0.9999999999997579";1.0;0.9596391091526415;0.9596391091526415
"Case225_14;1;14;1;0.7802285;1.0;0.9999999999997579;0.9999999999997579";0.4466920514040932;0.9591379870662516;0.9591379870662516
"Case251_14;0;14;0;0.89965564;1.0;0.9999999999997579;0.9999999999997579";1.0;0.966443716452486;0.966443716452486
"Case256_14;1;14;1;0.99208695;1.0;0.9999999999997579;0.9999999999997579";1.0;0.9850661730369107;0.9850661730369107
"Case25_14;1;14;1;0.6737944;1.0;0.9999999999997579;0.9999999999997579";0.39373353096179187;0.9755921786712971;0.9755921786712971
"Case263_14;0;14;0;0.9131813;1.0;0.9999999999997579;0.9999999999997579";0.7837611607142858;0.9748270713464411;0.9748270713464411
"Case67_14;0;14;1;0.5934497;1.0;0.9999999999997579;0.9999999999997579";1.0;0.9715189872649239;0.9715189872649239
"Case84_14;0;14;0;0.9719318;1.0;0.9999999999997579;0.9999999999997579";0.8875834058601692;0.8742496507562747;0.8742496507562747
