Case ID,Actual,Prefix Length,Prediction,Prediction Probability
Case104_6,0,6,0,0.9370244
Case116_6,1,6,1,0.9256487
Case174_6,1,6,1,0.92142427
Case32_6,1,6,1,0.9957616
Case41_6,0,6,0,0.9376879
Case9_6,0,6,0,0.93643147
