Case ID,Actual,Prefix Length,Prediction,Prediction Probability
Case178_13,0,13,0,0.65792274
Case187_13,1,13,1,0.54884833
Case225_13,1,13,1,0.5860394
Case258_13,1,13,1,0.6031627
Case273_13,0,13,0,0.684344
Case34_13,0,13,0,0.7124261
Case38_13,1,13,1,0.59367186
Case90_13,0,13,0,0.61670005
