Case ID;Actual;Prefix Length;Prediction;Prediction Probability;SHAP Subset Stability;SHAP Weight Stability;SHAP Adjusted Weight Stability
Case111_6;1;6;1;0.77397627;1.0;0.9999999999995817;0.9999999999995817
Case129_6;0;6;0;0.96431315;1.0;0.9999999999995817;0.9999999999995817
Case163_6;1;6;1;0.94519866;1.0;0.9999999999995817;0.9999999999995817
Case210_6;0;6;0;0.87648916;1.0;0.9999999999995817;0.9999999999995817
Case260_6;1;6;1;0.8875059;1.0;0.9999999999995817;0.9999999999995817
Case274_6;0;6;0;0.9474894;1.0;0.9999999999995817;0.9999999999995817
Case41_6;0;6;0;0.96487355;1.0;0.9999999999995817;0.9999999999995817
Case59_6;1;6;0;0.9262382;1.0;0.9999999999995817;0.9999999999995817
