Case ID,Actual,Prefix Length,Prediction,Prediction Probability
Case120_3,1,3,1,0.9649357
Case129_3,0,3,0,0.9952182
Case153_3,0,3,0,0.98123026
Case198_3,1,3,1,0.99633235
Case248_3,1,3,1,0.98533523
Case40_3,0,3,0,0.9530324
