Case ID,Actual,Prefix Length,Prediction,Prediction Probability
Case111_13,1,13,1,0.6865723
Case12_13,0,13,0,0.53686637
Case19_13,1,13,1,0.67958254
Case235_13,1,13,1,0.7599985
Case265_13,0,13,0,0.68144333
Case3_13,0,13,0,0.69723606
Case67_13,0,13,1,0.5556963
Case95_13,1,13,1,0.72885525
