Case ID,Actual,Prefix Length,Prediction,Prediction Probability
Case19_9,1,9,1,0.9629268
Case261_9,0,9,0,0.8248365
Case264_9,1,9,1,0.66902477
Case3_9,0,9,0,0.99023604
Case44_9,1,9,1,0.9545957
Case60_9,0,9,0,0.9951665
Case61_9,1,9,0,0.99664104
Case89_9,0,9,1,0.6497176
