Case ID;Actual;Prefix Length;Prediction;Prediction Probability;SHAP Subset Stability;SHAP Weight Stability;SHAP Adjusted Weight Stability
Case121_3;0;3;0;0.98000205;1.0;1.0;1.0
Case123_3;1;3;1;0.9103042;1.0;1.0;1.0
Case138_3;1;3;1;0.99162173;1.0;1.0;1.0
Case178_3;0;3;0;0.96399343;1.0;1.0;1.0
Case17_3;1;3;1;0.9843263;1.0;1.0;1.0
Case19_3;1;3;1;0.9940513;1.0;1.0;1.0
Case252_3;0;3;0;0.9703451;1.0;1.0;1.0
Case255_3;0;3;0;0.98516834;1.0;1.0;1.0
