Case ID,Actual,Prefix Length,Prediction,Prediction Probability
Case102_14,1,14,1,0.9304947
Case10_14,1,14,1,0.9769058
Case201_14,1,14,1,0.8659237
Case235_14,1,14,1,0.9263861
Case27_14,0,14,0,0.9301644
Case3_14,0,14,0,0.8465517
Case67_14,0,14,1,0.6048347
Case90_14,0,14,0,0.92046994
