Case ID;Actual;Prefix Length;Prediction;Prediction Probability;SHAP Subset Stability;SHAP Weight Stability;SHAP Adjusted Weight Stability;LIME Subset Stability;LIME Weight Stability;LIME Adjusted Weight Stability;ACV Subset Stability;ACV Weight Stability;ACV Adjusted Weight Stability;LINDA Subset Stability;LINDA Weight Stability;LINDA Adjusted Weight Stability
Case11_8;1;8;1;0.9747515;1.0;0.9999999999998478;0.9999999999998478;1.0;0.9879995300301584;0.9879995300301584;;1.0;1.0;1.0;1.0;1.0
Case199_8;1;8;1;0.99455875;1.0;0.9999999999998476;0.9999999999998476;1.0;0.995349566407082;0.995349566407082;;1.0;1.0;1.0;1.0;1.0
Case207_8;1;8;1;0.9999745;1.0;0.9999999999998478;0.9999999999998478;1.0;0.9824412698555196;0.9824412698555196;;1.0;1.0;;1.0;1.0
Case218_8;0;8;0;0.86338776;1.0;0.9999999999998478;0.9999999999998478;1.0;0.9766176908515166;0.9766176908515166;;1.0;1.0;;1.0;1.0
Case231_8;1;8;1;0.95920384;1.0;0.9999999999998478;0.9999999999998478;1.0;0.9903992536297348;0.9903992536297348;;1.0;1.0;1.0;1.0;1.0
Case274_8;0;8;0;0.8775728000000002;1.0;0.9999999999998478;0.9999999999998478;1.0;0.9922176202816988;0.9922176202816988;;1.0;1.0;1.0;1.0;1.0
Case56_8;0;8;0;0.9222319;1.0;0.9999999999998476;0.9999999999998476;1.0;0.9949050502446368;0.9949050502446368;;1.0;1.0;1.0;0.9999999999999999;0.9999999999999999
Case67_8;0;8;0;0.95891917;1.0;0.9999999999998478;0.9999999999998478;1.0;0.9952832255175256;0.9952832255175256;;1.0;1.0;1.0;1.0;1.0
