Case ID,Actual,Prefix Length,Prediction,Prediction Probability
Case10_10,1,10,1,0.98638284
Case207_10,1,10,1,0.9994486
Case32_10,1,10,1,0.9287045
Case38_10,1,10,1,0.94220895
Case3_10,0,10,0,0.8785507
Case40_10,0,10,0,0.9859208
Case41_10,0,10,0,0.8756104
Case89_10,0,10,0,0.61596906
