Case ID;Actual;Prefix Length;Prediction;Prediction Probability;SHAP Subset Stability;SHAP Weight Stability;SHAP Adjusted Weight Stability
Case111_13;1;13;1;0.6865723;1.0;0.999999999999986;0.999999999999986
Case12_13;0;13;0;0.53686637;1.0;0.9999999999999861;0.9999999999999861
Case19_13;1;13;1;0.67958254;1.0;0.9999999999999803;0.9999999999999803
Case235_13;1;13;1;0.7599985;1.0;0.999999999999986;0.999999999999986
Case265_13;0;13;0;0.68144333;1.0;0.9999999999999531;0.9999999999999531
Case3_13;0;13;0;0.69723606;1.0;0.9999999999999527;0.9999999999999527
Case67_13;0;13;1;0.5556963;1.0;0.999999999999986;0.999999999999986
Case95_13;1;13;1;0.72885525;1.0;0.9999999999999861;0.9999999999999861
