"Case ID;Actual;Prefix Length;Prediction;Prediction Probability;SHAP Subset Stability;SHAP Weight Stability;SHAP Adjusted Weight Stability";LIME Subset Stability;LIME Weight Stability;LIME Adjusted Weight Stability
"Case11_8;1;8;1;0.9747515;1.0;0.9999999999998478;0.9999999999998478";1.0;0.9879995300301585;0.9879995300301585
"Case199_8;1;8;1;0.99455875;1.0;0.9999999999998477;0.9999999999998477";1.0;0.9953495664070819;0.9953495664070819
"Case207_8;1;8;1;0.9999745;1.0;0.9999999999998478;0.9999999999998478";1.0;0.9824412698555196;0.9824412698555196
"Case218_8;0;8;0;0.86338776;1.0;0.9999999999998478;0.9999999999998478";1.0;0.9766176908515166;0.9766176908515166
"Case231_8;1;8;1;0.95920384;1.0;0.9999999999998478;0.9999999999998478";1.0;0.990399253629735;0.990399253629735
"Case274_8;0;8;0;0.8775728;1.0;0.9999999999998478;0.9999999999998478";1.0;0.9922176202816987;0.9922176202816987
"Case56_8;0;8;0;0.9222319;1.0;0.9999999999998477;0.9999999999998477";1.0;0.9949050502446367;0.9949050502446367
"Case67_8;0;8;0;0.95891917;1.0;0.9999999999998478;0.9999999999998478";1.0;0.9952832255175257;0.9952832255175257
