Case ID,Actual,Prefix Length,Prediction,Prediction Probability
Case115_4,1,4,0,0.7116271
Case129_4,0,4,0,0.8917131
Case134_4,0,4,0,0.59784687
Case199_4,1,4,1,0.84010875
Case20_4,1,4,1,0.9260185
Case277_4,1,4,1,0.7962983
Case3_4,0,4,0,0.93214244
Case64_4,0,4,0,0.6469734
