Case ID,Actual,Prefix Length,Prediction,Prediction Probability
Case139,0,1,0,0.87862444
Case215,0,1,0,0.9316036
Case218,0,1,0,0.9528575
Case277,1,1,0,0.8750753
Case6,1,1,1,0.96119785
Case74,0,1,0,0.979931
Case92,1,1,1,0.8109185
Case93,1,1,1,0.96129066
