"Case ID;Actual;Prefix Length;Prediction;Prediction Probability;SHAP Subset Stability;SHAP Weight Stability;SHAP Adjusted Weight Stability";LIME Subset Stability;LIME Weight Stability;LIME Adjusted Weight Stability
"Case115_11;1;11;1;0.9999895;1.0;0.9999999999999808;0.9999999999999808";1.0;0.9948182873602726;0.9948182873602726
"Case119_11;0;11;1;0.9999943;1.0;0.9999999999998954;0.9999999999998954";1.0;0.9966126775637183;0.9966126775637183
"Case135_11;1;11;1;0.9998486;1.0;0.9999999999998952;0.9999999999998952";1.0;0.9935056865884611;0.9935056865884611
"Case239_11;0;11;0;0.9999994;1.0;0.9999999999998799;0.9999999999998799";1.0;0.8821536721804003;0.8821536721804003
"Case250_11;0;11;0;0.9998242;1.0;0.999999999999895;0.999999999999895";1.0;0.9581656059989717;0.9581656059989717
"Case258_11;1;11;1;0.9999534;1.0;0.99999999999988;0.99999999999988";1.0;0.907875182502981;0.907875182502981
"Case266_11;1;11;1;0.999941;1.0;0.9999999999998936;0.9999999999998936";1.0;0.9556956110584363;0.9556956110584363
"Case83_11;0;11;1;1.0;1.0;0.9999999999999981;0.9999999999999981";1.0;0.9145076597910277;0.9145076597910277
