Case ID,Actual,Prefix Length,Prediction,Prediction Probability
Case19_12,1,12,1,0.999514
Case248_12,1,12,0,0.8291561
Case249_12,1,12,1,0.99972385
Case34_12,0,12,0,0.99992555
Case55_12,1,12,1,0.9995074
Case60_12,0,12,0,0.99894804
Case67_12,0,12,0,0.9997681
Case84_12,0,12,0,0.99974805
