Case ID;Actual;Prefix Length;Prediction;Prediction Probability;SHAP Subset Stability;SHAP Weight Stability;SHAP Adjusted Weight Stability;LIME Subset Stability;LIME Weight Stability;LIME Adjusted Weight Stability;ACV Subset Stability;ACV Weight Stability;ACV Adjusted Weight Stability;LINDA Subset Stability;LINDA Weight Stability;LINDA Adjusted Weight Stability
205382_5;0;5;0;0.940169;1;1;1;0.7430830039525691;0.7738513981016607;0.7738513981016607;;1.0;1.0;1.0;1.0;1.0
205568_5;0;5;0;0.9458907;1;1;1;0.7633136094674555;0.8954420937372131;0.8954420937372131;;1.0;1.0;1.0;1.0;1.0
205766_5;1;5;0;0.99803907;1;1;1;0.7270580001749628;0.8615497071516717;0.8615497071516717;;1.0;1.0;;1.0;1.0
206279_5;1;5;0;0.980642;1;1;1;0.5971668880035413;0.8729619089293127;0.8729619089293127;;1.0;1.0;1.0;1.0;1.0
210158_5;0;5;1;0.5627054;1;1;1;0.8783767980353175;0.9230476399605242;0.9230476399605242;;1.0;1.0;1.0;1.0;1.0
210398_5;0;5;1;0.63785183;1;1;1;0.6910891089108909;0.912887366254845;0.912887366254845;;1.0;1.0;1.0;1.0;1.0
211125_5;1;5;1;0.90597147;1;1;1;0.6914932457101133;0.9266321283228344;0.9266321283228344;;1.0;1.0;1.0;0.9999999999999999;0.9999999999999999
213675_5;1;5;1;0.993584;1;1;1;0.8088034457400988;0.907243554326148;0.907243554326148;;1.0;1.0;1.0;1.0;1.0
