Case ID;Actual;Prefix Length;Prediction;Prediction Probability;SHAP Subset Stability;SHAP Weight Stability;SHAP Adjusted Weight Stability;LIME Subset Stability;LIME Weight Stability;LIME Adjusted Weight Stability;ACV Subset Stability;ACV Weight Stability;ACV Adjusted Weight Stability;LINDA Subset Stability;LINDA Weight Stability;LINDA Adjusted Weight Stability
204924_9;1;9;1;0.9894582;1;1;1;0.8563672780940333;0.9863566834299085;0.9863566834299085;;1.0;1.0;1.0;1.0;1.0
207128_9;1;9;1;0.9948053;1;1;1;0.7434086629001884;0.9710520764580328;0.9710520764580328;;1.0;1.0;1.0;1.0;1.0
207810_9;0;9;1;0.999892;1;1;1;0.8097067039106145;0.9815746230762142;0.9815746230762142;;1.0;1.0;1.0;1.0;1.0
208580_9;0;9;0;0.93404424;1;1;1;0.7829261816250664;0.9772182629829456;0.9772182629829456;1.0;1.0;1.0;1.0;1.0;1.0
209901_9;1;9;0;0.87973803;1;1;1;0.83147804576376;0.963204580645965;0.963204580645965;;1.0;1.0;1.0;1.0;1.0
210668_9;0;9;0;0.6232958000000001;1;1;1;0.6828445065176909;0.938534188358254;0.938534188358254;1.0;1.0;1.0;1.0;1.0;1.0
211817_9;0;9;1;0.943829;1;1;1;0.8563672780940332;0.9774861285855246;0.9774861285855246;;1.0;1.0;1.0;1.0;1.0
212626_9;1;9;1;0.9522346;1;1;1;0.8785650623885918;0.9831520601872128;0.9831520601872128;1.0;1.0;1.0;1.0;1.0;1.0
