Case ID;Actual;Prefix Length;Prediction;Prediction Probability;SHAP Subset Stability;SHAP Weight Stability;SHAP Adjusted Weight Stability
204574_2;0;2;1;0.9887461;1;1;1
205655_2;1;2;0;0.8421066;1;1;1
206432_2;0;2;1;0.999225;1;1;1
207119_2;0;2;0;0.9723236;1;1;1
207215_2;1;2;0;0.958567;1;1;1
211417_2;1;2;0;0.5627187;1;1;1
211528_2;0;2;1;0.9290403;1;1;1
212764_2;1;2;1;0.63203335;1;1;1
