Case ID,Actual,Prefix Length,Prediction,Prediction Probability
207044_20,0,20,1,0.9830452
209341_20,0,20,0,0.6265738
211257_20,1,20,1,0.8345561
212455_20,1,20,0,0.9095862
212950_20,1,20,1,0.6977675
214142_20,0,20,0,0.94606227
