Case ID,Actual,Prefix Length,Prediction,Prediction Probability
205026_8,0,8,0,0.5479963
206441_8,0,8,1,0.5314013
209087_8,0,8,0,0.5072889
209120_8,1,8,0,0.60276854
209135_8,1,8,1,0.7026454
210572_8,0,8,1,0.9999968
213411_8,1,8,0,0.7396345
213672_8,1,8,0,0.9979573
