Case ID;Actual;Prefix Length;Prediction;Prediction Probability;SHAP Subset Stability;SHAP Weight Stability;SHAP Adjusted Weight Stability;LIME Subset Stability;LIME Weight Stability;LIME Adjusted Weight Stability;ACV Subset Stability;ACV Weight Stability;ACV Adjusted Weight Stability;LINDA Subset Stability;LINDA Weight Stability;LINDA Adjusted Weight Stability
205556_12;0;12;1;0.96138644;1;1;1;1.0;0.7336153807050473;0.7336153807050473;1.0;1.0;1.0;1.0;1.0;1.0
205954_12;1;12;0;0.82413626;1;1;1;0.7435304990757856;0.9056056925323308;0.9056056925323308;;1.0;1.0;1.0;1.0;1.0
206047_12;1;12;0;0.83969766;1;1;1;0.8962616822429906;0.962620092020706;0.962620092020706;;1.0;1.0;;1.0;1.0
209063_12;1;12;1;0.98468286;1;1;1;0.9356447124304268;0.9252899012488875;0.9252899012488875;;1.0;1.0;1.0;1.0;1.0
209607_12;0;12;1;0.9892693;1;1;1;0.9564500941619586;0.8897609964910181;0.8897609964910181;;1.0;1.0;1.0;1.0;1.0
210617_12;0;12;0;0.96787786;1;1;1;1.0;0.1454797093817934;0.1454797093817934;;1.0;1.0;1.0;1.0;1.0
210719_12;0;12;0;0.6416586;1;1;1;0.7176434676434676;0.9726845574557482;0.9726845574557482;;1.0;1.0;1.0;1.0;1.0
211038_12;1;12;1;0.9269515;1;1;1;0.9505082932049224;0.9633067583471508;0.9633067583471508;1.0;1.0;1.0;1.0;1.0;1.0
