Case ID,Actual,Prefix Length,Prediction,Prediction Probability
204574_2,0,2,1,0.9887461
205655_2,1,2,0,0.8421066
206432_2,0,2,1,0.999225
207119_2,0,2,0,0.9723236
207215_2,1,2,0,0.958567
211417_2,1,2,0,0.5627187
211528_2,0,2,1,0.9290403
212764_2,1,2,1,0.63203335
