Case ID;Actual;Prefix Length;Prediction;Prediction Probability;SHAP Subset Stability;SHAP Weight Stability;SHAP Adjusted Weight Stability;LIME Subset Stability;LIME Weight Stability;LIME Adjusted Weight Stability
205382_5;0;5;0;0.940169;1;1;1;0.7430830039525691;0.7738513981016607;0.7738513981016607
205568_5;0;5;0;0.9458907;1;1;1;0.7633136094674555;0.8954420937372131;0.8954420937372131
205766_5;1;5;0;0.99803907;1;1;1;0.7270580001749628;0.8615497071516717;0.8615497071516717
206279_5;1;5;0;0.980642;1;1;1;0.5971668880035413;0.8729619089293127;0.8729619089293127
210158_5;0;5;1;0.5627054;1;1;1;0.8783767980353175;0.9230476399605242;0.9230476399605242
210398_5;0;5;1;0.63785183;1;1;1;0.691089108910891;0.912887366254845;0.912887366254845
211125_5;1;5;1;0.90597147;1;1;1;0.6914932457101133;0.9266321283228345;0.9266321283228345
213675_5;1;5;1;0.993584;1;1;1;0.8088034457400988;0.9072435543261481;0.9072435543261481
