Case ID,Actual,Prefix Length,Prediction,Prediction Probability
205080_13,1,13,1,0.89472437
205104_13,0,13,0,0.6824423
205797_13,0,13,1,0.96092016
206309_13,1,13,1,0.981505
207359_13,0,13,1,0.9683479
208772_13,0,13,0,0.98591465
209419_13,1,13,1,0.9815122
213201_13,1,13,1,0.8862957
