Case ID,Actual,Prefix Length,Prediction,Prediction Probability
204724.0,0.0,1.0,0.0,0.9220325350761414
204799.0,0.0,1.0,1.0,0.999830961227417
204862.0,1.0,1.0,0.0,0.9994089603424072
204909.0,0.0,1.0,0.0,0.9838696718215942
205002.0,1.0,1.0,0.0,0.6068727970123291
205733.0,1.0,1.0,1.0,0.9976997971534729
210599.0,0.0,1.0,0.0,0.8131266236305237
213126.0,1.0,1.0,1.0,0.9998692274093628
