Case ID,Actual,Prefix Length,Prediction,Prediction Probability
204667_15,1,15,1,0.95110744
204993_15,0,15,1,0.9216806
206147_15,0,15,0,0.9999617
206504_15,0,15,0,0.96541524
207107_15,1,15,0,0.96631294
211212_15,1,15,1,0.9997514
