Case ID;Actual;Prefix Length;Prediction;Prediction Probability;SHAP Subset Stability;SHAP Weight Stability;SHAP Adjusted Weight Stability
205182_10;0;10;1;0.6153431;1;1;1
206147_10;0;10;1;0.9714139;1;1;1
208055_10;0;10;0;0.9988518;1;1;1
209712_10;1;10;1;0.9717211;1;1;1
209859_10;0;10;1;0.98359966;1;1;1
210476_10;1;10;1;0.9990416;1;1;1
212079_10;1;10;1;0.98026973;1;1;1
213300_10;1;10;0;0.76231873;1;1;1
