Case ID;Actual;Prefix Length;Prediction;Prediction Probability;SHAP Subset Stability;SHAP Weight Stability;SHAP Adjusted Weight Stability;LIME Subset Stability;LIME Weight Stability;LIME Adjusted Weight Stability;ACV Subset Stability;ACV Weight Stability;ACV Adjusted Weight Stability;LINDA Subset Stability;LINDA Weight Stability;LINDA Adjusted Weight Stability
205388;0;1;1;0.999318838;1;1;1;0.5413570052298374;0.9909756154020002;0.9909756154020002;;1.0;1.0;;1.0;1.0
205649;0;1;0;0.99999994;1;1;1;0.7812372812372812;0.9964048037999478;0.9964048037999478;;1.0;1.0;1.0;1.0;1.0
207735;0;1;1;0.999673724;1;1;1;1.0;0.9876528256773212;0.9876528256773212;;1.0;1.0;1.0;1.0;1.0
208052;1;1;0;0.966207206;1;1;1;1.0;0.9960283725304404;0.9960283725304404;;1.0;1.0;1.0;1.0;1.0
208958;1;1;1;0.999213219;1;1;1;0.6163097454996896;0.9954773061812436;0.9954773061812436;;1.0;1.0;1.0;1.0;1.0
209766;1;1;0;0.593363881;1;1;1;0.6246031746031746;0.9913259245349404;0.9913259245349404;;1.0;1.0;1.0;1.0;1.0
209781;0;1;0;0.93390578;1;1;1;0.5630081300813008;0.9976630863550756;0.9976630863550756;;1.0;1.0;1.0;1.0;1.0
213144;1;1;0;0.999678552;1;1;1;1.0;0.9976681562538552;0.9976681562538552;;1.0;1.0;1.0;1.0;1.0
