Case ID,Actual,Prefix Length,Prediction,Prediction Probability
205316_17,1,17,0,0.90158457
207077_17,0,17,0,0.7259972
207470_17,0,17,1,0.9980629
207852_17,1,17,1,0.57380265
211997_17,1,17,1,0.97201806
212947_17,0,17,1,0.67679113
