Case ID;Actual;Prefix Length;Prediction;Prediction Probability;SHAP Subset Stability;SHAP Weight Stability;SHAP Adjusted Weight Stability
205388;0;1;1;0.999318838;1;1;1
205649;0;1;0;0.99999994;1;1;1
207735;0;1;1;0.999673724;1;1;1
208052;1;1;0;0.966207206;1;1;1
208958;1;1;1;0.999213219;1;1;1
209766;1;1;0;0.593363881;1;1;1
209781;0;1;0;0.93390578;1;1;1
213144;1;1;0;0.999678552;1;1;1
