Case ID,Actual,Prefix Length,Prediction,Prediction Probability
205388.0,0.0,1.0,1.0,0.9993188381195068
205649.0,0.0,1.0,0.0,0.9999999403953552
207735.0,0.0,1.0,1.0,0.9996737241744995
208052.0,1.0,1.0,0.0,0.9662072062492371
208958.0,1.0,1.0,1.0,0.9992132186889648
209766.0,1.0,1.0,0.0,0.593363881111145
209781.0,0.0,1.0,0.0,0.9339057803153992
213144.0,1.0,1.0,0.0,0.9996785521507263
