Case ID,Actual,Prefix Length,Prediction,Prediction Probability
205295_6,0,6,1,0.83682525
205819_6,0,6,1,0.77209103
205978_6,1,6,1,0.6069893
206351_6,1,6,1,0.5974643
207708_6,0,6,1,0.8606481
209505_6,1,6,0,0.93060267
