Case ID;Actual;Prefix Length;Prediction;Prediction Probability;SHAP Subset Stability;SHAP Weight Stability;SHAP Adjusted Weight Stability
205556_12;0;12;1;0.96138644;1;1;1
205954_12;1;12;0;0.82413626;1;1;1
206047_12;1;12;0;0.83969766;1;1;1
209063_12;1;12;1;0.98468286;1;1;1
209607_12;0;12;1;0.9892693;1;1;1
210617_12;0;12;0;0.96787786;1;1;1
210719_12;0;12;0;0.6416586;1;1;1
211038_12;1;12;1;0.9269515;1;1;1
