Case ID;Actual;Prefix Length;Prediction;Prediction Probability;SHAP Subset Stability;SHAP Weight Stability;SHAP Adjusted Weight Stability;LIME Subset Stability;LIME Weight Stability;LIME Adjusted Weight Stability;ACV Subset Stability;ACV Weight Stability;ACV Adjusted Weight Stability;LINDA Subset Stability;LINDA Weight Stability;LINDA Adjusted Weight Stability
205026_8;0;8;0;0.5479963000000001;1;1;1;0.9072005499226672;0.979286576645784;0.979286576645784;;1.0;1.0;1.0;1.0;1.0
206441_8;0;8;1;0.5314013000000001;1;1;1;1.0;0.95972552007287;0.95972552007287;;1.0;1.0;;1.0;1.0
209087_8;0;8;0;0.5072889;1;1;1;0.1269021739130433;0.8723142548423527;0.8723142548423527;;1.0;1.0;1.0;1.0;1.0
209120_8;1;8;0;0.60276854;1;1;1;0.1093216554545587;0.9834795954013872;0.9834795954013872;;1.0;1.0;1.0;1.0;1.0
209135_8;1;8;1;0.7026454000000001;1;1;1;1.0;0.9738717625026084;0.9738717625026084;;1.0;1.0;1.0;1.0;1.0
210572_8;0;8;1;0.9999968;1;1;1;0.8166757197175448;0.9755769112660764;0.9755769112660764;;1.0;1.0;;1.0;1.0
213411_8;1;8;0;0.7396345;1;1;1;-0.0236927219548428;0.8753379877636098;0.8753379877636098;;1.0;1.0;1.0;1.0;1.0
213672_8;1;8;0;0.9979573;1;1;1;0.8314606741573033;0.9590444211741558;0.9590444211741558;;1.0;1.0;1.0;1.0;1.0
