Case ID;Actual;Prefix Length;Prediction;Prediction Probability;SHAP Subset Stability;SHAP Weight Stability;SHAP Adjusted Weight Stability;LIME Subset Stability;LIME Weight Stability;LIME Adjusted Weight Stability
204730_3;0;3;0;0.612247;1;1;1;0.39672195892575035;0.9748845750909407;0.9748845750909407
205358_3;0;3;0;0.9826718;1;1;1;-0.09877264757451809;0.9314284870331281;0.9314284870331281
205797_3;0;3;0;0.88763;1;1;1;0.013203463203462995;0.9801341139385948;0.9801341139385948
206417_3;0;3;0;0.99819183;1;1;1;-0.009228801169591128;0.9539224502114678;0.9539224502114678
206513_3;1;3;1;0.75880665;1;1;1;0.07363607694733487;0.9873731838061265;0.9873731838061265
206811_3;1;3;0;0.8289516;1;1;1;0.5971428571428572;0.8857630598698409;0.8857630598698409
213192_3;1;3;0;0.84613675;1;1;1;0.49666825321275565;0.9921799078150401;0.9921799078150401
213417_3;1;3;1;0.9394127;1;1;1;0.4970034246575342;0.9899638635290258;0.9899638635290258
