Case ID;Actual;Prefix Length;Prediction;Prediction Probability;SHAP Subset Stability;SHAP Weight Stability;SHAP Adjusted Weight Stability
205382_5;0;5;0;0.940169;1;1;1
205568_5;0;5;0;0.9458907;1;1;1
205766_5;1;5;0;0.99803907;1;1;1
206279_5;1;5;0;0.980642;1;1;1
210158_5;0;5;1;0.5627054;1;1;1
210398_5;0;5;1;0.63785183;1;1;1
211125_5;1;5;1;0.90597147;1;1;1
213675_5;1;5;1;0.993584;1;1;1
