Case ID,Actual,Prefix Length,Prediction,Prediction Probability
205131_5,1,5,0,0.9141075
205182_5,0,5,0,0.9860195
205766_5,1,5,0,0.99803907
207482_5,1,5,0,0.9917446
207572_5,0,5,1,0.91200286
214142_5,0,5,0,0.99986106
