Case ID,Actual,Prefix Length,Prediction,Prediction Probability
205298_6,0,6,0,0.93286896
206456_6,1,6,1,0.6740526
206778_6,0,6,0,0.96352375
206910_6,1,6,1,0.9721753
209057_6,0,6,0,0.9712932
209838_6,1,6,0,0.99076545
210629_6,0,6,1,0.9864981
212692_6,1,6,1,0.9954432
