Case ID,Actual,Prefix Length,Prediction,Prediction Probability
206114_14,1,14,1,0.9990339
206240_14,0,14,0,0.66664016
206414_14,0,14,1,0.9778251
206934_14,0,14,0,0.94839513
208679_14,1,14,0,0.99648243
209009_14,0,14,1,0.99983764
212196_14,1,14,0,0.9336315
212815_14,1,14,0,0.96792024
