Case ID;Actual;Prefix Length;Prediction;Prediction Probability;SHAP Subset Stability;SHAP Weight Stability;SHAP Adjusted Weight Stability
204924_9;1;9;1;0.9894582;1;1;1
207128_9;1;9;1;0.9948053;1;1;1
207810_9;0;9;1;0.999892;1;1;1
208580_9;0;9;0;0.93404424;1;1;1
209901_9;1;9;0;0.87973803;1;1;1
210668_9;0;9;0;0.6232958;1;1;1
211817_9;0;9;1;0.943829;1;1;1
212626_9;1;9;1;0.9522346;1;1;1
