Case ID,Actual,Prefix Length,Prediction,Prediction Probability
204481_4,0,4,1,0.98833
205745_4,1,4,1,0.9146471
206336_4,0,4,0,0.9394516
206624_4,1,4,1,0.7061665
207107_4,1,4,0,0.8154984
207482_4,1,4,1,0.9923497
209401_4,0,4,0,0.66431904
211122_4,0,4,0,0.94122624
