Case ID,Actual,Prefix Length,Prediction,Prediction Probability
205757_13,0,13,0,0.9418118
206489_13,1,13,0,0.9993422
207014_13,1,13,0,0.8351784
208754_13,1,13,1,0.99574983
211423_13,0,13,0,0.5451194
212079_13,1,13,1,0.9998337
212524_13,0,13,1,0.91693556
212554_13,0,13,1,0.781859
