"Case ID;Actual;Prefix Length;Prediction;Prediction Probability;SHAP Subset Stability;SHAP Weight Stability;SHAP Adjusted Weight Stability";LIME Subset Stability;LIME Weight Stability;LIME Adjusted Weight Stability
"205026_8;0;8;0;0.5479963;1;1;1";0.9072005499226671;0.979286576645784;0.979286576645784
"206441_8;0;8;1;0.5314013;1;1;1";1.0;0.9597255200728699;0.9597255200728699
"209087_8;0;8;0;0.5072889;1;1;1";0.12690217391304337;0.8723142548423527;0.8723142548423527
"209120_8;1;8;0;0.60276854;1;1;1";0.10932165545455874;0.9834795954013872;0.9834795954013872
"209135_8;1;8;1;0.7026454;1;1;1";1.0;0.9738717625026083;0.9738717625026083
"210572_8;0;8;1;0.9999968;1;1;1";0.8166757197175448;0.9755769112660764;0.9755769112660764
"213411_8;1;8;0;0.7396345;1;1;1";-0.023692721954842844;0.8753379877636098;0.8753379877636098
"213672_8;1;8;0;0.9979573;1;1;1";0.8314606741573033;0.9590444211741558;0.9590444211741558
