Case ID;Actual;Prefix Length;Prediction;Prediction Probability;SHAP Subset Stability;SHAP Weight Stability;SHAP Adjusted Weight Stability;LIME Subset Stability;LIME Weight Stability;LIME Adjusted Weight Stability;ACV Subset Stability;ACV Weight Stability;ACV Adjusted Weight Stability;LINDA Subset Stability;LINDA Weight Stability;LINDA Adjusted Weight Stability
204730_3;0;3;0;0.612247;1;1;1;0.3967219589257504;0.9748845750909408;0.9748845750909408;;1.0;1.0;1.0;1.0;1.0
205358_3;0;3;0;0.9826718;1;1;1;-0.098772647574518;0.931428487033128;0.931428487033128;;1.0;1.0;1.0;1.0;1.0
205797_3;0;3;0;0.8876299999999999;1;1;1;0.0132034632034629;0.9801341139385948;0.9801341139385948;;1.0;1.0;1.0;1.0;1.0
206417_3;0;3;0;0.99819183;1;1;1;-0.0092288011695911;0.9539224502114678;0.9539224502114678;;1.0;1.0;1.0;1.0;1.0
206513_3;1;3;1;0.75880665;1;1;1;0.0736360769473348;0.9873731838061264;0.9873731838061264;;1.0;1.0;1.0;1.0;1.0
206811_3;1;3;0;0.8289516;1;1;1;0.5971428571428572;0.8857630598698409;0.8857630598698409;;1.0;1.0;1.0;1.0;1.0
213192_3;1;3;0;0.84613675;1;1;1;0.4966682532127557;0.99217990781504;0.99217990781504;;1.0;1.0;1.0;1.0;1.0
213417_3;1;3;1;0.9394127;1;1;1;0.4970034246575342;0.9899638635290258;0.9899638635290258;;1.0;1.0;;1.0;1.0
