Case ID,Actual,Prefix Length,Prediction,Prediction Probability
204724_6,0,6,1,0.8952199
208754_6,1,6,1,0.75245607
208766_6,0,6,0,0.5150664
210401_6,1,6,1,0.5267742
210815_6,1,6,1,0.6629486
211317_6,0,6,0,0.85906947
211381_6,1,6,0,0.88873506
211817_6,0,6,1,0.8685224
