Case ID,Actual,Prefix Length,Prediction,Prediction Probability
204682_2,0,2,1,0.99874014
204808_2,0,2,1,0.8753801
205415_2,1,2,1,0.8608569
206162_2,1,2,1,0.8289073
207044_2,0,2,0,0.5759355
209721_2,1,2,0,0.84571004
209781_2,0,2,1,0.9363755
212109_2,1,2,1,0.9856247
