"Case ID;Actual;Prefix Length;Prediction;Prediction Probability;SHAP Subset Stability;SHAP Weight Stability;SHAP Adjusted Weight Stability";LIME Subset Stability;LIME Weight Stability;LIME Adjusted Weight Stability
"204661_14;1;14;1;0.7399448;1;1;1";0.8871968415115623;0.9038315900447011;0.9038315900447011
"205217_14;1;14;1;0.958902;1;1;1";0.412252279406224;0.8223498954587151;0.8223498954587151
"207810_14;0;14;0;0.9620142;1;1;1";0.7874149659863945;0.7886982912917306;0.7886982912917306
"208052_14;1;14;1;0.82940984;1;1;1";0.49122807017543857;0.8163443423460169;0.8163443423460169
"208382_14;0;14;0;0.91229004;1;1;1";0.28385416666666663;0.8415406163367093;0.8415406163367093
"210617_14;0;14;0;0.99216026;1;1;1";0.48892674616695053;0.8487422535230603;0.8487422535230603
"211928_14;0;14;1;0.53850627;1;1;1";0.5408695652173914;0.9199146594738656;0.9199146594738656
"213672_14;1;14;1;0.99989736;1;1;1";0.5651780052540991;0.9418750798299379;0.9418750798299379
