Case ID,Actual,Prefix Length,Prediction,Prediction Probability
205382_5,0,5,0,0.940169
205568_5,0,5,0,0.9458907
205766_5,1,5,0,0.99803907
206279_5,1,5,0,0.980642
210158_5,0,5,1,0.5627054
210398_5,0,5,1,0.63785183
211125_5,1,5,1,0.90597147
213675_5,1,5,1,0.993584
