Case ID,Actual,Prefix Length,Prediction,Prediction Probability
205182_10,0,10,1,0.6153431
206147_10,0,10,1,0.9714139
208055_10,0,10,0,0.9988518
209712_10,1,10,1,0.9717211
209859_10,0,10,1,0.98359966
210476_10,1,10,1,0.9990416
212079_10,1,10,1,0.98026973
213300_10,1,10,0,0.76231873
