Case ID,Actual,Prefix Length,Prediction,Prediction Probability
204862_3,1,3,0,0.93873894
205343_3,0,3,0,0.9549344
207212_3,0,3,0,0.8468622
211507_3,1,3,1,0.6252823
212187_3,0,3,1,0.9979923
213354_3,1,3,0,0.84187734
