Case ID;Actual;Prefix Length;Prediction;Prediction Probability;SHAP Subset Stability;SHAP Weight Stability;SHAP Adjusted Weight Stability;LIME Subset Stability;LIME Weight Stability;LIME Adjusted Weight Stability
205182_10;0;10;1;0.6153431;1;1;1;0.8870404600533991;0.9318464357284187;0.9318464357284187
206147_10;0;10;1;0.9714139;1;1;1;0.8870404600533991;0.967261088525077;0.967261088525077
208055_10;0;10;0;0.9988518;1;1;1;0.8314950980392156;0.9612813075220323;0.9612813075220323
209712_10;1;10;1;0.9717211;1;1;1;0.8870404600533991;0.938546422544274;0.938546422544274
209859_10;0;10;1;0.98359966;1;1;1;0.8097324723247232;0.9318662264068325;0.9318662264068325
210476_10;1;10;1;0.9990416;1;1;1;0.8097324723247232;0.9232433567802566;0.9232433567802566
212079_10;1;10;1;0.98026973;1;1;1;0.8097324723247232;0.9395242869956747;0.9395242869956747
213300_10;1;10;0;0.76231873;1;1;1;0.7829518547750591;0.9046037961902031;0.9046037961902031
