Case ID,Actual,Prefix Length,Prediction,Prediction Probability
204850_9,0,9,0,0.5531065
205005_9,1,9,1,0.84699833
205370_9,0,9,1,0.9982425
206053_9,1,9,1,0.7708315
207945_9,0,9,0,0.6468891
209859_9,0,9,1,0.9968971
210017_9,1,9,1,0.93557274
210149_9,1,9,0,0.99964625
