Case ID,Actual,Prefix Length,Prediction,Prediction Probability
204592_8,1,8,1,0.82266194
205676_8,0,8,0,0.9993288
205757_8,0,8,1,0.983685
209697_8,0,8,1,0.98225754
211125_8,1,8,0,0.92084384
211549_8,1,8,1,0.9977004
211883_8,0,8,1,0.9349849
212602_8,1,8,0,0.99947524
