Case ID,Actual,Prefix Length,Prediction,Prediction Probability
205379_10,0,10,0,0.76143473
206123_10,1,10,1,0.8929252
206567_10,0,10,1,0.5891761
207599_10,1,10,0,0.7354996
207662_10,0,10,1,0.9773809
211871_10,1,10,1,0.86519283
