Case ID,Actual,Prefix Length,Prediction,Prediction Probability
204730_3,0,3,0,0.612247
205358_3,0,3,0,0.9826718
205797_3,0,3,0,0.88763
206417_3,0,3,0,0.99819183
206513_3,1,3,1,0.75880665
206811_3,1,3,0,0.8289516
213192_3,1,3,0,0.84613675
213417_3,1,3,1,0.9394127
