Case ID,Actual,Prefix Length,Prediction,Prediction Probability
204730_4,0,4,1,0.8178492
206132_4,0,4,0,0.96777123
207831_4,0,4,1,0.84454715
208247_4,1,4,1,0.8018334
208793_4,1,4,1,0.5602278
210987_4,1,4,1,0.85578287
211381_4,1,4,0,0.68764806
213765_4,0,4,0,0.6122358
