Case ID;Actual;Prefix Length;Prediction;Prediction Probability;SHAP Subset Stability;SHAP Weight Stability;SHAP Adjusted Weight Stability
204730_4;0;4;1;0.8178492;1;1;1
206132_4;0;4;0;0.96777123;1;1;1
207831_4;0;4;1;0.84454715;1;1;1
208247_4;1;4;1;0.8018334;1;1;1
208793_4;1;4;1;0.5602278;1;1;1
210987_4;1;4;1;0.85578287;1;1;1
211381_4;1;4;0;0.68764806;1;1;1
213765_4;0;4;0;0.6122358;1;1;1
