Case ID;Actual;Prefix Length;Prediction;Prediction Probability;SHAP Subset Stability;SHAP Weight Stability;SHAP Adjusted Weight Stability
204730_3;0;3;0;0.612247;1;1;1
205358_3;0;3;0;0.9826718;1;1;1
205797_3;0;3;0;0.88763;1;1;1
206417_3;0;3;0;0.99819183;1;1;1
206513_3;1;3;1;0.75880665;1;1;1
206811_3;1;3;0;0.8289516;1;1;1
213192_3;1;3;0;0.84613675;1;1;1
213417_3;1;3;1;0.9394127;1;1;1
