Case ID,Actual,Prefix Length,Prediction,Prediction Probability
204841_16,1,16,1,0.9773607
204891_16,0,16,0,0.79058564
206510_16,1,16,0,0.8744031
208157_16,1,16,1,0.61746854
208382_16,0,16,0,0.9752108
208844_16,0,16,0,0.99997693
