Case ID;Actual;Prefix Length;Prediction;Prediction Probability;SHAP Subset Stability;SHAP Weight Stability;SHAP Adjusted Weight Stability
206411_11;0;11;0;0.99838203;1;1;1
206456_11;1;11;0;0.9984229;1;1;1
208901_11;1;11;1;0.8188233;1;1;1
209841_11;0;11;0;0.99250805;1;1;1
210416_11;0;11;0;0.9860914;1;1;1
211287_11;1;11;1;0.9993788;1;1;1
213091_11;1;11;0;0.9967913;1;1;1
213792_11;0;11;0;0.9979949;1;1;1
