Case ID,Actual,Prefix Length,Prediction,Prediction Probability
205849_18,0,18,1,0.55116814
206246_18,0,18,1,0.78513175
207674_18,0,18,0,0.99359244
207783_18,1,18,1,0.97429997
211254_18,1,18,1,0.55332994
212632_18,1,18,1,0.8054011
