Case ID,Actual,Prefix Length,Prediction,Prediction Probability
206910_3,1,3,1,0.9838097
209520_3,0,3,0,0.99722934
210266_3,0,3,1,0.9844833
211275_3,0,3,1,0.99247605
211946_3,1,3,1,0.7100102
212563_3,0,3,0,0.98648965
213010_3,1,3,0,0.8839441
213234_3,1,3,1,0.9373283
