Case ID,Actual,Prefix Length,Prediction,Prediction Probability
206627_13,1,13,1,0.983833
207503_13,0,13,0,0.9042433
207515_13,1,13,0,0.874893
208025_13,0,13,0,0.9996873
208997_13,1,13,1,0.9692768
209090_13,0,13,0,0.89751923
