Case ID,Actual,Prefix Length,Prediction,Prediction Probability
206763_7,0,7,1,0.9389117
207461_7,1,7,0,0.9999599
209188_7,1,7,1,0.9993618
209712_7,1,7,0,0.99999994
210032_7,0,7,1,0.99996006
211122_7,0,7,0,0.9933667
212118_7,0,7,0,0.9997249
213052_7,1,7,1,0.8516229
