Case ID,Actual,Prefix Length,Prediction,Prediction Probability
205556_12,0,12,1,0.96138644
205954_12,1,12,0,0.82413626
206047_12,1,12,0,0.83969766
209063_12,1,12,1,0.98468286
209607_12,0,12,1,0.9892693
210617_12,0,12,0,0.96787786
210719_12,0,12,0,0.6416586
211038_12,1,12,1,0.9269515
