Case ID,Actual,Prefix Length,Prediction,Prediction Probability
204544_7,0,7,0,0.9500723
205954_7,1,7,1,0.8731809
206898_7,1,7,0,0.76326716
207077_7,0,7,0,0.99015635
209520_7,0,7,0,0.99999976
209577_7,1,7,1,0.9971726
