Case ID,Actual,Prefix Length,Prediction,Prediction Probability
204628_12,1,12,0,0.9885512
206047_12,1,12,0,0.8791968
206099_12,0,12,1,0.8837832
207200_12,1,12,0,0.9688624
209138_12,0,12,0,0.6560092
210086_12,0,12,1,0.56716526
211859_12,0,12,1,0.9308968
214019_12,1,12,0,0.76668185
