Case ID,Actual,Prefix Length,Prediction,Prediction Probability
204682_9,0,9,1,0.60925233
205340_9,0,9,0,0.86704135
206624_9,1,9,1,0.7083841
208997_9,1,9,1,0.99822587
209380_9,0,9,1,0.97709095
209422_9,1,9,0,0.81082463
