Case ID,Actual,Prefix Length,Prediction,Prediction Probability
204661_15,1,15,0,0.9926354
206165_15,0,15,1,0.8918017
206615_15,1,15,1,0.9961908
207485_15,0,15,1,0.9963368
209269_15,0,15,1,0.9671097
211122_15,0,15,0,0.6860516
211335_15,1,15,1,0.9991204
212803_15,1,15,0,0.991634
