Case ID;Actual;Prefix Length;Prediction;Prediction Probability;SHAP Subset Stability;SHAP Weight Stability;SHAP Adjusted Weight Stability
205298_6;0;6;0;0.93286896;1;1;1
206456_6;1;6;1;0.6740526;1;1;1
206778_6;0;6;0;0.96352375;1;1;1
206910_6;1;6;1;0.9721753;1;1;1
209057_6;0;6;0;0.9712932;1;1;1
209838_6;1;6;0;0.99076545;1;1;1
210629_6;0;6;1;0.9864981;1;1;1
212692_6;1;6;1;0.9954432;1;1;1
