Case ID,Actual,Prefix Length,Prediction,Prediction Probability
204685_10,0,10,0,0.84015965
204721_10,0,10,0,0.5565736
205960_10,0,10,0,0.8378767
210791_10,1,10,1,0.79834425
211125_10,1,10,1,0.89511293
211212_10,1,10,1,0.88686764
211928_10,0,10,0,0.65147233
211955_10,1,10,0,0.8100896
