Case ID,Actual,Prefix Length,Prediction,Prediction Probability
204909_5,0,5,0,0.53176904
207005_5,1,5,1,0.99979967
207945_5,0,5,0,0.5653315
209712_5,1,5,0,0.9526849
211543_5,0,5,1,0.596304
212425_5,1,5,0,0.9982167
212776_5,0,5,1,0.92234015
213873_5,1,5,1,0.58451086
