Case ID,Actual,Prefix Length,Prediction,Prediction Probability
204909_11,0,11,0,0.9708515
207107_11,1,11,0,0.8765971
209260_11,1,11,1,0.56500626
211898_11,1,11,1,0.99113643
212298_11,0,11,0,0.9932477
213765_11,0,11,0,0.9930989
