"Case ID;Actual;Prefix Length;Prediction;Prediction Probability;SHAP Subset Stability;SHAP Weight Stability;SHAP Adjusted Weight Stability";LIME Subset Stability;LIME Weight Stability;LIME Adjusted Weight Stability
"205757_13;0;13;0;0.9418118;1;1;1";1.0;0.9519397913807582;0.9519397913807582
"206489_13;1;13;0;0.9993422;1;1;1";1.0;0.8866079072822036;0.8866079072822036
"207014_13;1;13;0;0.8351784;1;1;1";1.0;0.6069381488382811;0.6069381488382811
"208754_13;1;13;1;0.99574983;1;1;1";1.0;0.9200188832676913;0.9200188832676913
"211423_13;0;13;0;0.5451194;1;1;1";0.3874570446735396;0.8701494187208797;0.8701494187208797
"212079_13;1;13;1;0.9998337;1;1;1";1.0;0.790554767871279;0.790554767871279
"212524_13;0;13;1;0.91693556;1;1;1";0.09942980202138862;0.8925052517282825;0.8925052517282825
"212554_13;0;13;1;0.781859;1;1;1";1.0;0.9243066246941332;0.9243066246941332
