Case ID,Actual,Prefix Length,Prediction,Prediction Probability
204553_19,0,19,0,0.9950804
207413_19,1,19,0,0.99690545
208793_19,1,19,0,0.6440215
209084_19,1,19,1,0.6490662
209090_19,0,19,0,0.74390936
211317_19,0,19,0,0.8679037
