Case ID;Actual;Prefix Length;Prediction;Prediction Probability;SHAP Subset Stability;SHAP Weight Stability;SHAP Adjusted Weight Stability
206763_7;0;7;1;0.9389117;1;1;1
207461_7;1;7;0;0.9999599;1;1;1
209188_7;1;7;1;0.9993618;1;1;1
209712_7;1;7;0;0.99999994;1;1;1
210032_7;0;7;1;0.99996006;1;1;1
211122_7;0;7;0;0.9933667;1;1;1
212118_7;0;7;0;0.9997249;1;1;1
213052_7;1;7;1;0.8516229;1;1;1
