Case ID;Actual;Prefix Length;Prediction;Prediction Probability;SHAP Subset Stability;SHAP Weight Stability;SHAP Adjusted Weight Stability;LIME Subset Stability;LIME Weight Stability;LIME Adjusted Weight Stability
204730_4;0;4;1;0.8178492;1;1;1;0.5976470588235293;0.930663374056033;0.930663374056033
206132_4;0;4;0;0.96777123;1;1;1;0.8953488372093024;0.8867790409367585;0.8867790409367585
207831_4;0;4;1;0.84454715;1;1;1;0.823943661971831;0.8810614668025721;0.8810614668025721
208247_4;1;4;1;0.8018334;1;1;1;0.5976470588235293;0.9179118655733052;0.9179118655733052
208793_4;1;4;1;0.5602278;1;1;1;0.5659722222222221;0.7831032704270932;0.7831032704270932
210987_4;1;4;1;0.85578287;1;1;1;0.4938380281690139;0.843006919777364;0.843006919777364
211381_4;1;4;0;0.68764806;1;1;1;0.675979262672811;0.8952753161210807;0.8952753161210807
213765_4;0;4;0;0.6122358;1;1;1;0.5504495504495505;0.8562345361203573;0.8562345361203573
