Case ID,Actual,Prefix Length,Prediction,Prediction Probability
204691_7,1,7,1,0.99404126
204969_7,0,7,0,0.9980113
205062_7,0,7,1,0.9985392
206336_7,0,7,0,1.0
206958_7,1,7,1,1.0
208613_7,1,7,1,0.9999999
209838_7,1,7,0,0.7889135
210266_7,0,7,1,0.9996785
