Case ID,Actual,Prefix Length,Prediction,Prediction Probability
206309_12,1,12,0,0.52056766
206333_12,0,12,0,0.9676397
206811_12,1,12,0,0.89400256
207254_12,0,12,1,0.96623045
208805_12,0,12,0,0.8903417
211281_12,1,12,1,0.67714524
