Case ID;Actual;Prefix Length;Prediction;Prediction Probability;SHAP Subset Stability;SHAP Weight Stability;SHAP Adjusted Weight Stability;LIME Subset Stability;LIME Weight Stability;LIME Adjusted Weight Stability;ACV Subset Stability;ACV Weight Stability;ACV Adjusted Weight Stability;LINDA Subset Stability;LINDA Weight Stability;LINDA Adjusted Weight Stability
205298_6;0;6;0;0.93286896;1;1;1;0.7816458955608199;0.9859512959373152;0.9859512959373152;;1.0;1.0;;1.0;1.0
206456_6;1;6;1;0.6740526;1;1;1;0.7703333333333333;0.9642631778415388;0.9642631778415388;;1.0;1.0;1.0;1.0;1.0
206778_6;0;6;0;0.96352375;1;1;1;0.6591201440699768;0.9151473217699913;0.9151473217699913;;1.0;1.0;1.0;1.0;1.0
206910_6;1;6;1;0.9721753;1;1;1;0.6680386542591275;0.9834301478988862;0.9834301478988862;;1.0;1.0;1.0;1.0;1.0
209057_6;0;6;0;0.9712932;1;1;1;0.7900990099009901;0.9850977252968776;0.9850977252968776;;1.0;1.0;1.0;1.0;1.0
209838_6;1;6;0;0.99076545;1;1;1;0.6966575091575085;0.9827591623706624;0.9827591623706624;1.0;1.0;1.0;;1.0;1.0
210629_6;0;6;1;0.9864981;1;1;1;0.8274739583333333;0.9651908080952176;0.9651908080952176;;1.0;1.0;1.0;1.0;1.0
212692_6;1;6;1;0.9954432;1;1;1;0.7463367940505122;0.992339393253545;0.992339393253545;;1.0;1.0;;1.0;1.0
