Case ID,Actual,Prefix Length,Prediction,Prediction Probability
206258_2,1,2,1,0.8083076
208070_2,0,2,0,0.69930065
212512_2,0,2,0,0.9823744
212704_2,1,2,1,0.86086535
213052_2,1,2,0,0.98622537
213792_2,0,2,0,0.5819169
