Case ID,Actual,Prefix Length,Prediction,Prediction Probability
204661_14,1,14,1,0.7399448
205217_14,1,14,1,0.958902
207810_14,0,14,0,0.9620142
208052_14,1,14,1,0.82940984
208382_14,0,14,0,0.91229004
210617_14,0,14,0,0.99216026
211928_14,0,14,1,0.53850627
213672_14,1,14,1,0.99989736
