Case ID;Actual;Prefix Length;Prediction;Prediction Probability;SHAP Subset Stability;SHAP Weight Stability;SHAP Adjusted Weight Stability;LIME Subset Stability;LIME Weight Stability;LIME Adjusted Weight Stability
206763_7;0;7;1;0.9389117;1;1;1;0.12952202436738502;0.9279719797661485;0.9279719797661485
207461_7;1;7;0;0.9999599;1;1;1;0.13461538461538458;0.8269909676714287;0.8269909676714287
209188_7;1;7;1;0.9993618;1;1;1;-0.11038961038961004;0.8750149878263763;0.8750149878263763
209712_7;1;7;0;0.99999994;1;1;1;0.28530548004006295;-1.2836213701061872;-1.2836213701061872
210032_7;0;7;1;0.99996006;1;1;1;0.35838760781552537;0.9274402448268557;0.9274402448268557
211122_7;0;7;0;0.9933667;1;1;1;0.23504413206930352;0.6686585966788345;0.6686585966788345
212118_7;0;7;0;0.9997249;1;1;1;0.302431610942249;0.8877062630880496;0.8877062630880496
213052_7;1;7;1;0.8516229;1;1;1;0.23701530977249985;0.8104508753817754;0.8104508753817754
