Case ID,Actual,Prefix Length,Prediction,Prediction Probability
204523.0,1.0,1.0,0.0,0.8090585470199585
204915.0,0.0,1.0,0.0,0.7138679623603821
207334.0,0.0,1.0,0.0,0.9914368987083435
212003.0,1.0,1.0,0.0,0.6608741283416748
212983.0,0.0,1.0,1.0,0.9565407633781433
214250.0,1.0,1.0,1.0,0.994231641292572
