Case ID,Actual,Prefix Length,Prediction,Prediction Probability
204751_8,1,8,0,0.9992227
206132_8,0,8,0,0.9620191
207780_8,1,8,0,0.999867
209664_8,0,8,0,0.89919597
212009_8,0,8,0,0.99568635
213720_8,1,8,1,0.921294
