Case ID,Actual,Prefix Length,Prediction,Prediction Probability
206411_11,0,11,0,0.99838203
206456_11,1,11,0,0.9984229
208901_11,1,11,1,0.8188233
209841_11,0,11,0,0.99250805
210416_11,0,11,0,0.9860914
211287_11,1,11,1,0.9993788
213091_11,1,11,0,0.9967913
213792_11,0,11,0,0.9979949
