Case ID,Actual,Prefix Length,Prediction,Prediction Probability
204742_4,1,4,1,0.8584306
204963_4,1,4,0,0.5210743
205876_4,0,4,0,0.816558
207071_4,0,4,1,0.723456
207783_4,1,4,1,0.59309447
209461_4,0,4,1,0.96909106
