Case ID;Actual;Prefix Length;Prediction;Prediction Probability;SHAP Subset Stability;SHAP Weight Stability;SHAP Adjusted Weight Stability
204661_14;1;14;1;0.7399448;1;1;1
205217_14;1;14;1;0.958902;1;1;1
207810_14;0;14;0;0.9620142;1;1;1
208052_14;1;14;1;0.82940984;1;1;1
208382_14;0;14;0;0.91229004;1;1;1
210617_14;0;14;0;0.99216026;1;1;1
211928_14;0;14;1;0.53850627;1;1;1
213672_14;1;14;1;0.99989736;1;1;1
