Case ID,Actual,Prefix Length,Prediction,Prediction Probability
205382_14,0,14,1,0.9858305
207053_14,1,14,0,0.9914197
210032_14,0,14,0,0.9999685
211212_14,1,14,1,0.9998192
212103_14,1,14,0,0.96826315
214142_14,0,14,0,0.9958825
