Case ID;Actual;Prefix Length;Prediction;Prediction Probability;SHAP Subset Stability;SHAP Weight Stability;SHAP Adjusted Weight Stability;LIME Subset Stability;LIME Weight Stability;LIME Adjusted Weight Stability;ACV Subset Stability;ACV Weight Stability;ACV Adjusted Weight Stability;LINDA Subset Stability;LINDA Weight Stability;LINDA Adjusted Weight Stability
206763_7;0;7;1;0.9389117;1;1;1;0.129522024367385;0.9279719797661484;0.9279719797661484;;1.0;1.0;1.0;1.0;1.0
207461_7;1;7;0;0.9999599;1;1;1;0.1346153846153845;0.8269909676714287;0.8269909676714287;;1.0;1.0;1.0;1.0;1.0
209188_7;1;7;1;0.9993618;1;1;1;-0.11038961038961;0.8750149878263763;0.8750149878263763;;1.0;1.0;1.0;1.0;1.0
209712_7;1;7;0;0.99999994;1;1;1;0.2853054800400629;-1.2836213701061872;-1.2836213701061872;;1.0;1.0;1.0;1.0;1.0
210032_7;0;7;1;0.99996006;1;1;1;0.3583876078155253;0.9274402448268556;0.9274402448268556;;1.0;1.0;1.0;1.0;1.0
211122_7;0;7;0;0.9933667;1;1;1;0.2350441320693035;0.6686585966788345;0.6686585966788345;;1.0;1.0;1.0;1.0;1.0
212118_7;0;7;0;0.9997249;1;1;1;0.3024316109422489;0.8877062630880496;0.8877062630880496;;1.0;1.0;1.0;0.9999999999999999;0.9999999999999999
213052_7;1;7;1;0.8516229;1;1;1;0.2370153097724998;0.8104508753817754;0.8104508753817754;;1.0;1.0;1.0;1.0;1.0
