Case ID;Actual;Prefix Length;Prediction;Prediction Probability;SHAP Subset Stability;SHAP Weight Stability;SHAP Adjusted Weight Stability
205757_13;0;13;0;0.9418118;1;1;1
206489_13;1;13;0;0.9993422;1;1;1
207014_13;1;13;0;0.8351784;1;1;1
208754_13;1;13;1;0.99574983;1;1;1
211423_13;0;13;0;0.5451194;1;1;1
212079_13;1;13;1;0.9998337;1;1;1
212524_13;0;13;1;0.91693556;1;1;1
212554_13;0;13;1;0.781859;1;1;1
