Case ID;Actual;Prefix Length;Prediction;Prediction Probability;SHAP Subset Stability;SHAP Weight Stability;SHAP Adjusted Weight Stability
205026_8;0;8;0;0.5479963;1;1;1
206441_8;0;8;1;0.5314013;1;1;1
209087_8;0;8;0;0.5072889;1;1;1
209120_8;1;8;0;0.60276854;1;1;1
209135_8;1;8;1;0.7026454;1;1;1
210572_8;0;8;1;0.9999968;1;1;1
213411_8;1;8;0;0.7396345;1;1;1
213672_8;1;8;0;0.9979573;1;1;1
