Case ID,Actual,Prefix Length,Prediction,Prediction Probability
204523_11,1,11,0,0.92353386
206294_11,0,11,1,0.98327786
206928_11,1,11,1,0.9973405
206937_11,1,11,1,0.9791774
208772_11,0,11,0,0.9893238
209751_11,1,11,0,0.98316205
210800_11,0,11,1,0.9702814
214148_11,0,11,1,0.8379537
