Case ID,Actual,Prefix Length,Prediction,Prediction Probability
204924_9,1,9,1,0.9894582
207128_9,1,9,1,0.9948053
207810_9,0,9,1,0.999892
208580_9,0,9,0,0.93404424
209901_9,1,9,0,0.87973803
210668_9,0,9,0,0.6232958
211817_9,0,9,1,0.943829
212626_9,1,9,1,0.9522346
