Case ID;Actual;Prefix Length;Prediction;Prediction Probability;SHAP Subset Stability;SHAP Weight Stability;SHAP Adjusted Weight Stability
204466_13;0;13;0;0.99965906;1.0;0.999999999999969;0.999999999999969
204751_13;1;13;0;0.6966173;1.0;0.9999999999999;0.9999999999999
206441_13;0;13;0;0.9995706;1.0;0.9999999999999403;0.9999999999999403
207464_13;0;13;1;0.99999344;1.0;0.9999999999999999;0.9999999999999999
207515_13;1;13;1;0.9994417;1.0;0.9999999999999906;0.9999999999999906
208064_13;0;13;1;0.9999987;1.0;0.9999999999997061;0.9999999999997061
208565_13;1;13;0;0.9106851;1.0;0.9999999999997831;0.9999999999997831
209374_13;1;13;1;0.6497511;1.0;0.9999999999999862;0.9999999999999862
