Case ID,Actual,Prefix Length,Prediction,Prediction Probability
207759_14,0,14,1,0.9999987
208508_14,0,14,0,0.7383807
209302_14,1,14,0,0.8101454
209502_14,1,14,1,0.99999726
209838_14,1,14,1,0.90610754
210581_14,0,14,0,0.62789786
212425_14,1,14,0,0.9578204
212563_14,0,14,1,0.99955267
