Case ID;Actual;Prefix Length;Prediction;Prediction Probability;SHAP Subset Stability;SHAP Weight Stability;SHAP Adjusted Weight Stability;LIME Subset Stability;LIME Weight Stability;LIME Adjusted Weight Stability
204481_11;0;11;1;0.82403225;1.0;0.9999999999999879;0.9999999999999879;0.1839592728297631;-5.1725928210034295;-5.1725928210034295
206342_11;0;11;1;0.5900979;1.0;0.9999999999998671;0.9999999999998671;0.315023729086229;0.7638428597326454;0.7638428597326454
206672_11;0;11;0;0.92212725;1.0;0.999999999999967;0.999999999999967;0.43481481481481477;0.7048569323238532;0.7048569323238532
206925_11;0;11;1;0.9446348;1.0;0.9999999999998539;0.9999999999998539;0.20477987421383648;0.6513978847808315;0.6513978847808315
208172_11;1;11;0;0.9971173;1.0;0.9999999999999705;0.9999999999999705;0.29871501340006734;0.21154726613731478;0.21154726613731478
210386_11;1;11;0;0.99351096;1.0;0.9999999999999767;0.9999999999999767;0.18504672897196262;0.6558087504790278;0.6558087504790278
211269_11;1;11;0;0.8983265;1.0;0.9999999999996081;0.9999999999996081;0.14138205334820964;0.6968023797620748;0.6968023797620748
213465_11;1;11;0;0.56155163;1.0;0.9999999999998576;0.9999999999998576;0.2571153356839082;0.6796526907840065;0.6796526907840065
