Case ID;Actual;Prefix Length;Prediction;Prediction Probability;SHAP Subset Stability;SHAP Weight Stability;SHAP Adjusted Weight Stability;LIME Subset Stability;LIME Weight Stability;LIME Adjusted Weight Stability
204703_9;1;9;0;0.98981816;1.0;0.9999999999999925;0.9999999999999925;0.18386386116356435;0.7509246350851762;0.7509246350851762
204838_9;0;9;1;0.8654252;1.0;0.9999999999999822;0.9999999999999822;0.40977351058591827;0.5705308565417202;0.5705308565417202
205385_9;1;9;0;0.8750338;1.0;0.9999999999999797;0.9999999999999797;0.37042584334683604;0.7351551117273089;0.7351551117273089
206240_9;0;9;0;0.9996769;1.0;0.9999999999999774;0.9999999999999774;0.4735960591133005;0.7262712698745457;0.7262712698745457
207572_9;0;9;0;0.5397961;1.0;0.9999999999999993;0.9999999999999993;0.2381364310430052;0.7196144841929908;0.7196144841929908
213354_9;1;9;1;0.8303949;1.0;0.9999999999999892;0.9999999999999892;0.3651136925358378;0.579678011307099;0.579678011307099
213495_9;0;9;1;0.999491;1.0;0.999999999999996;0.999999999999996;0.15054563492063477;0.36871635565487937;0.36871635565487937
213930_9;1;9;1;0.98705935;1.0;0.9999999999999837;0.9999999999999837;0.3333693771626297;0.7578495012939603;0.7578495012939603
