Case ID;Actual;Prefix Length;Prediction;Prediction Probability;SHAP Subset Stability;SHAP Weight Stability;SHAP Adjusted Weight Stability
206597_5;0;5;0;0.9975416;1.0;0.9999999999999706;0.9999999999999706
206913_5;0;5;0;0.69731987;1.0;0.9999999999999738;0.9999999999999738
207413_5;1;5;0;0.9997698;1.0;0.9999999999999705;0.9999999999999705
207560_5;0;5;0;0.90080506;1.0;0.9999999999999848;0.9999999999999848
210758_5;1;5;0;0.9995346;1.0;0.9999999999998841;0.9999999999998841
211038_5;1;5;1;0.7158268;1.0;0.9999999999999538;0.9999999999999538
211555_5;1;5;0;0.660997;1.0;0.999999999999971;0.999999999999971
211573_5;0;5;1;0.68709475;1.0;0.9999999999999186;0.9999999999999186
