Case ID;Actual;Prefix Length;Prediction;Prediction Probability;SHAP Subset Stability;SHAP Weight Stability;SHAP Adjusted Weight Stability;LIME Subset Stability;LIME Weight Stability;LIME Adjusted Weight Stability;ACV Subset Stability;ACV Weight Stability;ACV Adjusted Weight Stability
206513_4;1;4;1;0.99981934;1.0;0.9999999999971668;0.9999999999971668;0.09188034188034187;0.8552229992521571;0.8552229992521571;;1.0;1.0
206597_4;0;4;1;0.9981104;1.0;0.9999999999999444;0.9999999999999444;0.20343137254901955;0.6549419556674332;0.6549419556674332;;1.0;1.0
207266_4;0;4;1;0.9797283000000001;1.0;0.999999999998134;0.999999999998134;0.025825183374083016;0.3553118547354043;0.3553118547354043;;1.0;1.0
207969_4;0;4;0;0.9915723;1.0;1.0;1.0;0.07831325301204795;0.8448154259878917;0.8448154259878917;;1.0;1.0
208397_4;0;4;0;0.9972913;1.0;0.9999999999997732;0.9999999999997732;-0.026570048309178862;0.8505484535166647;0.8505484535166647;1.0;1.0;1.0
209188_4;1;4;0;0.58760536;1.0;0.9999999999999996;0.9999999999999996;0.12714712471993994;0.8929034368615928;0.8929034368615928;;1.0;1.0
209395_4;1;4;0;0.73176086;1.0;0.9999999999997672;0.9999999999997672;0.06707317073170728;0.9146728527171364;0.9146728527171364;;1.0;1.0
210791_4;1;4;0;0.9999214;1.0;0.9999999999999992;0.9999999999999992;0.050245098039215515;0.9155788065348556;0.9155788065348556;;1.0;1.0
