Case ID,Actual,Prefix Length,Prediction,Prediction Probability
205400_3,0,3,1,0.7544065
205969_3,0,3,0,0.8973771
206366_3,0,3,0,0.5548274
208730_3,1,3,1,0.8835203
208871_3,0,3,0,0.6829746
211263_3,1,3,1,0.90972173
213091_3,1,3,0,0.9907241
213468_3,1,3,0,0.914071
