Case ID;Actual;Prefix Length;Prediction;Prediction Probability;SHAP Subset Stability;SHAP Weight Stability;SHAP Adjusted Weight Stability;LIME Subset Stability;LIME Weight Stability;LIME Adjusted Weight Stability
205062_8;0;8;1;0.7157709;1.0;0.9999999999999508;0.9999999999999508;0.49708454810495617;0.8782722365830207;0.8782722365830207
205782_8;1;8;0;0.58414656;1.0;0.9999999999999803;0.9999999999999803;-0.11509886397600178;0.8399666004260486;0.8399666004260486
206141_8;0;8;1;0.98087764;1.0;0.9999999999999974;0.9999999999999974;-0.03559768780839212;0.9042543615057127;0.9042543615057127
208508_8;0;8;0;0.99293625;1.0;0.9999999999997896;0.9999999999997896;1.0;0.9362916372062613;0.9362916372062613
209577_8;1;8;0;0.69820213;1.0;0.999999999999972;0.999999999999972;-0.018984873151539627;0.9244605931380319;0.9244605931380319
209664_8;0;8;1;0.50811464;1.0;0.99999999999992;0.99999999999992;-0.06431872269161532;0.9516579624792088;0.9516579624792088
211287_8;1;8;1;0.9036571;1.0;0.9999999999999287;0.9999999999999287;-0.08146022832209798;0.8416254501884703;0.8416254501884703
214040_8;1;8;0;0.57819366;1.0;0.999999999999977;0.999999999999977;-0.08653609263365314;0.9336782773042795;0.9336782773042795
