Case ID,Actual,Prefix Length,Prediction,Prediction Probability
206597_5,0,5,0,0.9975416
206913_5,0,5,0,0.69731987
207413_5,1,5,0,0.9997698
207560_5,0,5,0,0.90080506
210758_5,1,5,0,0.9995346
211038_5,1,5,1,0.7158268
211555_5,1,5,0,0.660997
211573_5,0,5,1,0.68709475
