Case ID,Actual,Prefix Length,Prediction,Prediction Probability
204808_3,0,3,1,0.9906951
204936_3,0,3,0,0.6575738
204999_3,0,3,1,0.99884063
205238_3,0,3,0,0.95279115
205403_3,1,3,1,0.88143516
206053_3,1,3,0,0.9999289
207377_3,1,3,0,0.9448399
209021_3,1,3,0,0.7837828
