Case ID;Actual;Prefix Length;Prediction;Prediction Probability;SHAP Subset Stability;SHAP Weight Stability;SHAP Adjusted Weight Stability
206216_6;0;6;0;0.9967958;1.0;0.9999999999977514;0.9999999999977514
206546_6;1;6;1;0.7551048;1.0;0.9999999999999857;0.9999999999999857
206606_6;0;6;0;0.91843474;1.0;0.9999999999999705;0.9999999999999705
208901_6;1;6;0;0.6399455;1.0;0.9999999999999581;0.9999999999999581
211955_6;1;6;0;0.96562296;1.0;0.9999999999999669;0.9999999999999669
212773_6;0;6;0;0.9795586;1.0;0.9999999999999746;0.9999999999999746
213001_6;1;6;1;0.84549755;1.0;0.9999999999999787;0.9999999999999787
214037_6;0;6;0;0.5807103;1.0;0.9999999999999701;0.9999999999999701
