Case ID,Actual,Prefix Length,Prediction,Prediction Probability
207005.0,1.0,1.0,1.0,0.9996732473373413
208499.0,0.0,1.0,0.0,0.9999828338623047
208514.0,0.0,1.0,0.0,0.9999914169311523
209087.0,0.0,1.0,0.0,0.9886271357536316
210071.0,0.0,1.0,1.0,0.9999189376831055
210827.0,1.0,1.0,1.0,0.9959204196929932
213195.0,1.0,1.0,0.0,0.9235474467277527
213411.0,1.0,1.0,0.0,0.9729748368263245
