Case ID,Actual,Prefix Length,Prediction,Prediction Probability
205754_6,0,6,0,0.97127837
207140_6,1,6,0,0.9942703
207266_6,0,6,0,0.6823567
210494_6,0,6,1,0.6814664
210725_6,0,6,1,0.6304713
210806_6,1,6,0,0.9958294
212917_6,1,6,0,0.5986043
213201_6,1,6,1,0.6968974
