"Case ID;Actual;Prefix Length;Prediction;Prediction Probability;SHAP Subset Stability;SHAP Weight Stability;SHAP Adjusted Weight Stability";LIME Subset Stability;LIME Weight Stability;LIME Adjusted Weight Stability
"206862_10;0;10;1;0.5364917;1.0;0.9999999999999898;0.9999999999999898";0.13948564593301438;0.7164350468951277;0.7164350468951277
"207515_10;1;10;1;0.8877126;1.0;0.9999999999999888;0.9999999999999888";0.18449929047262392;0.8321516414029303;0.8321516414029303
"207759_10;0;10;0;0.9653985;1.0;0.9999999999999578;0.9999999999999578";0.18006845079895428;0.8469391342447106;0.8469391342447106
"208934_10;0;10;0;0.906172;1.0;0.9999999999999802;0.9999999999999802";0.17251493837918563;0.7747729646945263;0.7747729646945263
"210683_10;1;10;0;0.6662717;1.0;0.999999999999935;0.999999999999935";-0.03214054267871869;0.8066960424540423;0.8066960424540423
"211257_10;1;10;0;0.7024176;1.0;0.9999999999999147;0.9999999999999147";0.22530645921735015;0.7572925865587624;0.7572925865587624
"212563_10;0;10;0;0.9986909;1.0;0.9999999999999907;0.9999999999999907";0.1551785083068219;0.794982255849588;0.794982255849588
"212944_10;1;10;0;0.9890494;1.0;0.9999999999999417;0.9999999999999417";0.019728766347197668;0.7061887291509525;0.7061887291509525
