"Case ID;Actual;Prefix Length;Prediction;Prediction Probability;SHAP Subset Stability;SHAP Weight Stability;SHAP Adjusted Weight Stability";LIME Subset Stability;LIME Weight Stability;LIME Adjusted Weight Stability
"204993_14;0;14;0;0.99999994;1.0;0.9999999999998835;0.9999999999998835";0.09046863988724974;0.8854836727729086;0.8854836727729086
"205205_14;0;14;0;0.9999862;1.0;0.9999999999998941;0.9999999999998941";0.03839482703595376;0.8405583254446976;0.8405583254446976
"205511_14;1;14;0;1.0;1.0;0.9999999999998833;0.9999999999998833";-0.03407012376178842;0.9314609165838004;0.9314609165838004
"205766_14;1;14;0;0.9999994;1.0;0.9999999999999555;0.9999999999999555";-0.1285710368734363;0.7389484735029908;0.7389484735029908
"206294_14;0;14;0;0.5448437;1.0;0.9999999999998994;0.9999999999998994";-0.0608315295815296;0.9273430977739601;0.9273430977739601
"206408_14;1;14;1;0.7335169;1.0;0.9999999999998012;0.9999999999998012";-0.014641288433381972;0.687584305524857;0.687584305524857
"207870_14;0;14;0;0.5029682;1.0;0.9999999999998909;0.9999999999998909";-0.14846507686611132;0.9490738086330481;0.9490738086330481
"208577_14;1;14;1;0.9988589;1.0;0.9999999999998825;0.9999999999998825";-0.07679281510065739;0.9157551371002255;0.9157551371002255
