Case ID;Actual;Prefix Length;Prediction;Prediction Probability;SHAP Subset Stability;SHAP Weight Stability;SHAP Adjusted Weight Stability;LIME Subset Stability;LIME Weight Stability;LIME Adjusted Weight Stability;ACV Subset Stability;ACV Weight Stability;ACV Adjusted Weight Stability
204466_13;0;13;0;0.99965906;1.0;0.9999999999999691;0.9999999999999691;0.03832169866201274;0.7877809473049444;0.7877809473049444;;1.0;1.0
204751_13;1;13;0;0.6966173000000001;1.0;0.9999999999999;0.9999999999999;0.050602175602175725;0.7780778395460948;0.7780778395460948;1.0;1.0;1.0
206441_13;0;13;0;0.9995706;1.0;0.9999999999999404;0.9999999999999404;0.13082104593189758;0.8082717547842443;0.8082717547842443;;1.0;1.0
207464_13;0;13;1;0.99999344;1.0;1.0;1.0;0.047238372093023166;0.6183677894600181;0.6183677894600181;;1.0;1.0
207515_13;1;13;1;0.9994417;1.0;0.9999999999999906;0.9999999999999906;0.06259097525473079;0.7521234102163614;0.7521234102163614;;1.0;1.0
208064_13;0;13;1;0.9999986999999999;1.0;0.999999999999706;0.999999999999706;0.041786443361246484;0.6829382480239441;0.6829382480239441;;1.0;1.0
208565_13;1;13;0;0.9106851;1.0;0.9999999999997832;0.9999999999997832;0.050536933860531714;0.7185896378659089;0.7185896378659089;;1.0;1.0
209374_13;1;13;1;0.6497510999999999;1.0;0.9999999999999862;0.9999999999999862;-0.003198604245420178;0.551369838869179;0.551369838869179;;1.0;1.0
