Case ID,Actual,Prefix Length,Prediction,Prediction Probability
204751_2,1,2,0,0.99999815
205256_2,0,2,1,0.99984944
205721_2,1,2,1,0.9979644
206669_2,0,2,0,0.99998564
207053_2,1,2,0,0.60376686
207780_2,1,2,0,0.9997214
208667_2,0,2,0,0.99967635
208949_2,0,2,1,0.9995467
