Case ID,Actual,Prefix Length,Prediction,Prediction Probability
205733_11,1,11,1,0.71610445
206294_11,0,11,1,0.9670634
206763_11,0,11,0,0.63807756
207674_11,0,11,0,0.997299
208679_11,1,11,1,0.98388493
210629_11,0,11,1,0.8832596
211281_11,1,11,0,0.8507086
213258_11,1,11,1,0.9773627
