Case ID,Actual,Prefix Length,Prediction,Prediction Probability
204793_6,0,6,0,0.9954182
204981_6,0,6,0,0.9888874
205313_6,1,6,1,0.94985646
207041_6,0,6,0,0.7512198
210815_6,1,6,0,0.80139184
211257_6,1,6,1,0.5266522
