Case ID,Actual,Prefix Length,Prediction,Prediction Probability
204691_10,1,10,1,0.66281015
204847_10,0,10,0,0.82712626
205379_10,0,10,1,0.9783245
205532_10,1,10,1,0.9144558
205882_10,1,10,1,0.99017054
208247_10,1,10,0,0.996423
208508_10,0,10,0,0.99675196
208817_10,0,10,0,0.91859365
