Case ID;Actual;Prefix Length;Prediction;Prediction Probability;SHAP Subset Stability;SHAP Weight Stability;SHAP Adjusted Weight Stability
204808_7;0;7;0;0.7433904;1.0;0.9999999999991123;0.9999999999991123
204829_7;0;7;1;0.97405666;1.0;0.9999999999999966;0.9999999999999966
206053_7;1;7;0;0.9978453;1.0;0.9999999999979354;0.9999999999979354
208241_7;0;7;0;0.97179204;1.0;0.9999999999999332;0.9999999999999332
211110_7;1;7;0;0.9891735;1.0;0.9999999999999899;0.9999999999999899
212704_7;1;7;0;0.99552417;1.0;0.9999999999999992;0.9999999999999992
214034_7;0;7;0;0.5643736;1.0;0.9999999999999998;0.9999999999999998
214040_7;1;7;0;0.97916394;1.0;0.9999999999999923;0.9999999999999923
