Case ID,Actual,Prefix Length,Prediction,Prediction Probability
204466_13,0,13,0,0.99965906
204751_13,1,13,0,0.6966173
206441_13,0,13,0,0.9995706
207464_13,0,13,1,0.99999344
207515_13,1,13,1,0.9994417
208064_13,0,13,1,0.9999987
208565_13,1,13,0,0.9106851
209374_13,1,13,1,0.6497511
