Case ID;Actual;Prefix Length;Prediction;Prediction Probability;SHAP Subset Stability;SHAP Weight Stability;SHAP Adjusted Weight Stability
204703_9;1;9;0;0.98981816;1.0;0.9999999999999925;0.9999999999999925
204838_9;0;9;1;0.8654252;1.0;0.9999999999999822;0.9999999999999822
205385_9;1;9;0;0.8750338;1.0;0.9999999999999797;0.9999999999999797
206240_9;0;9;0;0.9996769;1.0;0.9999999999999774;0.9999999999999774
207572_9;0;9;0;0.5397961;1.0;0.9999999999999993;0.9999999999999993
213354_9;1;9;1;0.8303949;1.0;0.9999999999999892;0.9999999999999892
213495_9;0;9;1;0.999491;1.0;0.999999999999996;0.999999999999996
213930_9;1;9;1;0.98705935;1.0;0.9999999999999837;0.9999999999999837
