Case ID,Actual,Prefix Length,Prediction,Prediction Probability
205433_20,0,20,0,0.62793714
205733_20,1,20,1,0.79048246
206811_20,1,20,0,0.9649212
207852_20,1,20,1,0.95960855
209341_20,0,20,0,0.9997188
210071_20,0,20,0,0.9858052
