Case ID,Actual,Prefix Length,Prediction,Prediction Probability
204724_15,0,15,1,0.99889576
205409_15,1,15,0,0.6084329
205766_15,1,15,0,0.99999607
206357_15,0,15,1,0.9999862
206438_15,1,15,0,0.99981517
213711_15,0,15,0,0.99826115
