Case ID;Actual;Prefix Length;Prediction;Prediction Probability;SHAP Subset Stability;SHAP Weight Stability;SHAP Adjusted Weight Stability;LIME Subset Stability;LIME Weight Stability;LIME Adjusted Weight Stability
206513_4;1;4;1;0.99981934;1.0;0.9999999999971667;0.9999999999971667;0.09188034188034189;0.8552229992521571;0.8552229992521571
206597_4;0;4;1;0.9981104;1.0;0.9999999999999444;0.9999999999999444;0.20343137254901955;0.6549419556674332;0.6549419556674332
207266_4;0;4;1;0.9797283;1.0;0.9999999999981339;0.9999999999981339;0.025825183374083016;0.3553118547354043;0.3553118547354043
207969_4;0;4;0;0.9915723;1.0;1.0;1.0;0.07831325301204795;0.8448154259878917;0.8448154259878917
208397_4;0;4;0;0.9972913;1.0;0.9999999999997733;0.9999999999997733;-0.026570048309178862;0.8505484535166647;0.8505484535166647
209188_4;1;4;0;0.58760536;1.0;0.9999999999999996;0.9999999999999996;0.12714712471993994;0.8929034368615928;0.8929034368615928
209395_4;1;4;0;0.73176086;1.0;0.9999999999997673;0.9999999999997673;0.06707317073170727;0.9146728527171365;0.9146728527171365
210791_4;1;4;0;0.9999214;1.0;0.9999999999999992;0.9999999999999992;0.05024509803921551;0.9155788065348557;0.9155788065348557
