Case ID,Actual,Prefix Length,Prediction,Prediction Probability
205062_8,0,8,1,0.7157709
205782_8,1,8,0,0.58414656
206141_8,0,8,1,0.98087764
208508_8,0,8,0,0.99293625
209577_8,1,8,0,0.69820213
209664_8,0,8,1,0.50811464
211287_8,1,8,1,0.9036571
214040_8,1,8,0,0.57819366
