Case ID;Actual;Prefix Length;Prediction;Prediction Probability;SHAP Subset Stability;SHAP Weight Stability;SHAP Adjusted Weight Stability;LIME Subset Stability;LIME Weight Stability;LIME Adjusted Weight Stability;ACV Subset Stability;ACV Weight Stability;ACV Adjusted Weight Stability;LINDA Subset Stability;LINDA Weight Stability;LINDA Adjusted Weight Stability
206216_6;0;6;0;0.9967958;1.0;0.9999999999977514;0.9999999999977514;0.2427449236697791;0.7545214044190248;0.7545214044190248;;1.0;1.0;;1.0;1.0
206546_6;1;6;1;0.7551048;1.0;0.9999999999999856;0.9999999999999856;0.3812166424065987;0.8035731481607252;0.8035731481607252;;1.0;1.0;1.0;1.0;1.0
206606_6;0;6;0;0.91843474;1.0;0.9999999999999704;0.9999999999999704;0.3236371769318309;0.8628306557939077;0.8628306557939077;1.0;1.0;1.0;1.0;1.0;1.0
208901_6;1;6;0;0.6399455;1.0;0.999999999999958;0.999999999999958;0.2784843162564979;0.6727006575952452;0.6727006575952452;;1.0;1.0;1.0;1.0;1.0
211955_6;1;6;0;0.96562296;1.0;0.9999999999999668;0.9999999999999668;0.4845005020080321;0.9145038278377996;0.9145038278377996;1.0;1.0;1.0;;1.0;1.0
212773_6;0;6;0;0.9795586;1.0;0.9999999999999746;0.9999999999999746;0.4154411764705882;0.8314378231388058;0.8314378231388058;1.0;1.0;1.0;;1.0;1.0
213001_6;1;6;1;0.84549755;1.0;0.9999999999999788;0.9999999999999788;0.3632638888888888;0.8893015057381287;0.8893015057381287;;1.0;1.0;1.0;1.0;1.0
214037_6;0;6;0;0.5807103;1.0;0.9999999999999699;0.9999999999999699;0.3107165775401068;0.8264769078672501;0.8264769078672501;;1.0;1.0;1.0;1.0;1.0
