Case ID,Actual,Prefix Length,Prediction,Prediction Probability
206513_4,1,4,1,0.99981934
206597_4,0,4,1,0.9981104
207266_4,0,4,1,0.9797283
207969_4,0,4,0,0.9915723
208397_4,0,4,0,0.9972913
209188_4,1,4,0,0.58760536
209395_4,1,4,0,0.73176086
210791_4,1,4,0,0.9999214
