Case ID,Actual,Prefix Length,Prediction,Prediction Probability
205583_16,0,16,0,0.9968421
206615_16,1,16,1,0.67346853
208550_16,0,16,1,0.7069714
209374_16,1,16,0,0.79898167
209835_16,1,16,0,0.95956284
212785_16,0,16,0,0.93280256
