Case ID,Actual,Prefix Length,Prediction,Prediction Probability
205164_9,0,9,1,0.9679989
205924_9,0,9,0,0.9999575
206231_9,0,9,1,0.8240452
207017_9,0,9,1,0.5021437
207605_9,1,9,0,1.0
211116_9,1,9,0,0.95202655
211549_9,1,9,1,0.9999988
213995_9,1,9,0,0.75196135
