Case ID,Actual,Prefix Length,Prediction,Prediction Probability
204469_19,0,19,0,0.90035945
204936_19,0,19,1,0.97834104
205586_19,0,19,1,0.9978302
211008_19,1,19,1,0.5823228
211098_19,1,19,0,0.7758567
212265_19,1,19,0,0.99973774
