Case ID;Actual;Prefix Length;Prediction;Prediction Probability;SHAP Subset Stability;SHAP Weight Stability;SHAP Adjusted Weight Stability
205065_2;1;2;1;0.9951147;1.0;0.9999999999999966;0.9999999999999966
205474_2;0;2;0;0.75013906;1.0;0.9999999999992888;0.9999999999992888
209577_2;1;2;0;0.99997556;1.0;0.9999999999992292;0.9999999999992292
209712_2;1;2;0;1.0;1.0;0.9999999999983524;0.9999999999983524
210668_2;0;2;1;0.99963355;1.0;0.9999999999996194;0.9999999999996194
210872_2;0;2;0;0.8073363;1.0;0.999999999998908;0.999999999998908
212298_2;0;2;0;0.9999134;1.0;1.0;1.0
213906_2;1;2;1;0.8368223;1.0;0.9999999999999984;0.9999999999999984
