Case ID;Actual;Prefix Length;Prediction;Prediction Probability;SHAP Subset Stability;SHAP Weight Stability;SHAP Adjusted Weight Stability;LIME Subset Stability;LIME Weight Stability;LIME Adjusted Weight Stability;ACV Subset Stability;ACV Weight Stability;ACV Adjusted Weight Stability
206862_10;0;10;1;0.5364916999999999;1.0;0.9999999999999898;0.9999999999999898;0.13948564593301438;0.7164350468951277;0.7164350468951277;;1.0;1.0
207515_10;1;10;1;0.8877126000000001;1.0;0.9999999999999888;0.9999999999999888;0.18449929047262392;0.8321516414029303;0.8321516414029303;;1.0;1.0
207759_10;0;10;0;0.9653985;1.0;0.9999999999999578;0.9999999999999578;0.18006845079895428;0.8469391342447106;0.8469391342447106;;1.0;1.0
208934_10;0;10;0;0.906172;1.0;0.9999999999999802;0.9999999999999802;0.17251493837918566;0.7747729646945263;0.7747729646945263;;1.0;1.0
210683_10;1;10;0;0.6662716999999999;1.0;0.999999999999935;0.999999999999935;-0.03214054267871869;0.8066960424540423;0.8066960424540423;1.0;1.0;1.0
211257_10;1;10;0;0.7024176;1.0;0.9999999999999148;0.9999999999999148;0.2253064592173501;0.7572925865587624;0.7572925865587624;;1.0;1.0
212563_10;0;10;0;0.9986908999999999;1.0;0.9999999999999908;0.9999999999999908;0.1551785083068219;0.794982255849588;0.794982255849588;;1.0;1.0
212944_10;1;10;0;0.9890494000000001;1.0;0.9999999999999416;0.9999999999999416;0.019728766347197668;0.7061887291509525;0.7061887291509525;;1.0;1.0
