Case ID,Actual,Prefix Length,Prediction,Prediction Probability
204993_12,0,12,0,0.9999993
207200_12,1,12,1,0.9676991
207254_12,0,12,0,0.99101084
208430_12,0,12,0,0.99767065
208679_12,1,12,1,0.9109467
210587_12,1,12,1,0.99930453
210668_12,0,12,1,0.9953572
212003_12,1,12,1,0.9569484
