Case ID;Actual;Prefix Length;Prediction;Prediction Probability;SHAP Subset Stability;SHAP Weight Stability;SHAP Adjusted Weight Stability
205062_8;0;8;1;0.7157709;1.0;0.9999999999999508;0.9999999999999508
205782_8;1;8;0;0.58414656;1.0;0.9999999999999803;0.9999999999999803
206141_8;0;8;1;0.98087764;1.0;0.9999999999999974;0.9999999999999974
208508_8;0;8;0;0.99293625;1.0;0.9999999999997896;0.9999999999997896
209577_8;1;8;0;0.69820213;1.0;0.999999999999972;0.999999999999972
209664_8;0;8;1;0.50811464;1.0;0.99999999999992;0.99999999999992
211287_8;1;8;1;0.9036571;1.0;0.9999999999999287;0.9999999999999287
214040_8;1;8;0;0.57819366;1.0;0.999999999999977;0.999999999999977
