Case ID,Actual,Prefix Length,Prediction,Prediction Probability
205104_7,0,7,0,0.964319
205819_7,0,7,0,0.9727691
206438_7,1,7,0,0.9768818
206483_7,1,7,0,0.5768755
206999_7,1,7,0,0.751086
209652_7,0,7,0,0.9971713
