Case ID,Actual,Prefix Length,Prediction,Prediction Probability
204808_7,0,7,0,0.7433904
204829_7,0,7,1,0.97405666
206053_7,1,7,0,0.9978453
208241_7,0,7,0,0.97179204
211110_7,1,7,0,0.9891735
212704_7,1,7,0,0.99552417
214034_7,0,7,0,0.5643736
214040_7,1,7,0,0.97916394
