Case ID,Actual,Prefix Length,Prediction,Prediction Probability
204466_5,0,5,0,0.9455134
205349_5,0,5,0,0.8192675
205361_5,1,5,1,0.9635123
205843_5,0,5,1,0.998151
206483_5,1,5,1,0.9749646
208430_5,0,5,0,0.6634973
213261_5,1,5,0,0.7191632
213384_5,1,5,1,0.942767
