Case ID;Actual;Prefix Length;Prediction;Prediction Probability;SHAP Subset Stability;SHAP Weight Stability;SHAP Adjusted Weight Stability
207005.0;1.0;1.0;1.0;0.9996732473373412;1.0;0.9999999999134864;0.9999999999134864
208499.0;0.0;1.0;0.0;0.9999828338623048;1.0;0.999999999997034;0.999999999997034
208514.0;0.0;1.0;0.0;0.9999914169311525;1.0;0.999999999997034;0.999999999997034
209087.0;0.0;1.0;0.0;0.9886271357536316;1.0;0.9999999999983932;0.9999999999983932
210071.0;0.0;1.0;1.0;0.9999189376831056;1.0;0.9999999999969995;0.9999999999969995
210827.0;1.0;1.0;1.0;0.9959204196929932;1.0;0.9999999999969995;0.9999999999969995
213195.0;1.0;1.0;0.0;0.9235474467277528;1.0;0.9999999999983932;0.9999999999983932
213411.0;1.0;1.0;0.0;0.9729748368263244;1.0;0.9999999999983932;0.9999999999983932
