Case ID,Actual,Prefix Length,Prediction,Prediction Probability
204703_9,1,9,0,0.98981816
204838_9,0,9,1,0.8654252
205385_9,1,9,0,0.8750338
206240_9,0,9,0,0.9996769
207572_9,0,9,0,0.5397961
213354_9,1,9,1,0.8303949
213495_9,0,9,1,0.999491
213930_9,1,9,1,0.98705935
