Case ID,Actual,Prefix Length,Prediction,Prediction Probability
206862_10,0,10,1,0.5364917
207515_10,1,10,1,0.8877126
207759_10,0,10,0,0.9653985
208934_10,0,10,0,0.906172
210683_10,1,10,0,0.6662717
211257_10,1,10,0,0.7024176
212563_10,0,10,0,0.9986909
212944_10,1,10,0,0.9890494
