Case ID,Actual,Prefix Length,Prediction,Prediction Probability
205340.0,0.0,1.0,0.0,0.9999991059303284
207611.0,1.0,1.0,0.0,0.9999998807907104
208127.0,1.0,1.0,1.0,0.510297417640686
210800.0,0.0,1.0,1.0,0.9999774694442749
212875.0,1.0,1.0,0.0,0.9999818205833435
213076.0,0.0,1.0,1.0,0.9999986886978149
