Case ID,Actual,Prefix Length,Prediction,Prediction Probability
205745_3,1,3,0,0.5085331
206315_3,0,3,1,0.9977537
207641_3,0,3,1,0.72796303
207726_3,0,3,0,0.89985746
208118_3,1,3,1,0.96349096
209395_3,1,3,1,0.7481505
