Case ID,Actual,Prefix Length,Prediction,Prediction Probability
204481_11,0,11,1,0.82403225
206342_11,0,11,1,0.5900979
206672_11,0,11,0,0.92212725
206925_11,0,11,1,0.9446348
208172_11,1,11,0,0.9971173
210386_11,1,11,0,0.99351096
211269_11,1,11,0,0.8983265
213465_11,1,11,0,0.56155163
