Case ID;Actual;Prefix Length;Prediction;Prediction Probability;SHAP Subset Stability;SHAP Weight Stability;SHAP Adjusted Weight Stability
204808_3;0;3;1;0.9906951;1.0;0.9999999999997465;0.9999999999997465
204936_3;0;3;0;0.6575738;1.0;0.9999999999999084;0.9999999999999084
204999_3;0;3;1;0.99884063;1.0;0.9999999999999815;0.9999999999999815
205238_3;0;3;0;0.95279115;1.0;0.9999999999843647;0.9999999999843647
205403_3;1;3;1;0.88143516;1.0;0.9999999999999439;0.9999999999999439
206053_3;1;3;0;0.9999289;1.0;0.9999999999822718;0.9999999999822718
207377_3;1;3;0;0.9448399;1.0;0.9999999999997325;0.9999999999997325
209021_3;1;3;0;0.7837828;1.0;0.9999999999841421;0.9999999999841421
