Case ID,Actual,Prefix Length,Prediction,Prediction Probability
207020_7,1,7,0,0.95291543
207242_7,0,7,1,0.8112734
207611_7,1,7,1,0.88457483
207873_7,0,7,0,0.8545909
208529_7,1,7,0,0.9936125
210800_7,0,7,1,0.9391865
211411_7,1,7,1,0.9950133
212608_7,0,7,0,0.9130224
