Case ID,Actual,Prefix Length,Prediction,Prediction Probability
205229_4,1,4,1,0.99981445
205745_4,1,4,1,0.995998
206399_4,0,4,0,0.9881226
206642_4,0,4,1,0.99947995
208871_4,0,4,0,0.9961379
209099_4,1,4,0,0.9980418
