Case ID;Actual;Prefix Length;Prediction;Prediction Probability;SHAP Subset Stability;SHAP Weight Stability;SHAP Adjusted Weight Stability;LIME Subset Stability;LIME Weight Stability;LIME Adjusted Weight Stability;ACV Subset Stability;ACV Weight Stability;ACV Adjusted Weight Stability;LINDA Subset Stability;LINDA Weight Stability;LINDA Adjusted Weight Stability
205065_2;1;2;1;0.9951146999999999;1.0;0.9999999999999966;0.9999999999999966;1.0;0.9891186995321948;0.9891186995321948;;1.0;1.0;1.0;1.0;1.0
205474_2;0;2;0;0.75013906;1.0;0.9999999999992888;0.9999999999992888;1.0;0.9810306990287216;0.9810306990287216;1.0;1.0;1.0;1.0;1.0;1.0
209577_2;1;2;0;0.99997556;1.0;0.9999999999992292;0.9999999999992292;-0.0480943738656989;0.9746766692514556;0.9746766692514556;1.0;1.0;1.0;1.0;1.0;1.0
209712_2;1;2;0;1.0;1.0;0.9999999999983524;0.9999999999983524;0.08125;0.9881076822537559;0.9881076822537559;1.0;1.0;1.0;1.0;1.0;1.0
210668_2;0;2;1;0.99963355;1.0;0.9999999999996194;0.9999999999996194;1.0;0.9679074725932374;0.9679074725932374;;1.0;1.0;;1.0;1.0
210872_2;0;2;0;0.8073363;1.0;0.9999999999989079;0.9999999999989079;1.0;0.9871749819682132;0.9871749819682132;;1.0;1.0;1.0;1.0;1.0
212298_2;0;2;0;0.9999134;1.0;1.0;1.0;1.0;0.9629024046648148;0.9629024046648148;;1.0;1.0;1.0;1.0;1.0
213906_2;1;2;1;0.8368223;1.0;0.9999999999999984;0.9999999999999984;1.0;0.9785327094797326;0.9785327094797326;;1.0;1.0;1.0;1.0;1.0
