Case ID,Actual,Prefix Length,Prediction,Prediction Probability
206216_6,0,6,0,0.9967958
206546_6,1,6,1,0.7551048
206606_6,0,6,0,0.91843474
208901_6,1,6,0,0.6399455
211955_6,1,6,0,0.96562296
212773_6,0,6,0,0.9795586
213001_6,1,6,1,0.84549755
214037_6,0,6,0,0.5807103
