"Case ID;Actual;Prefix Length;Prediction;Prediction Probability;SHAP Subset Stability;SHAP Weight Stability;SHAP Adjusted Weight Stability";LIME Subset Stability;LIME Weight Stability;LIME Adjusted Weight Stability
"204808_3;0;3;1;0.9906951;1.0;0.9999999999997465;0.9999999999997465";1.0;0.39571758745743213;0.39571758745743213
"204936_3;0;3;0;0.6575738;1.0;0.9999999999999084;0.9999999999999084";0.7061965811965811;0.979563332464323;0.979563332464323
"204999_3;0;3;1;0.99884063;1.0;0.9999999999999815;0.9999999999999815";0.6854575163398693;0.8594776372119696;0.8594776372119696
"205238_3;0;3;0;0.95279115;1.0;0.9999999999843647;0.9999999999843647";-0.006985294117647145;0.9819674860440607;0.9819674860440607
"205403_3;1;3;1;0.88143516;1.0;0.9999999999999439;0.9999999999999439";0.14921044150821794;0.9718177727236299;0.9718177727236299
"206053_3;1;3;0;0.9999289;1.0;0.9999999999822718;0.9999999999822718";0.03767339218158894;0.9868542446823655;0.9868542446823655
"207377_3;1;3;0;0.9448399;1.0;0.9999999999997325;0.9999999999997325";0.9025974025974026;0.9654109931848506;0.9654109931848506
"209021_3;1;3;0;0.7837828;1.0;0.9999999999841421;0.9999999999841421";0.5369330938482261;0.9381082039697461;0.9381082039697461
