Case ID,Actual,Prefix Length,Prediction,Prediction Probability
206645_14,1,14,0,1.0
208289_14,0,14,0,0.99884146
208790_14,1,14,1,0.99995637
209859_14,0,14,0,0.99955577
210755_14,0,14,0,0.8647969
211408_14,1,14,1,0.9999969
