Case ID;Actual;Prefix Length;Prediction;Prediction Probability;SHAP Subset Stability;SHAP Weight Stability;SHAP Adjusted Weight Stability;LIME Subset Stability;LIME Weight Stability;LIME Adjusted Weight Stability;ACV Subset Stability;ACV Weight Stability;ACV Adjusted Weight Stability
204481_11;0;11;1;0.82403225;1.0;0.999999999999988;0.999999999999988;0.1839592728297631;-5.1725928210034295;-5.1725928210034295;;1.0;1.0
206342_11;0;11;1;0.5900979000000001;1.0;0.9999999999998672;0.9999999999998672;0.315023729086229;0.7638428597326454;0.7638428597326454;;1.0;1.0
206672_11;0;11;0;0.92212725;1.0;0.999999999999967;0.999999999999967;0.4348148148148148;0.7048569323238532;0.7048569323238532;;1.0;1.0
206925_11;0;11;1;0.9446348;1.0;0.999999999999854;0.999999999999854;0.20477987421383648;0.6513978847808315;0.6513978847808315;;1.0;1.0
208172_11;1;11;0;0.9971173000000001;1.0;0.9999999999999704;0.9999999999999704;0.2987150134000673;0.2115472661373148;0.2115472661373148;;1.0;1.0
210386_11;1;11;0;0.99351096;1.0;0.9999999999999768;0.9999999999999768;0.18504672897196264;0.6558087504790278;0.6558087504790278;;1.0;1.0
211269_11;1;11;0;0.8983264999999999;1.0;0.999999999999608;0.999999999999608;0.14138205334820966;0.6968023797620748;0.6968023797620748;;1.0;1.0
213465_11;1;11;0;0.56155163;1.0;0.9999999999998576;0.9999999999998576;0.2571153356839082;0.6796526907840065;0.6796526907840065;;1.0;1.0
