Case ID,Actual,Prefix Length,Prediction,Prediction Probability
204963_13,1,13,0,0.9999942
205361_13,1,13,1,0.9997925
207539_13,0,13,0,0.99945164
207870_13,0,13,1,0.9998479
208529_13,1,13,1,0.99983215
210563_13,0,13,1,0.99999964
211408_13,1,13,1,0.9999013
212118_13,0,13,0,0.9997494
