Case ID,Actual,Prefix Length,Prediction,Prediction Probability
204670_15,1,15,0,0.58153725
204709_15,1,15,1,0.9966792
205062_15,0,15,0,0.9950914
206928_15,1,15,0,0.9081788
207041_15,0,15,0,0.9086972
207413_15,1,15,0,0.57681674
207560_15,0,15,1,0.9970138
211576_15,0,15,1,0.99984944
