Case ID;Actual;Prefix Length;Prediction;Prediction Probability;SHAP Subset Stability;SHAP Weight Stability;SHAP Adjusted Weight Stability
204481_11;0;11;1;0.82403225;1.0;0.9999999999999879;0.9999999999999879
206342_11;0;11;1;0.5900979;1.0;0.9999999999998671;0.9999999999998671
206672_11;0;11;0;0.92212725;1.0;0.999999999999967;0.999999999999967
206925_11;0;11;1;0.9446348;1.0;0.9999999999998539;0.9999999999998539
208172_11;1;11;0;0.9971173;1.0;0.9999999999999705;0.9999999999999705
210386_11;1;11;0;0.99351096;1.0;0.9999999999999767;0.9999999999999767
211269_11;1;11;0;0.8983265;1.0;0.9999999999996081;0.9999999999996081
213465_11;1;11;0;0.56155163;1.0;0.9999999999998576;0.9999999999998576
