Case ID,Actual,Prefix Length,Prediction,Prediction Probability
204993_14,0,14,0,0.99999994
205205_14,0,14,0,0.9999862
205511_14,1,14,0,1.0
205766_14,1,14,0,0.9999994
206294_14,0,14,0,0.5448437
206408_14,1,14,1,0.7335169
207870_14,0,14,0,0.5029682
208577_14,1,14,1,0.9988589
