"Case ID;Actual;Prefix Length;Prediction;Prediction Probability;SHAP Subset Stability;SHAP Weight Stability;SHAP Adjusted Weight Stability";LIME Subset Stability;LIME Weight Stability;LIME Adjusted Weight Stability
"204466_13;0;13;0;0.99965906;1.0;0.999999999999969;0.999999999999969";0.03832169866201274;0.7877809473049444;0.7877809473049444
"204751_13;1;13;0;0.6966173;1.0;0.9999999999999;0.9999999999999";0.050602175602175725;0.7780778395460948;0.7780778395460948
"206441_13;0;13;0;0.9995706;1.0;0.9999999999999403;0.9999999999999403";0.13082104593189758;0.8082717547842443;0.8082717547842443
"207464_13;0;13;1;0.99999344;1.0;0.9999999999999999;0.9999999999999999";0.04723837209302317;0.6183677894600181;0.6183677894600181
"207515_13;1;13;1;0.9994417;1.0;0.9999999999999906;0.9999999999999906";0.06259097525473079;0.7521234102163614;0.7521234102163614
"208064_13;0;13;1;0.9999987;1.0;0.9999999999997061;0.9999999999997061";0.041786443361246484;0.6829382480239441;0.6829382480239441
"208565_13;1;13;0;0.9106851;1.0;0.9999999999997831;0.9999999999997831";0.05053693386053171;0.7185896378659089;0.7185896378659089
"209374_13;1;13;1;0.6497511;1.0;0.9999999999999862;0.9999999999999862";-0.003198604245420178;0.551369838869179;0.551369838869179
