Case ID,Actual,Prefix Length,Prediction,Prediction Probability
205532_17,1,17,1,0.5438031
205912_17,0,17,0,0.7491101
206297_17,0,17,1,0.988816
212644_17,1,17,0,0.99782866
212671_17,0,17,1,0.9842094
214139_17,1,17,0,0.7828498
