Case ID,Actual,Prefix Length,Prediction,Prediction Probability
205340_12,0,12,1,0.9466001
205586_12,0,12,0,0.9895182
206360_12,1,12,0,0.9999981
206438_12,1,12,0,0.9890777
208055_12,0,12,1,0.99893624
211002_12,1,12,0,0.9999773
