Case ID;Actual;Prefix Length;Prediction;Prediction Probability;SHAP Subset Stability;SHAP Weight Stability;SHAP Adjusted Weight Stability
206862_10;0;10;1;0.5364917;1.0;0.9999999999999898;0.9999999999999898
207515_10;1;10;1;0.8877126;1.0;0.9999999999999888;0.9999999999999888
207759_10;0;10;0;0.9653985;1.0;0.9999999999999578;0.9999999999999578
208934_10;0;10;0;0.906172;1.0;0.9999999999999802;0.9999999999999802
210683_10;1;10;0;0.6662717;1.0;0.999999999999935;0.999999999999935
211257_10;1;10;0;0.7024176;1.0;0.9999999999999147;0.9999999999999147
212563_10;0;10;0;0.9986909;1.0;0.9999999999999907;0.9999999999999907
212944_10;1;10;0;0.9890494;1.0;0.9999999999999417;0.9999999999999417
