Case ID,Actual,Prefix Length,Prediction,Prediction Probability
207014_18,1,18,1,0.99843293
208601_18,1,18,1,0.6636603
209338_18,0,18,0,0.9952135
212118_18,0,18,0,0.9999862
213132_18,1,18,0,0.9907351
213705_18,0,18,0,0.999601
