Case ID,Actual,Prefix Length,Prediction,Prediction Probability
205724_8,0,8,1,0.6339732
206937_8,1,8,0,0.81407875
207945_8,0,8,1,0.9928757
208289_8,0,8,1,0.9950631
209323_8,1,8,0,0.65081745
210969_8,1,8,0,0.63822234
211901_8,1,8,0,0.99570733
214037_8,0,8,1,0.94508433
