Case ID,Actual,Prefix Length,Prediction,Prediction Probability
205400_5,0,5,1,0.9681493
206898_5,1,5,1,0.7553597
211158_5,0,5,1,0.97685724
211606_5,1,5,1,0.9996462
213213_5,0,5,1,0.992214
213624_5,1,5,1,0.95241386
