Case ID,Actual,Prefix Length,Prediction,Prediction Probability
206210_12,1,12,0,0.7623416
206477_12,0,12,1,1.0
206561_12,0,12,0,0.5506228
206624_12,1,12,1,0.9838635
207050_12,1,12,1,0.9999815
209278_12,0,12,1,0.9993755
211928_12,0,12,0,0.9747076
213624_12,1,12,1,0.9928289
