"Case ID;Actual;Prefix Length;Prediction;Prediction Probability;SHAP Subset Stability;SHAP Weight Stability;SHAP Adjusted Weight Stability";LIME Subset Stability;LIME Weight Stability;LIME Adjusted Weight Stability
"206210_12;1;12;0;0.7623416;1.0;0.999999999999877;0.999999999999877";-0.18310541301886407;0.9501126444155679;0.9501126444155679
"206477_12;0;12;1;1.0;1.0;0.9999999999999702;0.9999999999999702";-0.13018860541771393;0.966578750338942;0.966578750338942
"206561_12;0;12;0;0.5506228;1.0;0.9999999999999933;0.9999999999999933";-0.17178916427664337;0.9402444305460536;0.9402444305460536
"206624_12;1;12;1;0.9838635;1.0;0.9999999999999818;0.9999999999999818";-0.09722881123985005;0.9587999581988773;0.9587999581988773
"207050_12;1;12;1;0.9999815;1.0;0.9999999999999964;0.9999999999999964";-0.21404175270297388;0.9632228069916449;0.9632228069916449
"209278_12;0;12;1;0.9993755;1.0;0.9999999999999901;0.9999999999999901";0.020831639576979866;0.9584682496530218;0.9584682496530218
"211928_12;0;12;0;0.9747076;1.0;0.9999999999999701;0.9999999999999701";-0.1371758646325456;0.937750368780395;0.937750368780395
"213624_12;1;12;1;0.9928289;1.0;0.9999999999999719;0.9999999999999719";-0.18239199907273962;0.9701523982299599;0.9701523982299599
