Case ID,Actual,Prefix Length,Prediction,Prediction Probability
206180_13,0,13,1,1.0
206438_13,1,13,0,0.90882885
207783_13,1,13,1,0.9915656
208127_13,1,13,1,0.9594956
208148_13,0,13,1,0.9999924
210572_13,0,13,1,1.0
