Case ID,Actual,Prefix Length,Prediction,Prediction Probability
204894_2,0,2,0,0.5015992
205661_2,1,2,0,0.7318879
206180_2,0,2,0,0.96904117
206642_2,0,2,1,0.9999976
211083_2,1,2,1,0.99954516
213822_2,1,2,0,0.9880385
