Case ID;Actual;Prefix Length;Prediction;Prediction Probability;SHAP Subset Stability;SHAP Weight Stability;SHAP Adjusted Weight Stability;LIME Subset Stability;LIME Weight Stability;LIME Adjusted Weight Stability;ACV Subset Stability;ACV Weight Stability;ACV Adjusted Weight Stability;LINDA Subset Stability;LINDA Weight Stability;LINDA Adjusted Weight Stability
204703_9;1;9;0;0.98981816;1.0;0.9999999999999925;0.9999999999999925;0.1838638611635643;0.7509246350851762;0.7509246350851762;1.0;1.0;1.0;;1.0;1.0
204838_9;0;9;1;0.8654252;1.0;0.9999999999999822;0.9999999999999822;0.4097735105859183;0.5705308565417202;0.5705308565417202;;1.0;1.0;;1.0;1.0
205385_9;1;9;0;0.8750338;1.0;0.9999999999999796;0.9999999999999796;0.370425843346836;0.7351551117273089;0.7351551117273089;1.0;1.0;1.0;;1.0;1.0
206240_9;0;9;0;0.9996769;1.0;0.9999999999999774;0.9999999999999774;0.4735960591133005;0.7262712698745457;0.7262712698745457;1.0;1.0;1.0;;1.0;1.0
207572_9;0;9;0;0.5397960999999999;1.0;0.9999999999999992;0.9999999999999992;0.2381364310430052;0.7196144841929908;0.7196144841929908;;1.0;1.0;1.0;1.0;1.0
213354_9;1;9;1;0.8303949;1.0;0.9999999999999892;0.9999999999999892;0.3651136925358378;0.5796780113070991;0.5796780113070991;;1.0;1.0;1.0;1.0;1.0
213495_9;0;9;1;0.999491;1.0;0.999999999999996;0.999999999999996;0.1505456349206347;0.3687163556548793;0.3687163556548793;;1.0;1.0;1.0;1.0;1.0
213930_9;1;9;1;0.98705935;1.0;0.9999999999999836;0.9999999999999836;0.3333693771626297;0.7578495012939603;0.7578495012939603;;1.0;1.0;1.0;1.0;1.0
