Case ID,Actual,Prefix Length,Prediction,Prediction Probability
206925_8,0,8,0,0.8390222
207485_8,0,8,1,0.5943339
208028_8,1,8,0,0.8379527
212479_8,0,8,0,0.9994487
213261_8,1,8,1,0.6603231
214268_8,1,8,1,0.5078427
