"Case ID;Actual;Prefix Length;Prediction;Prediction Probability;SHAP Subset Stability;SHAP Weight Stability;SHAP Adjusted Weight Stability";LIME Subset Stability;LIME Weight Stability;LIME Adjusted Weight Stability
"207005.0;1.0;1.0;1.0;0.9996732473373412;1.0;0.9999999999134864;0.9999999999134864";1.0;0.9994326273241105;0.9994326273241105
"208499.0;0.0;1.0;0.0;0.9999828338623048;1.0;0.999999999997034;0.999999999997034";1.0;0.9997104589965738;0.9997104589965738
"208514.0;0.0;1.0;0.0;0.9999914169311525;1.0;0.999999999997034;0.999999999997034";1.0;0.9991963322968326;0.9991963322968326
"209087.0;0.0;1.0;0.0;0.9886271357536316;1.0;0.9999999999983932;0.9999999999983932";1.0;0.9996712773161516;0.9996712773161516
"210071.0;0.0;1.0;1.0;0.9999189376831056;1.0;0.9999999999969995;0.9999999999969995";1.0;0.9986645075226692;0.9986645075226692
"210827.0;1.0;1.0;1.0;0.9959204196929932;1.0;0.9999999999969995;0.9999999999969995";1.0;0.9980020618766391;0.9980020618766391
"213195.0;1.0;1.0;0.0;0.9235474467277528;1.0;0.9999999999983932;0.9999999999983932";1.0;0.9989778626992334;0.9989778626992334
"213411.0;1.0;1.0;0.0;0.9729748368263244;1.0;0.9999999999983932;0.9999999999983932";1.0;0.997421117377111;0.997421117377111
