Case ID,Actual,Prefix Length,Prediction,Prediction Probability
204906_10,0,10,0,0.98397815
205029_10,0,10,0,0.6298487
205131_10,1,10,0,0.74373
205760_10,1,10,1,0.6380381
206934_10,0,10,1,0.9216072
214220_10,1,10,1,0.90447575
