Case ID;Actual;Prefix Length;Prediction;Prediction Probability;SHAP Subset Stability;SHAP Weight Stability;SHAP Adjusted Weight Stability;LIME Subset Stability;LIME Weight Stability;LIME Adjusted Weight Stability;ACV Subset Stability;ACV Weight Stability;ACV Adjusted Weight Stability
206210_12;1;12;0;0.7623416000000001;1.0;0.9999999999998771;0.9999999999998771;-0.18310541301886407;0.950112644415568;0.950112644415568;;1.0;1.0
206477_12;0;12;1;1.0;1.0;0.9999999999999702;0.9999999999999702;-0.13018860541771393;0.9665787503389419;0.9665787503389419;;1.0;1.0
206561_12;0;12;0;0.5506228;1.0;0.9999999999999932;0.9999999999999932;-0.17178916427664334;0.9402444305460536;0.9402444305460536;;1.0;1.0
206624_12;1;12;1;0.9838635;1.0;0.9999999999999818;0.9999999999999818;-0.09722881123985004;0.9587999581988772;0.9587999581988772;;1.0;1.0
207050_12;1;12;1;0.9999815000000001;1.0;0.9999999999999964;0.9999999999999964;-0.21404175270297388;0.9632228069916448;0.9632228069916448;;1.0;1.0
209278_12;0;12;1;0.9993755;1.0;0.99999999999999;0.99999999999999;0.020831639576979862;0.9584682496530218;0.9584682496530218;;1.0;1.0
211928_12;0;12;0;0.9747075999999999;1.0;0.99999999999997;0.99999999999997;-0.1371758646325456;0.9377503687803951;0.9377503687803951;;1.0;1.0
213624_12;1;12;1;0.9928289;1.0;0.999999999999972;0.999999999999972;-0.1823919990727396;0.97015239822996;0.97015239822996;1.0;1.0;1.0
