Case ID;Actual;Prefix Length;Prediction;Prediction Probability;SHAP Subset Stability;SHAP Weight Stability;SHAP Adjusted Weight Stability
206210_12;1;12;0;0.7623416;1.0;0.999999999999877;0.999999999999877
206477_12;0;12;1;1.0;1.0;0.9999999999999702;0.9999999999999702
206561_12;0;12;0;0.5506228;1.0;0.9999999999999933;0.9999999999999933
206624_12;1;12;1;0.9838635;1.0;0.9999999999999818;0.9999999999999818
207050_12;1;12;1;0.9999815;1.0;0.9999999999999964;0.9999999999999964
209278_12;0;12;1;0.9993755;1.0;0.9999999999999901;0.9999999999999901
211928_12;0;12;0;0.9747076;1.0;0.9999999999999701;0.9999999999999701
213624_12;1;12;1;0.9928289;1.0;0.9999999999999719;0.9999999999999719
