Case ID,Actual,Prefix Length,Prediction,Prediction Probability
204613_11,0,11,1,0.9504892
207783_11,1,11,0,0.9289978
208283_11,0,11,1,0.8589798
209099_11,1,11,0,0.52968204
209799_11,0,11,0,0.9983827
210704_11,1,11,1,0.8728141
