Case ID;Actual;Prefix Length;Prediction;Prediction Probability;SHAP Subset Stability;SHAP Weight Stability;SHAP Adjusted Weight Stability
206513_4;1;4;1;0.99981934;1.0;0.9999999999971667;0.9999999999971667
206597_4;0;4;1;0.9981104;1.0;0.9999999999999444;0.9999999999999444
207266_4;0;4;1;0.9797283;1.0;0.9999999999981339;0.9999999999981339
207969_4;0;4;0;0.9915723;1.0;1.0;1.0
208397_4;0;4;0;0.9972913;1.0;0.9999999999997733;0.9999999999997733
209188_4;1;4;0;0.58760536;1.0;0.9999999999999996;0.9999999999999996
209395_4;1;4;0;0.73176086;1.0;0.9999999999997673;0.9999999999997673
210791_4;1;4;0;0.9999214;1.0;0.9999999999999992;0.9999999999999992
