Case ID,Actual,Prefix Length,Prediction,Prediction Probability
205310_4,0,4,1,1.0
205385_4,1,4,1,0.9973224
205960_4,0,4,1,0.9989612
207284_4,1,4,1,0.99997056
207302_4,1,4,0,0.99966264
208055_4,0,4,1,0.9963871
208337_4,1,4,1,0.8557793
209667_4,0,4,1,0.73324525
