"Case ID;Actual;Prefix Length;Prediction;Prediction Probability;SHAP Subset Stability;SHAP Weight Stability;SHAP Adjusted Weight Stability";LIME Subset Stability;LIME Weight Stability;LIME Adjusted Weight Stability
"204808_7;0;7;0;0.7433904;1.0;0.9999999999991123;0.9999999999991123";0.39989391752704473;0.6028183801780942;0.6028183801780942
"204829_7;0;7;1;0.97405666;1.0;0.9999999999999966;0.9999999999999966";0.3798732572877058;0.7672198629087331;0.7672198629087331
"206053_7;1;7;0;0.9978453;1.0;0.9999999999979354;0.9999999999979354";0.2711610486891384;0.8338420053376027;0.8338420053376027
"208241_7;0;7;0;0.97179204;1.0;0.9999999999999332;0.9999999999999332";0.3823848862850936;0.8610387963695216;0.8610387963695216
"211110_7;1;7;0;0.9891735;1.0;0.9999999999999899;0.9999999999999899";0.2825131169840652;0.5854733464461492;0.5854733464461492
"212704_7;1;7;0;0.99552417;1.0;0.9999999999999992;0.9999999999999992";0.6080600381745618;0.802930913228381;0.802930913228381
"214034_7;0;7;0;0.5643736;1.0;0.9999999999999998;0.9999999999999998";0.6472479133769456;0.8523187504807318;0.8523187504807318
"214040_7;1;7;0;0.97916394;1.0;0.9999999999999923;0.9999999999999923";0.5315750915750914;0.9059510043778434;0.9059510043778434
