Case ID;Actual;Prefix Length;Prediction;Prediction Probability;SHAP Subset Stability;SHAP Weight Stability;SHAP Adjusted Weight Stability
204993_14;0;14;0;0.99999994;1.0;0.9999999999998835;0.9999999999998835
205205_14;0;14;0;0.9999862;1.0;0.9999999999998941;0.9999999999998941
205511_14;1;14;0;1.0;1.0;0.9999999999998833;0.9999999999998833
205766_14;1;14;0;0.9999994;1.0;0.9999999999999555;0.9999999999999555
206294_14;0;14;0;0.5448437;1.0;0.9999999999998994;0.9999999999998994
206408_14;1;14;1;0.7335169;1.0;0.9999999999998012;0.9999999999998012
207870_14;0;14;0;0.5029682;1.0;0.9999999999998909;0.9999999999998909
208577_14;1;14;1;0.9988589;1.0;0.9999999999998825;0.9999999999998825
