Case ID;Actual;Prefix Length;Prediction;Prediction Probability;SHAP Subset Stability;SHAP Weight Stability;SHAP Adjusted Weight Stability;LIME Subset Stability;LIME Weight Stability;LIME Adjusted Weight Stability
206216_6;0;6;0;0.9967958;1.0;0.9999999999977514;0.9999999999977514;0.24274492366977907;0.7545214044190248;0.7545214044190248
206546_6;1;6;1;0.7551048;1.0;0.9999999999999857;0.9999999999999857;0.3812166424065987;0.8035731481607252;0.8035731481607252
206606_6;0;6;0;0.91843474;1.0;0.9999999999999705;0.9999999999999705;0.3236371769318309;0.8628306557939077;0.8628306557939077
208901_6;1;6;0;0.6399455;1.0;0.9999999999999581;0.9999999999999581;0.27848431625649794;0.6727006575952452;0.6727006575952452
211955_6;1;6;0;0.96562296;1.0;0.9999999999999669;0.9999999999999669;0.4845005020080321;0.9145038278377995;0.9145038278377995
212773_6;0;6;0;0.9795586;1.0;0.9999999999999746;0.9999999999999746;0.4154411764705882;0.8314378231388058;0.8314378231388058
213001_6;1;6;1;0.84549755;1.0;0.9999999999999787;0.9999999999999787;0.36326388888888883;0.8893015057381287;0.8893015057381287
214037_6;0;6;0;0.5807103;1.0;0.9999999999999701;0.9999999999999701;0.31071657754010684;0.8264769078672501;0.8264769078672501
