Case ID,Actual,Prefix Length,Prediction,Prediction Probability
205170_9,1,9,0,0.99855155
205791_9,0,9,1,0.8839185
207125_9,0,9,1,0.8870879
207515_9,1,9,1,0.9821768
210134_9,1,9,0,0.99999577
211357_9,0,9,0,0.9973306
