Case ID;Actual;Prefix Length;Prediction;Prediction Probability;SHAP Subset Stability;SHAP Weight Stability;SHAP Adjusted Weight Stability;LIME Subset Stability;LIME Weight Stability;LIME Adjusted Weight Stability
206597_5;0;5;0;0.9975416;1.0;0.9999999999999706;0.9999999999999706;0.39143610013175234;0.7070814236602531;0.7070814236602531
206913_5;0;5;0;0.69731987;1.0;0.9999999999999738;0.9999999999999738;0.34999574395641797;0.5027335207267887;0.5027335207267887
207413_5;1;5;0;0.9997698;1.0;0.9999999999999705;0.9999999999999705;0.2874627156010894;0.6742923796507412;0.6742923796507412
207560_5;0;5;0;0.90080506;1.0;0.9999999999999848;0.9999999999999848;0.30895116941628564;0.5239057672812246;0.5239057672812246
210758_5;1;5;0;0.9995346;1.0;0.9999999999998841;0.9999999999998841;0.4375539257981018;0.8107695744917826;0.8107695744917826
211038_5;1;5;1;0.7158268;1.0;0.9999999999999538;0.9999999999999538;0.3433413665372428;0.7349877837470433;0.7349877837470433
211555_5;1;5;0;0.660997;1.0;0.999999999999971;0.999999999999971;0.3023015873015873;0.7634967552231371;0.7634967552231371
211573_5;0;5;1;0.68709475;1.0;0.9999999999999186;0.9999999999999186;0.30974205662894694;0.6818516373101167;0.6818516373101167
