Case ID,Actual,Prefix Length,Prediction,Prediction Probability
205065_2,1,2,1,0.9951147
205474_2,0,2,0,0.75013906
209577_2,1,2,0,0.99997556
209712_2,1,2,0,1.0
210668_2,0,2,1,0.99963355
210872_2,0,2,0,0.8073363
212298_2,0,2,0,0.9999134
213906_2,1,2,1,0.8368223
