Actual;Prediction;Prediction Probability
0;0;0.827749062
0;0;0.88804896
0;0;0.771333314
0;0;0.916675199
0;0;0.758274148
0;0;0.880079514
0;0;0.88821894
0;0;0.829248772
0;0;0.950352353
0;0;0.907772643
0;0;0.797645033
0;0;0.96139117
0;0;0.603553523
1;1;0.869082527
1;1;0.832034976
1;1;0.871555444
1;1;0.860967704
1;1;0.895524854
1;1;0.871221239
1;1;0.824397443
1;1;0.856387607
1;1;0.860238291
1;1;0.856995273
1;1;0.87482012
1;1;0.864983126
1;1;0.843156568
