Case ID;Actual;Prefix Length;Prediction;Prediction Probability;SHAP Subset Stability;SHAP Weight Stability;SHAP Adjusted Weight Stability;SHAP Subset Stability;SHAP Weight Stability;SHAP Adjusted Weight Stability
1073_7;0;7;0;0.9972484;1.0;0.9999999999997201;0.9999999999997201;1.0;0.9999999999997201;0.9999999999997201
1095_7;0;7;1;0.6958765;1.0;0.9999999999999999;0.9999999999999999;1.0;0.9999999999999999;0.9999999999999999
1113_7;1;7;1;0.9999999;1.0;0.9999999999999911;0.9999999999999911;1.0;0.9999999999999911;0.9999999999999911
1126_7;1;7;1;0.9999958;1.0;1.0;1.0;1.0;1.0;1.0
914_7;1;7;1;0.99976164;1.0;1.0;1.0;1.0;1.0;1.0
932_7;0;7;1;0.99986124;1.0;0.9999999999998507;0.9999999999998507;1.0;0.9999999999998507;0.9999999999998507
949_7;1;7;1;1.0;1.0;0.9999999999994292;0.9999999999994292;1.0;0.9999999999994292;0.9999999999994292
970_7;0;7;1;0.78442705;1.0;0.9999999999999903;0.9999999999999903;1.0;0.9999999999999903;0.9999999999999903
