Case ID;Actual;Prefix Length;Prediction;Prediction Probability;SHAP Subset Stability;SHAP Weight Stability;SHAP Adjusted Weight Stability;LIME Subset Stability;LIME Weight Stability;LIME Adjusted Weight Stability;ACV Subset Stability;ACV Weight Stability;ACV Adjusted Weight Stability;LINDA Subset Stability;LINDA Weight Stability;LINDA Adjusted Weight Stability
Case10_10;1;10;1;0.98638284;1.0;0.9999999999995832;0.9999999999995832;1.0;0.9755778235639174;0.9755778235639174;;1.0;1.0;;1.0;1.0
Case207_10;1;10;1;0.9994486;1.0;0.9999999999995832;0.9999999999995832;1.0;0.9842577235979619;0.9842577235979619;;1.0;1.0;;1.0;1.0
Case32_10;1;10;1;0.9287045;1.0;0.9999999999995832;0.9999999999995832;1.0;0.9843727542309604;0.9843727542309604;;1.0;1.0;1.0;1.0;1.0
Case38_10;1;10;1;0.94220895;1.0;0.9999999999995832;0.9999999999995832;1.0;0.9865781556902694;0.9865781556902694;;1.0;1.0;1.0;1.0;1.0
Case3_10;0;10;0;0.8785506999999999;1.0;0.9999999999995832;0.9999999999995832;1.0;0.98604119867968;0.98604119867968;;1.0;1.0;1.0;1.0;1.0
Case40_10;0;10;0;0.9859208;1.0;0.9999999999995832;0.9999999999995832;0.7838107324147934;0.9797180812751554;0.9797180812751554;;1.0;1.0;1.0;0.9999999999999999;0.9999999999999999
Case41_10;0;10;0;0.8756103999999999;1.0;0.9999999999995832;0.9999999999995832;0.3302711810012837;0.9803514190008312;0.9803514190008312;;1.0;1.0;1.0;1.0;1.0
Case89_10;0;10;0;0.61596906;1.0;0.9999999999995832;0.9999999999995832;1.0;0.9659571665838104;0.9659571665838104;;1.0;1.0;1.0;1.0;1.0
