Case ID,Actual,Prefix Length,Prediction,Prediction Probability
1039_14,0,14,0,0.96570194
1089_14,0,14,0,0.99763346
1094_14,1,14,1,0.9999989
1099_14,0,14,1,0.67980933
1100_14,1,14,1,0.99999833
1125_14,1,14,0,0.9541223
922_14,0,14,0,0.8866085
989_14,1,14,1,0.9999995
