Case ID;Actual;Prefix Length;Prediction;Prediction Probability;SHAP Subset Stability;SHAP Weight Stability;SHAP Adjusted Weight Stability;SHAP Subset Stability.1;SHAP Weight Stability.1;SHAP Adjusted Weight Stability.1;LIME Subset Stability;LIME Weight Stability;LIME Adjusted Weight Stability
1025_10;0;10;0;0.9999601999999999;1.0;0.9999999999999952;0.9999999999999952;1.0;0.9999999999999952;0.9999999999999952;0.3498780969952556;0.6350917410924322;0.6350917410924322
1049_10;1;10;0;0.8941708;1.0;0.9999999999994246;0.9999999999994246;1.0;0.9999999999994246;0.9999999999994246;0.24935834357413977;0.5193086946348744;0.5193086946348744
1081_10;1;10;1;0.9541752;1.0;0.9999999999994236;0.9999999999994236;1.0;0.9999999999994236;0.9999999999994236;0.09441909596138887;0.4621312934344701;0.4621312934344701
1096_10;0;10;0;0.76683223;1.0;0.9999999999988028;0.9999999999988028;1.0;0.9999999999988028;0.9999999999988028;0.11272800117873338;0.07787602279276795;0.07787602279276795
1126_10;1;10;1;0.9999993;1.0;0.9999999999994246;0.9999999999994246;1.0;0.9999999999994246;0.9999999999994246;0.24935834357413977;0.40957619221074504;0.40957619221074504
1131_10;0;10;1;0.94250876;1.0;0.999999999999385;0.999999999999385;1.0;0.999999999999385;0.999999999999385;0.08658568436772451;-2.1029551133960798;-2.1029551133960798
926_10;1;10;1;0.99273527;1.0;0.9999999999994246;0.9999999999994246;1.0;0.9999999999994246;0.9999999999994246;0.24935834357413977;0.5263331122267147;0.5263331122267147
979_10;0;10;0;0.85184395;1.0;0.999999999999994;0.999999999999994;1.0;0.999999999999994;0.999999999999994;0.3577686449253492;0.04765965874185507;0.04765965874185507
