Case ID;Actual;Prefix Length;Prediction;Prediction Probability;SHAP Subset Stability;SHAP Weight Stability;SHAP Adjusted Weight Stability;SHAP Subset Stability;SHAP Weight Stability;SHAP Adjusted Weight Stability
1014_8;1;8;1;1.0;1.0;0.9999999999990423;0.9999999999990423;1.0;0.9999999999990423;0.9999999999990423
1025_8;0;8;0;0.9768103;1.0;0.9999999999987043;0.9999999999987043;1.0;0.9999999999987043;0.9999999999987043
1026_8;1;8;1;0.9835227;1.0;0.9999999999994258;0.9999999999994258;1.0;0.9999999999994258;0.9999999999994258
913_8;1;8;1;0.9999815;1.0;0.9999999999991112;0.9999999999991112;1.0;0.9999999999991112;0.9999999999991112
921_8;0;8;1;0.54253244;1.0;0.9999999999997756;0.9999999999997756;1.0;0.9999999999997756;0.9999999999997756
933_8;0;8;0;0.9643256;1.0;0.9999999999993029;0.9999999999993029;1.0;0.9999999999993029;0.9999999999993029
952_8;0;8;0;0.99918437;1.0;0.9999999999948883;0.9999999999948883;1.0;0.9999999999948883;0.9999999999948883
960_8;1;8;1;0.9999976;1.0;0.9999999999999813;0.9999999999999813;1.0;0.9999999999999813;0.9999999999999813
