Case ID;Actual;Prefix Length;Prediction;Prediction Probability;SHAP Subset Stability;SHAP Weight Stability;SHAP Adjusted Weight Stability;SHAP Subset Stability.1;SHAP Weight Stability.1;SHAP Adjusted Weight Stability.1;LIME Subset Stability;LIME Weight Stability;LIME Adjusted Weight Stability
1002_5;1;5;1;0.86123633;1.0;0.999999999999708;0.999999999999708;1.0;0.999999999999708;0.999999999999708;1.0;0.6669049043798498;0.6669049043798498
1024_5;0;5;0;0.80138725;1.0;0.9999999999999812;0.9999999999999812;1.0;0.9999999999999812;0.9999999999999812;1.0;0.5404056857411486;0.5404056857411486
1036_5;1;5;1;0.6907154999999999;1.0;0.9999999999999976;0.9999999999999976;1.0;0.9999999999999976;0.9999999999999976;0.1583079141687932;0.670310631741659;0.670310631741659
1071_5;1;5;1;0.92673033;1.0;0.9999999999999956;0.9999999999999956;1.0;0.9999999999999956;0.9999999999999956;0.17914610235954265;0.5287958930015143;0.5287958930015143
1073_5;0;5;0;0.679193;1.0;0.9999999999999976;0.9999999999999976;1.0;0.9999999999999976;0.9999999999999976;0.15959113928533453;0.29009691612058663;0.29009691612058663
1141_5;0;5;1;0.68072224;1.0;0.9999999999999976;0.9999999999999976;1.0;0.9999999999999976;0.9999999999999976;0.08595455803253094;0.5712989885900803;0.5712989885900803
934_5;0;5;0;0.90069526;1.0;0.9999999999999954;0.9999999999999954;1.0;0.9999999999999954;0.9999999999999954;0.08090249947834072;0.6652612031004203;0.6652612031004203
977_5;1;5;1;0.9954917999999999;1.0;1.0;1.0;1.0;1.0;1.0;0.20327196500182243;-1.6192355735656068;-1.6192355735656068
