Case ID;Actual;Prefix Length;Prediction;Prediction Probability;SHAP Subset Stability;SHAP Weight Stability;SHAP Adjusted Weight Stability;LIME Subset Stability;LIME Weight Stability;LIME Adjusted Weight Stability;ACV Subset Stability;ACV Weight Stability;ACV Adjusted Weight Stability;LINDA Subset Stability;LINDA Weight Stability;LINDA Adjusted Weight Stability
205757_13;0;13;0;0.9418118;1;1;1;1.0;0.9519397913807582;0.9519397913807582;;1.0;1.0;1.0;1.0;1.0
206489_13;1;13;0;0.9993421999999998;1;1;1;1.0;0.8866079072822036;0.8866079072822036;;1.0;1.0;1.0;1.0;1.0
207014_13;1;13;0;0.8351784;1;1;1;1.0;0.6069381488382811;0.6069381488382811;;1.0;1.0;;1.0;1.0
208754_13;1;13;1;0.99574983;1;1;1;1.0;0.9200188832676912;0.9200188832676912;1.0;1.0;1.0;1.0;1.0;1.0
211423_13;0;13;0;0.5451194;1;1;1;0.3874570446735396;0.8701494187208797;0.8701494187208797;1.0;1.0;1.0;;1.0;1.0
212079_13;1;13;1;0.9998337;1;1;1;1.0;0.7905547678712791;0.7905547678712791;1.0;1.0;1.0;1.0;1.0;1.0
212524_13;0;13;1;0.91693556;1;1;1;0.0994298020213886;0.8925052517282825;0.8925052517282825;;1.0;1.0;1.0;1.0;1.0
212554_13;0;13;1;0.781859;1;1;1;1.0;0.9243066246941332;0.9243066246941332;;1.0;1.0;;1.0;1.0
