Case ID;Actual;Prefix Length;Prediction;Prediction Probability;SHAP Subset Stability;SHAP Weight Stability;SHAP Adjusted Weight Stability;SHAP Subset Stability;SHAP Weight Stability;SHAP Adjusted Weight Stability
1063_13;1;13;1;0.99485177;1.0;0.999999999979635;0.999999999979635;1.0;0.999999999979635;0.999999999979635
1078_13;0;13;1;0.5566813;1.0;0.9999999999999998;0.9999999999999998;1.0;0.9999999999999998;0.9999999999999998
1086_13;0;13;0;0.74769753;1.0;0.9999999999999859;0.9999999999999859;1.0;0.9999999999999859;0.9999999999999859
1117_13;1;13;1;0.97935915;1.0;0.9999999999999954;0.9999999999999954;1.0;0.9999999999999954;0.9999999999999954
1118_13;0;13;0;0.9199821;1.0;0.9999999999999953;0.9999999999999953;1.0;0.9999999999999953;0.9999999999999953
1121_13;1;13;1;0.5638154;1.0;0.999999999979635;0.999999999979635;1.0;0.999999999979635;0.999999999979635
942_13;1;13;1;0.99880576;1.0;0.9999999999999951;0.9999999999999951;1.0;0.9999999999999951;0.9999999999999951
947_13;0;13;0;0.993277;1.0;0.9999999999999997;0.9999999999999997;1.0;0.9999999999999997;0.9999999999999997
