Case ID,Actual,Prefix Length,Prediction,Prediction Probability
1073_7,0,7,0,0.9972484
1095_7,0,7,1,0.6958765
1113_7,1,7,1,0.9999999
1126_7,1,7,1,0.9999958
914_7,1,7,1,0.99976164
932_7,0,7,1,0.99986124
949_7,1,7,1,1.0
970_7,0,7,1,0.78442705
