Case ID;Actual;Prefix Length;Prediction;Prediction Probability;SHAP Subset Stability;SHAP Weight Stability;SHAP Adjusted Weight Stability;SHAP Subset Stability;SHAP Weight Stability;SHAP Adjusted Weight Stability
1008_11;1;11;1;0.85571826;1.0;1.0;1.0;1.0;1.0;1.0
1013_11;1;11;1;0.9682731;1.0;0.9999999999999942;0.9999999999999942;1.0;0.9999999999999942;0.9999999999999942
1018_11;0;11;0;0.99169284;1.0;1.0;1.0;1.0;1.0;1.0
1037_11;1;11;1;0.99865973;1.0;0.999999999999713;0.999999999999713;1.0;0.999999999999713;0.999999999999713
1079_11;0;11;0;0.95310307;1.0;0.9999999999999953;0.9999999999999953;1.0;0.9999999999999953;0.9999999999999953
1105_11;0;11;0;0.51753664;1.0;0.9999999999999953;0.9999999999999953;1.0;0.9999999999999953;0.9999999999999953
919_11;0;11;0;0.9897285;1.0;0.9999999999999999;0.9999999999999999;1.0;0.9999999999999999;0.9999999999999999
938_11;1;11;1;0.9839743;1.0;0.9999999999999998;0.9999999999999998;1.0;0.9999999999999998;0.9999999999999998
