Case ID,Actual,Prefix Length,Prediction,Prediction Probability
1063_13,1,13,1,0.99485177
1078_13,0,13,1,0.5566813
1086_13,0,13,0,0.74769753
1117_13,1,13,1,0.97935915
1118_13,0,13,0,0.9199821
1121_13,1,13,1,0.5638154
942_13,1,13,1,0.99880576
947_13,0,13,0,0.993277
