Case ID;Actual;Prefix Length;Prediction;Prediction Probability;SHAP Subset Stability;SHAP Weight Stability;SHAP Adjusted Weight Stability;LIME Subset Stability;LIME Weight Stability;LIME Adjusted Weight Stability;ACV Subset Stability;ACV Weight Stability;ACV Adjusted Weight Stability;LINDA Subset Stability;LINDA Weight Stability;LINDA Adjusted Weight Stability
Case194_5;1;5;1;0.9673843;1.0;0.9999999999996017;0.9999999999996017;0.18643875075803704;0.9043262224583158;0.9043262224583158;;1.0;1.0;;1.0;1.0
Case195_5;0;5;0;0.9734892;1.0;0.9999999999996017;0.9999999999996017;0.24827231898709;0.9669881980294304;0.9669881980294304;;1.0;1.0;;1.0;1.0
Case239_5;0;5;0;0.85408247;1.0;0.9999999999996017;0.9999999999996017;0.2268284993694828;0.9357434938681573;0.9357434938681573;;1.0;1.0;1.0;1.0;1.0
Case257_5;1;5;1;0.9404171;1.0;0.9999999999996017;0.9999999999996017;0.7092605886575736;0.9362303214630248;0.9362303214630248;;1.0;1.0;1.0;1.0;1.0
Case32_5;1;5;1;0.9997538;1.0;0.9999999999996017;0.9999999999996017;0.8308270676691729;0.9526213178688616;0.9526213178688616;;1.0;1.0;;1.0;1.0
Case44_5;1;5;1;0.92051244;1.0;0.9999999999996017;0.9999999999996017;0.1248538601088488;0.6286867020476563;0.6286867020476563;;1.0;1.0;1.0;1.0;1.0
Case84_5;0;5;0;0.97998315;1.0;0.9999999999996017;0.9999999999996017;0.3859915100060645;0.9506387968944926;0.9506387968944926;;1.0;1.0;1.0;1.0;1.0
Case86_5;0;5;0;0.98380387;1.0;0.9999999999996017;0.9999999999996017;0.07238616376783258;0.9176456851694812;0.9176456851694812;;1.0;1.0;;1.0;1.0
