Case ID;Actual;Prefix Length;Prediction;Prediction Probability;SHAP Subset Stability;SHAP Weight Stability;SHAP Adjusted Weight Stability;LIME Subset Stability;LIME Weight Stability;LIME Adjusted Weight Stability;ACV Subset Stability;ACV Weight Stability;ACV Adjusted Weight Stability;LINDA Subset Stability;LINDA Weight Stability;LINDA Adjusted Weight Stability
206411_11;0;11;0;0.99838203;1;1;1;1.0;0.6478829017561405;0.6478829017561405;1.0;1.0;1.0;1.0;1.0;1.0
206456_11;1;11;0;0.9984229;1;1;1;-0.1280487804878047;0.9459404674194898;0.9459404674194898;;1.0;1.0;1.0;1.0;1.0
208901_11;1;11;1;0.8188233;1;1;1;-0.0004605263157897;0.953748695610476;0.953748695610476;;1.0;1.0;1.0;1.0;1.0
209841_11;0;11;0;0.99250805;1;1;1;1.0;0.9472746951270896;0.9472746951270896;1.0;1.0;1.0;1.0;1.0;1.0
210416_11;0;11;0;0.9860914;1;1;1;0.1234870039060612;0.9333896203683048;0.9333896203683048;;1.0;1.0;1.0;1.0;1.0
211287_11;1;11;1;0.9993788;1;1;1;0.1826363636363634;0.9206005097367944;0.9206005097367944;;1.0;1.0;1.0;1.0;1.0
213091_11;1;11;0;0.9967913;1;1;1;1.0;0.9779067124638136;0.9779067124638136;1.0;1.0;1.0;;1.0;1.0
213792_11;0;11;0;0.9979949;1;1;1;0.1895443925233643;0.9371272594041254;0.9371272594041254;;1.0;1.0;1.0;1.0;1.0
