Case ID,Actual,Prefix Length,Prediction,Prediction Probability
1002_5,1,5,1,0.86123633
1024_5,0,5,0,0.80138725
1036_5,1,5,1,0.6907155
1071_5,1,5,1,0.92673033
1073_5,0,5,0,0.679193
1141_5,0,5,1,0.68072224
934_5,0,5,0,0.90069526
977_5,1,5,1,0.9954918
