Case ID,Actual,Prefix Length,Prediction,Prediction Probability
1014_8,1,8,1,1.0
1025_8,0,8,0,0.9768103
1026_8,1,8,1,0.9835227
913_8,1,8,1,0.9999815
921_8,0,8,1,0.54253244
933_8,0,8,0,0.9643256
952_8,0,8,0,0.99918437
960_8,1,8,1,0.9999976
