Case ID,Actual,Prefix Length,Prediction,Prediction Probability
1009_6,0,6,1,0.9994056
1034_6,0,6,0,0.92908674
1059_6,1,6,1,0.9999181
1080_6,0,6,1,0.61101896
1104_6,1,6,1,0.9999982
914_6,1,6,1,0.9999908
964_6,1,6,1,0.9979557
974_6,0,6,0,0.8839698
