Case ID;Actual;Prefix Length;Prediction;Prediction Probability;SHAP Subset Stability;SHAP Weight Stability;SHAP Adjusted Weight Stability;SHAP Subset Stability;SHAP Weight Stability;SHAP Adjusted Weight Stability
914.0;1.0;1.0;1.0;0.990975558757782;1.0;0.9999999999999872;0.9999999999999872;1.0;0.9999999999999872;0.9999999999999872
1018.0;0.0;1.0;0.0;0.9999467134475708;1.0;1.0;1.0;1.0;1.0;1.0
1034.0;0.0;1.0;1.0;0.9999996423721313;1.0;1.0;1.0;1.0;1.0;1.0
1048.0;0.0;1.0;0.0;0.9583804607391357;1.0;1.0;1.0;1.0;1.0;1.0
1106.0;0.0;1.0;1.0;0.9984323382377625;1.0;0.9999999999999951;0.9999999999999951;1.0;0.9999999999999951;0.9999999999999951
1115.0;1.0;1.0;1.0;0.9782760739326477;1.0;0.999999999999995;0.999999999999995;1.0;0.999999999999995;0.999999999999995
1117.0;1.0;1.0;0.0;0.9000053405761719;1.0;0.9999999999999997;0.9999999999999997;1.0;0.9999999999999997;0.9999999999999997
1122.0;1.0;1.0;0.0;0.8937360048294067;1.0;0.9999999999999998;0.9999999999999998;1.0;0.9999999999999998;0.9999999999999998
