Case ID;Actual;Prefix Length;Prediction;Prediction Probability;SHAP Subset Stability;SHAP Weight Stability;SHAP Adjusted Weight Stability;SHAP Subset Stability.1;SHAP Weight Stability.1;SHAP Adjusted Weight Stability.1;LIME Subset Stability;LIME Weight Stability;LIME Adjusted Weight Stability
1040_3;1;3;1;0.9715859;1.0;0.999999999999926;0.999999999999926;1.0;0.999999999999926;0.999999999999926;0.11699323732709899;0.6856738390311767;0.6856738390311767
1084_3;0;3;1;0.8125127;1.0;0.999999999999926;0.999999999999926;1.0;0.999999999999926;0.999999999999926;0.11597415531789412;0.45442674339124356;0.45442674339124356
933_3;0;3;0;0.98660576;1.0;0.9999999999999958;0.9999999999999958;1.0;0.9999999999999958;0.9999999999999958;0.05635532521588693;0.5916742477489768;0.5916742477489768
945_3;0;3;0;0.6242519;1.0;0.9999999999999988;0.9999999999999988;1.0;0.9999999999999988;0.9999999999999988;0.07602136869036302;0.6064803938685284;0.6064803938685284
954_3;1;3;0;0.5239176;1.0;0.9999999999999316;0.9999999999999316;1.0;0.9999999999999316;0.9999999999999316;0.1110671207913917;0.3634149176392397;0.3634149176392397
974_3;0;3;0;0.7939371000000001;1.0;0.9999999999999636;0.9999999999999636;1.0;0.9999999999999636;0.9999999999999636;0.08726802746033235;0.3986183550227499;0.3986183550227499
980_3;1;3;1;0.88152194;1.0;0.9999999999999596;0.9999999999999596;1.0;0.9999999999999596;0.9999999999999596;0.12049299719887929;0.7602997022416004;0.7602997022416004
991_3;1;3;1;0.78435564;1.0;0.9999999999998472;0.9999999999998472;1.0;0.9999999999998472;0.9999999999998472;0.12196792331398842;0.7277360507665331;0.7277360507665331
