Case ID;Actual;Prefix Length;Prediction;Prediction Probability;SHAP Subset Stability;SHAP Weight Stability;SHAP Adjusted Weight Stability;LIME Subset Stability;LIME Weight Stability;LIME Adjusted Weight Stability;ACV Subset Stability;ACV Weight Stability;ACV Adjusted Weight Stability;LINDA Subset Stability;LINDA Weight Stability;LINDA Adjusted Weight Stability
Case116_7;1;7;1;0.9851377;1.0;0.9999999999999484;0.9999999999999484;1.0;0.9757887619434912;0.9757887619434912;;1.0;1.0;1.0;1.0;1.0
Case239_7;0;7;0;0.93320113;1.0;0.9999999999999752;0.9999999999999752;1.0;0.9637221939605038;0.9637221939605038;;1.0;1.0;1.0;1.0;1.0
Case251_7;0;7;0;0.9915581;1.0;0.9999999999999484;0.9999999999999484;1.0;0.8981783581997805;0.8981783581997805;;1.0;1.0;;1.0;1.0
Case256_7;1;7;1;0.9231344;1.0;0.9999999999999484;0.9999999999999484;1.0;0.9713617003730712;0.9713617003730712;;1.0;1.0;;1.0;1.0
Case264_7;1;7;1;0.81852734;1.0;0.9999999999999484;0.9999999999999484;1.0;0.9709900076490736;0.9709900076490736;;1.0;1.0;1.0;1.0;1.0
Case38_7;1;7;1;0.98443896;1.0;0.9999999999999484;0.9999999999999484;1.0;0.9727120409069059;0.9727120409069059;;1.0;1.0;1.0;1.0;1.0
Case39_7;0;7;0;0.9715389;1.0;0.9999999999999484;0.9999999999999484;0.14823828166331746;0.9520562244505484;0.9520562244505484;;1.0;1.0;1.0;1.0;1.0
Case71_7;0;7;0;0.94874084;1.0;0.9999999999999752;0.9999999999999752;1.0;0.9529485377407758;0.9529485377407758;;1.0;1.0;;1.0;1.0
