Case ID,Actual,Prefix Length,Prediction,Prediction Probability
1040_3,1,3,1,0.9715859
1084_3,0,3,1,0.8125127
933_3,0,3,0,0.98660576
945_3,0,3,0,0.6242519
954_3,1,3,0,0.5239176
974_3,0,3,0,0.7939371
980_3,1,3,1,0.88152194
991_3,1,3,1,0.78435564
