Case ID,Actual,Prefix Length,Prediction,Prediction Probability
914.0,1.0,1.0,1.0,0.990975558757782
1018.0,0.0,1.0,0.0,0.9999467134475708
1034.0,0.0,1.0,1.0,0.9999996423721313
1048.0,0.0,1.0,0.0,0.9583804607391357
1106.0,0.0,1.0,1.0,0.9984323382377625
1115.0,1.0,1.0,1.0,0.9782760739326477
1117.0,1.0,1.0,0.0,0.9000053405761719
1122.0,1.0,1.0,0.0,0.8937360048294067
