Case ID;Actual;Prefix Length;Prediction;Prediction Probability;SHAP Subset Stability;SHAP Weight Stability;SHAP Adjusted Weight Stability;LIME Subset Stability;LIME Weight Stability;LIME Adjusted Weight Stability;ACV Subset Stability;ACV Weight Stability;ACV Adjusted Weight Stability;LINDA Subset Stability;LINDA Weight Stability;LINDA Adjusted Weight Stability
Case115_11;1;11;1;0.9999895;1.0;0.9999999999999808;0.9999999999999808;1.0;0.9948182873602726;0.9948182873602726;;1.0;1.0;1.0;1.0;1.0
Case119_11;0;11;1;0.9999943;1.0;0.9999999999998954;0.9999999999998954;1.0;0.9966126775637184;0.9966126775637184;;1.0;1.0;1.0;1.0;1.0
Case135_11;1;11;1;0.9998486;1.0;0.9999999999998952;0.9999999999998952;1.0;0.9935056865884612;0.9935056865884612;;1.0;1.0;1.0;1.0;1.0
Case239_11;0;11;0;0.9999994;1.0;0.9999999999998801;0.9999999999998801;1.0;0.8821536721804003;0.8821536721804003;;1.0;1.0;1.0;1.0;1.0
Case250_11;0;11;0;0.9998242;1.0;0.999999999999895;0.999999999999895;1.0;0.9581656059989716;0.9581656059989716;;1.0;1.0;;1.0;1.0
Case258_11;1;11;1;0.9999534;1.0;0.99999999999988;0.99999999999988;1.0;0.9078751825029808;0.9078751825029808;;1.0;1.0;1.0;1.0;1.0
Case266_11;1;11;1;0.999941;1.0;0.9999999999998936;0.9999999999998936;1.0;0.9556956110584364;0.9556956110584364;;1.0;1.0;1.0;1.0;1.0
Case83_11;0;11;1;1.0;1.0;0.9999999999999979;0.9999999999999979;1.0;0.9145076597910275;0.9145076597910275;;1.0;1.0;1.0;1.0;1.0
