Case ID,Actual,Prefix Length,Prediction,Prediction Probability
1020_4,1,4,0,0.6347633
1084_4,0,4,1,0.91059214
1101_4,0,4,1,0.6990567
1121_4,1,4,1,0.9881761
929_4,1,4,1,0.88497025
958_4,0,4,0,0.9856865
967_4,0,4,0,0.99761474
969_4,1,4,1,0.6401197
