Case ID;Actual;Prefix Length;Prediction;Prediction Probability;SHAP Subset Stability;SHAP Weight Stability;SHAP Adjusted Weight Stability;SHAP Subset Stability.1;SHAP Weight Stability.1;SHAP Adjusted Weight Stability.1;LIME Subset Stability;LIME Weight Stability;LIME Adjusted Weight Stability
1037_9;1;9;1;0.99977297;1.0;0.9999999999988782;0.9999999999988782;1.0;0.9999999999988782;0.9999999999988782;1.0;0.6856673503193009;0.6856673503193009
1048_9;0;9;0;0.87985134;1.0;1.0;1.0;1.0;1.0;1.0;-0.018215952298249682;-0.195510429846802;-0.195510429846802
1069_9;0;9;1;0.76897377;1.0;1.0;1.0;1.0;1.0;1.0;-0.018582854778363522;0.27615021535962336;0.27615021535962336
1081_9;1;9;0;0.6901285;1.0;1.0;1.0;1.0;1.0;1.0;-0.022913718900563707;0.4705527853024065;0.4705527853024065
1105_9;0;9;0;0.9999529;1.0;1.0;1.0;1.0;1.0;1.0;-0.013733262407696456;0.5913720828486606;0.5913720828486606
933_9;0;9;0;0.95796835;1.0;1.0;1.0;1.0;1.0;1.0;-0.020926509894335865;0.4336729456416565;0.4336729456416565
962_9;1;9;1;0.9999998999999999;1.0;0.9999999999988782;0.9999999999988782;1.0;0.9999999999988782;0.9999999999988782;1.0;0.30476330550955044;0.30476330550955044
964_9;1;9;1;0.99993014;1.0;0.999999999998878;0.999999999998878;1.0;0.999999999998878;0.999999999998878;1.0;0.5851159518347275;0.5851159518347275
