Case ID,Actual,Prefix Length,Prediction,Prediction Probability
1008_11,1,11,1,0.85571826
1013_11,1,11,1,0.9682731
1018_11,0,11,0,0.99169284
1037_11,1,11,1,0.99865973
1079_11,0,11,0,0.95310307
1105_11,0,11,0,0.51753664
919_11,0,11,0,0.9897285
938_11,1,11,1,0.9839743
