Case ID;Actual;Prefix Length;Prediction;Prediction Probability;SHAP Subset Stability;SHAP Weight Stability;SHAP Adjusted Weight Stability;SHAP Subset Stability;SHAP Weight Stability;SHAP Adjusted Weight Stability
1037_9;1;9;1;0.99977297;1.0;0.9999999999988782;0.9999999999988782;1.0;0.9999999999988782;0.9999999999988782
1048_9;0;9;0;0.87985134;1.0;0.9999999999999999;0.9999999999999999;1.0;0.9999999999999999;0.9999999999999999
1069_9;0;9;1;0.76897377;1.0;0.9999999999999999;0.9999999999999999;1.0;0.9999999999999999;0.9999999999999999
1081_9;1;9;0;0.6901285;1.0;0.9999999999999999;0.9999999999999999;1.0;0.9999999999999999;0.9999999999999999
1105_9;0;9;0;0.9999529;1.0;0.9999999999999999;0.9999999999999999;1.0;0.9999999999999999;0.9999999999999999
933_9;0;9;0;0.95796835;1.0;0.9999999999999999;0.9999999999999999;1.0;0.9999999999999999;0.9999999999999999
962_9;1;9;1;0.9999999;1.0;0.9999999999988782;0.9999999999988782;1.0;0.9999999999988782;0.9999999999988782
964_9;1;9;1;0.99993014;1.0;0.9999999999988781;0.9999999999988781;1.0;0.9999999999988781;0.9999999999988781
