Case ID;Actual;Prefix Length;Prediction;Prediction Probability;SHAP Subset Stability;SHAP Weight Stability;SHAP Adjusted Weight Stability;SHAP Subset Stability;SHAP Weight Stability;SHAP Adjusted Weight Stability
1020_4;1;4;0;0.6347633;1.0;0.9999999999999315;0.9999999999999315;1.0;0.9999999999999315;0.9999999999999315
1084_4;0;4;1;0.91059214;1.0;0.9999999999998481;0.9999999999998481;1.0;0.9999999999998481;0.9999999999998481
1101_4;0;4;1;0.6990567;1.0;0.9999999999999993;0.9999999999999993;1.0;0.9999999999999993;0.9999999999999993
1121_4;1;4;1;0.9881761;1.0;0.9999999999999315;0.9999999999999315;1.0;0.9999999999999315;0.9999999999999315
929_4;1;4;1;0.88497025;1.0;0.9999999999999987;0.9999999999999987;1.0;0.9999999999999987;0.9999999999999987
958_4;0;4;0;0.9856865;1.0;1.0;1.0;1.0;1.0;1.0
967_4;0;4;0;0.99761474;1.0;0.9999999999998833;0.9999999999998833;1.0;0.9999999999998833;0.9999999999998833
969_4;1;4;1;0.6401197;1.0;1.0;1.0;1.0;1.0;1.0
