Case ID;Actual;Prefix Length;Prediction;Prediction Probability;SHAP Subset Stability;SHAP Weight Stability;SHAP Adjusted Weight Stability;SHAP Subset Stability.1;SHAP Weight Stability.1;SHAP Adjusted Weight Stability.1;LIME Subset Stability;LIME Weight Stability;LIME Adjusted Weight Stability
1009_6;0;6;1;0.9994056;1.0;0.9999999999996496;0.9999999999996496;1.0;0.9999999999996496;0.9999999999996496;0.05733755180541289;0.694251431589368;0.694251431589368
1034_6;0;6;0;0.92908674;1.0;0.9999999999995904;0.9999999999995904;1.0;0.9999999999995904;0.9999999999995904;0.07073384945676953;0.6116405507293929;0.6116405507293929
1059_6;1;6;1;0.9999181;1.0;0.9999999999996048;0.9999999999996048;1.0;0.9999999999996048;0.9999999999996048;0.10616243489132071;0.7646037230250268;0.7646037230250268
1080_6;0;6;1;0.61101896;1.0;0.9999999999995958;0.9999999999995958;1.0;0.9999999999995958;0.9999999999995958;0.06345461658841955;0.7109740686389427;0.7109740686389427
1104_6;1;6;1;0.9999982;1.0;0.9999999999998443;0.9999999999998443;1.0;0.9999999999998443;0.9999999999998443;0.041564802882630536;0.6513205313643694;0.6513205313643694
914_6;1;6;1;0.9999908000000002;1.0;0.999999999999714;0.999999999999714;1.0;0.999999999999714;0.999999999999714;0.04699363968585846;0.7248894543843454;0.7248894543843454
964_6;1;6;1;0.9979556999999999;1.0;0.9999999999998967;0.9999999999998967;1.0;0.9999999999998967;0.9999999999998967;0.054137291280148325;0.7236976807914908;0.7236976807914908
974_6;0;6;0;0.8839698;1.0;0.9999999999999616;0.9999999999999616;1.0;0.9999999999999616;0.9999999999999616;0.04151886909951419;0.7496297936046743;0.7496297936046743
