Case ID;Actual;Prefix Length;Prediction;Prediction Probability;SHAP Subset Stability;SHAP Weight Stability;SHAP Adjusted Weight Stability;SHAP Subset Stability;SHAP Weight Stability;SHAP Adjusted Weight Stability
1008_2;1;2;0;0.6756336;1.0;1.0;1.0;1.0;1.0;1.0
1039_2;0;2;1;0.92783785;1.0;0.9999999999999999;0.9999999999999999;1.0;0.9999999999999999;0.9999999999999999
1083_2;1;2;0;0.9965894;1.0;0.9999999999999999;0.9999999999999999;1.0;0.9999999999999999;0.9999999999999999
1092_2;0;2;0;0.6628895;1.0;0.9999999999999997;0.9999999999999997;1.0;0.9999999999999997;0.9999999999999997
936_2;0;2;0;0.99944454;1.0;1.0;1.0;1.0;1.0;1.0
942_2;1;2;1;0.91771066;1.0;1.0;1.0;1.0;1.0;1.0
979_2;0;2;0;0.9923759;1.0;1.0;1.0;1.0;1.0;1.0
990_2;1;2;1;0.5748225;1.0;0.9999999999999807;0.9999999999999807;1.0;0.9999999999999807;0.9999999999999807
