Case ID;Actual;Prefix Length;Prediction;Prediction Probability;SHAP Subset Stability;SHAP Weight Stability;SHAP Adjusted Weight Stability;SHAP Subset Stability;SHAP Weight Stability;SHAP Adjusted Weight Stability
1039_14;0;14;0;0.96570194;1.0;1.0;1.0;1.0;1.0;1.0
1089_14;0;14;0;0.99763346;1.0;0.9999999999999974;0.9999999999999974;1.0;0.9999999999999974;0.9999999999999974
1094_14;1;14;1;0.9999989;1.0;0.9999999999996892;0.9999999999996892;1.0;0.9999999999996892;0.9999999999996892
1099_14;0;14;1;0.67980933;1.0;1.0;1.0;1.0;1.0;1.0
1100_14;1;14;1;0.99999833;1.0;0.9999999999997743;0.9999999999997743;1.0;0.9999999999997743;0.9999999999997743
1125_14;1;14;0;0.9541223;1.0;0.9999999999992858;0.9999999999992858;1.0;0.9999999999992858;0.9999999999992858
922_14;0;14;0;0.8866085;1.0;0.9999999999999646;0.9999999999999646;1.0;0.9999999999999646;0.9999999999999646
989_14;1;14;1;0.9999995;1.0;0.9999999999980713;0.9999999999980713;1.0;0.9999999999980713;0.9999999999980713
