Case ID;Actual;Prefix Length;Prediction;Prediction Probability;SHAP Subset Stability;SHAP Weight Stability;SHAP Adjusted Weight Stability;SHAP Subset Stability.1;SHAP Weight Stability.1;SHAP Adjusted Weight Stability.1;LIME Subset Stability;LIME Weight Stability;LIME Adjusted Weight Stability
1014_8;1;8;1;1.0;1.0;0.9999999999990424;0.9999999999990424;1.0;0.9999999999990424;0.9999999999990424;0.9088622854054953;0.38461206805280945;0.38461206805280945
1025_8;0;8;0;0.9768103000000001;1.0;0.9999999999987044;0.9999999999987044;1.0;0.9999999999987044;0.9999999999987044;0.9088622854054953;0.08640520659382478;0.08640520659382478
1026_8;1;8;1;0.9835226999999999;1.0;0.9999999999994258;0.9999999999994258;1.0;0.9999999999994258;0.9999999999994258;0.8842722922091633;0.38722633323494127;0.38722633323494127
913_8;1;8;1;0.9999815000000001;1.0;0.9999999999991112;0.9999999999991112;1.0;0.9999999999991112;0.9999999999991112;1.0;0.5490408086466361;0.5490408086466361
921_8;0;8;1;0.54253244;1.0;0.9999999999997756;0.9999999999997756;1.0;0.9999999999997756;0.9999999999997756;0.8842722922091633;-0.12237871623804808;-0.12237871623804808
933_8;0;8;0;0.9643255999999999;1.0;0.9999999999993028;0.9999999999993028;1.0;0.9999999999993028;0.9999999999993028;0.3643284201948014;0.5856083232582501;0.5856083232582501
952_8;0;8;0;0.99918437;1.0;0.9999999999948884;0.9999999999948884;1.0;0.9999999999948884;0.9999999999948884;0.9088622854054953;0.30800352767250994;0.30800352767250994
960_8;1;8;1;0.9999976;1.0;0.9999999999999812;0.9999999999999812;1.0;0.9999999999999812;0.9999999999999812;1.0;0.4945344570258511;0.4945344570258511
