Case ID;Actual;Prefix Length;Prediction;Prediction Probability;SHAP Subset Stability;SHAP Weight Stability;SHAP Adjusted Weight Stability;LIME Subset Stability;LIME Weight Stability;LIME Adjusted Weight Stability;ACV Subset Stability;ACV Weight Stability;ACV Adjusted Weight Stability;LINDA Subset Stability;LINDA Weight Stability;LINDA Adjusted Weight Stability
Case111_6;1;6;1;0.77397627;1.0;0.9999999999995816;0.9999999999995816;0.9078548151477694;0.9507401339602756;0.9507401339602756;;1.0;1.0;1.0;1.0;1.0
Case129_6;0;6;0;0.96431315;1.0;0.9999999999995816;0.9999999999995816;1.0;0.97442977990277;0.97442977990277;;1.0;1.0;1.0;1.0;1.0
Case163_6;1;6;1;0.94519866;1.0;0.9999999999995816;0.9999999999995816;0.76551329711181;0.6670911438417009;0.6670911438417009;;1.0;1.0;1.0;1.0;1.0
Case210_6;0;6;0;0.87648916;1.0;0.9999999999995816;0.9999999999995816;1.0;0.9692524540181376;0.9692524540181376;;1.0;1.0;1.0;1.0;1.0
Case260_6;1;6;1;0.8875059000000001;1.0;0.9999999999995816;0.9999999999995816;0.9078548151477694;0.9810797385253248;0.9810797385253248;;1.0;1.0;1.0;1.0;1.0
Case274_6;0;6;0;0.9474894;1.0;0.9999999999995816;0.9999999999995816;0.8321048321048321;0.9720329464465692;0.9720329464465692;;1.0;1.0;1.0;1.0;1.0
Case41_6;0;6;0;0.96487355;1.0;0.9999999999995816;0.9999999999995816;1.0;0.9733869920365472;0.9733869920365472;;1.0;1.0;;1.0;1.0
Case59_6;1;6;0;0.9262382;1.0;0.9999999999995816;0.9999999999995816;0.8321048321048321;0.9666952946057168;0.9666952946057168;;1.0;1.0;1.0;1.0;1.0
