Case ID;Actual;Prefix Length;Prediction;Prediction Probability;SHAP Subset Stability;SHAP Weight Stability;SHAP Adjusted Weight Stability;SHAP Subset Stability.1;SHAP Weight Stability.1;SHAP Adjusted Weight Stability.1;LIME Subset Stability;LIME Weight Stability;LIME Adjusted Weight Stability
1008_2;1;2;0;0.6756336;1.0;1.0;1.0;1.0;1.0;1.0;0.05578144951912867;0.46314343842676475;0.46314343842676475
1039_2;0;2;1;0.92783785;1.0;1.0;1.0;1.0;1.0;1.0;0.498868778280543;-4.937801705050169;-4.937801705050169
1083_2;1;2;0;0.9965894000000001;1.0;1.0;1.0;1.0;1.0;1.0;0.05804489531447232;0.22989604022097143;0.22989604022097143
1092_2;0;2;0;0.6628895;1.0;0.9999999999999996;0.9999999999999996;1.0;0.9999999999999996;0.9999999999999996;0.07899575267032233;0.34278520427590276;0.34278520427590276
936_2;0;2;0;0.99944454;1.0;1.0;1.0;1.0;1.0;1.0;0.06195843042256255;0.25897256465212193;0.25897256465212193
942_2;1;2;1;0.91771066;1.0;1.0;1.0;1.0;1.0;1.0;0.5546507828796903;-1.7861276348375652;-1.7861276348375652
979_2;0;2;0;0.9923759;1.0;1.0;1.0;1.0;1.0;1.0;0.498868778280543;0.5516047163531099;0.5516047163531099
990_2;1;2;1;0.5748225;1.0;0.9999999999999808;0.9999999999999808;1.0;0.9999999999999808;0.9999999999999808;0.0778383783292429;0.4279318170283576;0.4279318170283576
