Case ID;Actual;Prefix Length;Prediction;Prediction Probability;SHAP Subset Stability;SHAP Weight Stability;SHAP Adjusted Weight Stability;SHAP Subset Stability.1;SHAP Weight Stability.1;SHAP Adjusted Weight Stability.1;LIME Subset Stability;LIME Weight Stability;LIME Adjusted Weight Stability
1073_7;0;7;0;0.9972484;1.0;0.99999999999972;0.99999999999972;1.0;0.99999999999972;0.99999999999972;0.05495596709310324;0.5430331774727343;0.5430331774727343
1095_7;0;7;1;0.6958765;1.0;1.0;1.0;1.0;1.0;1.0;0.06641879974381848;0.6271532948466352;0.6271532948466352
1113_7;1;7;1;0.9999998999999999;1.0;0.9999999999999912;0.9999999999999912;1.0;0.9999999999999912;0.9999999999999912;0.21454327975757026;0.6030334035527928;0.6030334035527928
1126_7;1;7;1;0.9999958000000001;1.0;1.0;1.0;1.0;1.0;1.0;0.1671618942289682;-0.3864738893213513;-0.3864738893213513
914_7;1;7;1;0.99976164;1.0;1.0;1.0;1.0;1.0;1.0;0.07658359734437781;0.44240636841508385;0.44240636841508385
932_7;0;7;1;0.99986124;1.0;0.9999999999998508;0.9999999999998508;1.0;0.9999999999998508;0.9999999999998508;0.07210278195099196;0.5945901250495779;0.5945901250495779
949_7;1;7;1;1.0;1.0;0.9999999999994292;0.9999999999994292;1.0;0.9999999999994292;0.9999999999994292;0.17460598400158267;0.6214054872319081;0.6214054872319081
970_7;0;7;1;0.78442705;1.0;0.9999999999999905;0.9999999999999905;1.0;0.9999999999999905;0.9999999999999905;0.19765393945435805;0.6934373231568269;0.6934373231568269
