Case ID;Actual;Prefix Length;Prediction;Prediction Probability;SHAP Subset Stability;SHAP Weight Stability;SHAP Adjusted Weight Stability;SHAP Subset Stability;SHAP Weight Stability;SHAP Adjusted Weight Stability
1025_10;0;10;0;0.9999602;1.0;0.9999999999999952;0.9999999999999952;1.0;0.9999999999999952;0.9999999999999952
1049_10;1;10;0;0.8941708;1.0;0.9999999999994246;0.9999999999994246;1.0;0.9999999999994246;0.9999999999994246
1081_10;1;10;1;0.9541752;1.0;0.9999999999994235;0.9999999999994235;1.0;0.9999999999994235;0.9999999999994235
1096_10;0;10;0;0.76683223;1.0;0.9999999999988028;0.9999999999988028;1.0;0.9999999999988028;0.9999999999988028
1126_10;1;10;1;0.9999993;1.0;0.9999999999994246;0.9999999999994246;1.0;0.9999999999994246;0.9999999999994246
1131_10;0;10;1;0.94250876;1.0;0.999999999999385;0.999999999999385;1.0;0.999999999999385;0.999999999999385
926_10;1;10;1;0.99273527;1.0;0.9999999999994246;0.9999999999994246;1.0;0.9999999999994246;0.9999999999994246
979_10;0;10;0;0.85184395;1.0;0.9999999999999941;0.9999999999999941;1.0;0.9999999999999941;0.9999999999999941
