Case ID;Actual;Prefix Length;Prediction;Prediction Probability;SHAP Subset Stability;SHAP Weight Stability;SHAP Adjusted Weight Stability;SHAP Subset Stability.1;SHAP Weight Stability.1;SHAP Adjusted Weight Stability.1;LIME Subset Stability;LIME Weight Stability;LIME Adjusted Weight Stability
914.0;1.0;1.0;1.0;0.990975558757782;1.0;0.9999999999999872;0.9999999999999872;1.0;0.9999999999999872;0.9999999999999872;0.08557491289198604;-6.768688631572856;-6.768688631572856
1018.0;0.0;1.0;0.0;0.9999467134475708;1.0;1.0;1.0;1.0;1.0;1.0;0.059691473131039174;0.41029015180871964;0.41029015180871964
1034.0;0.0;1.0;1.0;0.9999996423721312;1.0;1.0;1.0;1.0;1.0;1.0;0.06993015403912395;0.4653033942695275;0.4653033942695275
1048.0;0.0;1.0;0.0;0.9583804607391356;1.0;1.0;1.0;1.0;1.0;1.0;0.0732265446224255;0.43305099133827507;0.43305099133827507
1106.0;0.0;1.0;1.0;0.9984323382377625;1.0;0.9999999999999952;0.9999999999999952;1.0;0.9999999999999952;0.9999999999999952;0.06498082717158205;0.25655544809585296;0.25655544809585296
1115.0;1.0;1.0;1.0;0.9782760739326476;1.0;0.9999999999999949;0.9999999999999949;1.0;0.9999999999999949;0.9999999999999949;0.07394181326672877;0.32863703445788917;0.32863703445788917
1117.0;1.0;1.0;0.0;0.9000053405761719;1.0;0.9999999999999996;0.9999999999999996;1.0;0.9999999999999996;0.9999999999999996;0.8331015299026425;0.31235263682238634;0.31235263682238634
1122.0;1.0;1.0;0.0;0.8937360048294067;1.0;0.9999999999999998;0.9999999999999998;1.0;0.9999999999999998;0.9999999999999998;0.8331015299026425;0.3363184683292175;0.3363184683292175
