Case ID;Actual;Prefix Length;Prediction;Prediction Probability;SHAP Subset Stability;SHAP Weight Stability;SHAP Adjusted Weight Stability;SHAP Subset Stability.1;SHAP Weight Stability.1;SHAP Adjusted Weight Stability.1;LIME Subset Stability;LIME Weight Stability;LIME Adjusted Weight Stability
1039_14;0;14;0;0.96570194;1.0;1.0;1.0;1.0;1.0;1.0;0.09781651600589747;0.6483787053306422;0.6483787053306422
1089_14;0;14;0;0.99763346;1.0;0.9999999999999974;0.9999999999999974;1.0;0.9999999999999974;0.9999999999999974;0.0921036554549225;0.6925477724385722;0.6925477724385722
1094_14;1;14;1;0.9999988999999999;1.0;0.9999999999996892;0.9999999999996892;1.0;0.9999999999996892;0.9999999999996892;1.0;-2.572292230702368;-2.572292230702368
1099_14;0;14;1;0.67980933;1.0;1.0;1.0;1.0;1.0;1.0;0.09453254956615575;0.6425712642909842;0.6425712642909842
1100_14;1;14;1;0.99999833;1.0;0.9999999999997744;0.9999999999997744;1.0;0.9999999999997744;0.9999999999997744;1.0;0.64317225252312;0.64317225252312
1125_14;1;14;0;0.9541223;1.0;0.9999999999992858;0.9999999999992858;1.0;0.9999999999992858;0.9999999999992858;0.10293317899925636;0.5465386653782935;0.5465386653782935
922_14;0;14;0;0.8866084999999999;1.0;0.9999999999999646;0.9999999999999646;1.0;0.9999999999999646;0.9999999999999646;0.0928153539552996;0.6699361781341873;0.6699361781341873
989_14;1;14;1;0.9999995;1.0;0.9999999999980712;0.9999999999980712;1.0;0.9999999999980712;0.9999999999980712;1.0;0.6605650127093721;0.6605650127093721
