Case ID;Actual;Prefix Length;Prediction;Prediction Probability;SHAP Subset Stability;SHAP Weight Stability;SHAP Adjusted Weight Stability;SHAP Subset Stability;SHAP Weight Stability;SHAP Adjusted Weight Stability
1040_3;1;3;1;0.9715859;1.0;0.999999999999926;0.999999999999926;1.0;0.999999999999926;0.999999999999926
1084_3;0;3;1;0.8125127;1.0;0.999999999999926;0.999999999999926;1.0;0.999999999999926;0.999999999999926
933_3;0;3;0;0.98660576;1.0;0.9999999999999958;0.9999999999999958;1.0;0.9999999999999958;0.9999999999999958
945_3;0;3;0;0.6242519;1.0;0.9999999999999989;0.9999999999999989;1.0;0.9999999999999989;0.9999999999999989
954_3;1;3;0;0.5239176;1.0;0.9999999999999317;0.9999999999999317;1.0;0.9999999999999317;0.9999999999999317
974_3;0;3;0;0.7939371;1.0;0.9999999999999635;0.9999999999999635;1.0;0.9999999999999635;0.9999999999999635
980_3;1;3;1;0.88152194;1.0;0.9999999999999596;0.9999999999999596;1.0;0.9999999999999596;0.9999999999999596
991_3;1;3;1;0.78435564;1.0;0.9999999999998473;0.9999999999998473;1.0;0.9999999999998473;0.9999999999998473
