Case ID;Actual;Prefix Length;Prediction;Prediction Probability;SHAP Subset Stability;SHAP Weight Stability;SHAP Adjusted Weight Stability;SHAP Subset Stability.1;SHAP Weight Stability.1;SHAP Adjusted Weight Stability.1;LIME Subset Stability;LIME Weight Stability;LIME Adjusted Weight Stability
1063_13;1;13;1;0.99485177;1.0;0.9999999999796351;0.9999999999796351;1.0;0.9999999999796351;0.9999999999796351;0.6832302633820573;0.4124157492040884;0.4124157492040884
1078_13;0;13;1;0.5566813;1.0;0.9999999999999998;0.9999999999999998;1.0;0.9999999999999998;0.9999999999999998;0.08729134335705668;0.4512688904469644;0.4512688904469644
1086_13;0;13;0;0.74769753;1.0;0.999999999999986;0.999999999999986;1.0;0.999999999999986;0.999999999999986;0.6116836873211787;0.31423081444603584;0.31423081444603584
1117_13;1;13;1;0.97935915;1.0;0.9999999999999954;0.9999999999999954;1.0;0.9999999999999954;0.9999999999999954;0.6517767125952916;0.4075241533017;0.4075241533017
1118_13;0;13;0;0.9199821;1.0;0.9999999999999952;0.9999999999999952;1.0;0.9999999999999952;0.9999999999999952;0.5847736173273657;0.4463877461636433;0.4463877461636433
1121_13;1;13;1;0.5638154000000001;1.0;0.9999999999796351;0.9999999999796351;1.0;0.9999999999796351;0.9999999999796351;0.6273297216259497;-4.711193963209329;-4.711193963209329
942_13;1;13;1;0.99880576;1.0;0.9999999999999952;0.9999999999999952;1.0;0.9999999999999952;0.9999999999999952;0.7324178275385678;0.5819946839097301;0.5819946839097301
947_13;0;13;0;0.9932770000000001;1.0;0.9999999999999996;0.9999999999999996;1.0;0.9999999999999996;0.9999999999999996;0.6355150197565735;0.5724403940655955;0.5724403940655955
