Case ID;Actual;Prefix Length;Prediction;Prediction Probability;SHAP Subset Stability;SHAP Weight Stability;SHAP Adjusted Weight Stability;SHAP Subset Stability.1;SHAP Weight Stability.1;SHAP Adjusted Weight Stability.1;LIME Subset Stability;LIME Weight Stability;LIME Adjusted Weight Stability
1010_12;0;12;0;0.9909591999999998;1.0;0.9999999999999272;0.9999999999999272;1.0;0.9999999999999272;0.9999999999999272;0.011022230367024655;0.39321636237614477;0.39321636237614477
1052_12;1;12;1;0.8112596;1.0;0.9999999999999268;0.9999999999999268;1.0;0.9999999999999268;0.9999999999999268;0.33597390493942214;0.5889747080967733;0.5889747080967733
949_12;1;12;1;0.5303188;1.0;0.9999999999999272;0.9999999999999272;1.0;0.9999999999999272;0.9999999999999272;0.21937676814592744;0.6273755380522843;0.6273755380522843
952_12;0;12;0;0.7326724;1.0;0.9999999999999264;0.9999999999999264;1.0;0.9999999999999264;0.9999999999999264;0.09456804940095176;0.41740612737812577;0.41740612737812577
955_12;1;12;0;0.70855236;1.0;0.9999999999999224;0.9999999999999224;1.0;0.9999999999999224;0.9999999999999224;0.24233627496516486;0.7412300697131728;0.7412300697131728
962_12;1;12;1;0.97632253;1.0;0.9999999999999272;0.9999999999999272;1.0;0.9999999999999272;0.9999999999999272;0.20416730534362448;0.5672589637838276;0.5672589637838276
967_12;0;12;0;0.93835664;1.0;0.999999999999654;0.999999999999654;1.0;0.999999999999654;0.999999999999654;0.09902258498272343;0.6710795870589132;0.6710795870589132
999_12;0;12;0;0.99866694;1.0;0.999999999999926;0.999999999999926;1.0;0.999999999999926;0.999999999999926;0.08655446203584849;0.08138713064350478;0.08138713064350478
