Case ID,Actual,Prefix Length,Prediction,Prediction Probability
1037_9,1,9,1,0.99977297
1048_9,0,9,0,0.87985134
1069_9,0,9,1,0.76897377
1081_9,1,9,0,0.6901285
1105_9,0,9,0,0.9999529
933_9,0,9,0,0.95796835
962_9,1,9,1,0.9999999
964_9,1,9,1,0.99993014
