Case ID;Actual;Prefix Length;Prediction;Prediction Probability;SHAP Subset Stability;SHAP Weight Stability;SHAP Adjusted Weight Stability;SHAP Subset Stability;SHAP Weight Stability;SHAP Adjusted Weight Stability
1002_5;1;5;1;0.86123633;1.0;0.9999999999997081;0.9999999999997081;1.0;0.9999999999997081;0.9999999999997081
1024_5;0;5;0;0.80138725;1.0;0.9999999999999811;0.9999999999999811;1.0;0.9999999999999811;0.9999999999999811
1036_5;1;5;1;0.6907155;1.0;0.9999999999999977;0.9999999999999977;1.0;0.9999999999999977;0.9999999999999977
1071_5;1;5;1;0.92673033;1.0;0.9999999999999957;0.9999999999999957;1.0;0.9999999999999957;0.9999999999999957
1073_5;0;5;0;0.679193;1.0;0.9999999999999977;0.9999999999999977;1.0;0.9999999999999977;0.9999999999999977
1141_5;0;5;1;0.68072224;1.0;0.9999999999999977;0.9999999999999977;1.0;0.9999999999999977;0.9999999999999977
934_5;0;5;0;0.90069526;1.0;0.9999999999999954;0.9999999999999954;1.0;0.9999999999999954;0.9999999999999954
977_5;1;5;1;0.9954918;1.0;1.0;1.0;1.0;1.0;1.0
