Case ID,Actual,Prefix Length,Prediction,Prediction Probability
1025_10,0,10,0,0.9999602
1049_10,1,10,0,0.8941708
1081_10,1,10,1,0.9541752
1096_10,0,10,0,0.76683223
1126_10,1,10,1,0.9999993
1131_10,0,10,1,0.94250876
926_10,1,10,1,0.99273527
979_10,0,10,0,0.85184395
