Case ID;Actual;Prefix Length;Prediction;Prediction Probability;SHAP Subset Stability;SHAP Weight Stability;SHAP Adjusted Weight Stability;SHAP Subset Stability.1;SHAP Weight Stability.1;SHAP Adjusted Weight Stability.1;LIME Subset Stability;LIME Weight Stability;LIME Adjusted Weight Stability
1008_11;1;11;1;0.85571826;1.0;1.0;1.0;1.0;1.0;1.0;0.5537088334872182;0.7412736821746218;0.7412736821746218
1013_11;1;11;1;0.9682731;1.0;0.9999999999999942;0.9999999999999942;1.0;0.9999999999999942;0.9999999999999942;0.3085376443067288;0.5598162769240169;0.5598162769240169
1018_11;0;11;0;0.99169284;1.0;1.0;1.0;1.0;1.0;1.0;0.7133632050606153;0.7631006827984554;0.7631006827984554
1037_11;1;11;1;0.99865973;1.0;0.999999999999713;0.999999999999713;1.0;0.999999999999713;0.999999999999713;1.0;0.7492166855036815;0.7492166855036815
1079_11;0;11;0;0.95310307;1.0;0.9999999999999952;0.9999999999999952;1.0;0.9999999999999952;0.9999999999999952;0.6236155976003783;0.7397573368224281;0.7397573368224281
1105_11;0;11;0;0.51753664;1.0;0.9999999999999952;0.9999999999999952;1.0;0.9999999999999952;0.9999999999999952;0.6236155976003783;0.8306630846100631;0.8306630846100631
919_11;0;11;0;0.9897285;1.0;1.0;1.0;1.0;1.0;1.0;0.6655132641291819;0.603990884884435;0.603990884884435
938_11;1;11;1;0.9839743000000001;1.0;0.9999999999999998;0.9999999999999998;1.0;0.9999999999999998;0.9999999999999998;1.0;0.8161987459293547;0.8161987459293547
