Case ID,Actual,Prefix Length,Prediction,Prediction Probability
1008_2,1,2,0,0.6756336
1039_2,0,2,1,0.92783785
1083_2,1,2,0,0.9965894
1092_2,0,2,0,0.6628895
936_2,0,2,0,0.99944454
942_2,1,2,1,0.91771066
979_2,0,2,0,0.9923759
990_2,1,2,1,0.5748225
