Case ID;Actual;Prefix Length;Prediction;Prediction Probability;SHAP Subset Stability;SHAP Weight Stability;SHAP Adjusted Weight Stability;SHAP Subset Stability.1;SHAP Weight Stability.1;SHAP Adjusted Weight Stability.1;LIME Subset Stability;LIME Weight Stability;LIME Adjusted Weight Stability
1020_4;1;4;0;0.6347633;1.0;0.9999999999999316;0.9999999999999316;1.0;0.9999999999999316;0.9999999999999316;0.9086387273138347;0.2626511560210081;0.2626511560210081
1084_4;0;4;1;0.91059214;1.0;0.999999999999848;0.999999999999848;1.0;0.999999999999848;0.999999999999848;0.9088653790954196;0.5556238793057976;0.5556238793057976
1101_4;0;4;1;0.6990566999999999;1.0;0.9999999999999992;0.9999999999999992;1.0;0.9999999999999992;0.9999999999999992;0.5744338259613209;0.5106706509550882;0.5106706509550882
1121_4;1;4;1;0.9881761;1.0;0.9999999999999316;0.9999999999999316;1.0;0.9999999999999316;0.9999999999999316;0.9521549125979506;0.6788801240327699;0.6788801240327699
929_4;1;4;1;0.88497025;1.0;0.9999999999999988;0.9999999999999988;1.0;0.9999999999999988;0.9999999999999988;0.9521549125979506;0.44998343180138933;0.44998343180138933
958_4;0;4;0;0.9856865;1.0;1.0;1.0;1.0;1.0;1.0;0.04683811102123503;0.473542700591707;0.473542700591707
967_4;0;4;0;0.99761474;1.0;0.9999999999998832;0.9999999999998832;1.0;0.9999999999998832;0.9999999999998832;0.1669790104947524;0.5357411757510387;0.5357411757510387
969_4;1;4;1;0.6401197;1.0;1.0;1.0;1.0;1.0;1.0;0.24794191919191888;0.507914713087962;0.507914713087962
