Case ID;Actual;Prefix Length;Prediction;Prediction Probability;SHAP Subset Stability;SHAP Weight Stability;SHAP Adjusted Weight Stability;SHAP Subset Stability;SHAP Weight Stability;SHAP Adjusted Weight Stability
1010_12;0;12;0;0.9909592;1.0;0.9999999999999273;0.9999999999999273;1.0;0.9999999999999273;0.9999999999999273
1052_12;1;12;1;0.8112596;1.0;0.9999999999999267;0.9999999999999267;1.0;0.9999999999999267;0.9999999999999267
949_12;1;12;1;0.5303188;1.0;0.9999999999999273;0.9999999999999273;1.0;0.9999999999999273;0.9999999999999273
952_12;0;12;0;0.7326724;1.0;0.9999999999999263;0.9999999999999263;1.0;0.9999999999999263;0.9999999999999263
955_12;1;12;0;0.70855236;1.0;0.9999999999999225;0.9999999999999225;1.0;0.9999999999999225;0.9999999999999225
962_12;1;12;1;0.97632253;1.0;0.9999999999999273;0.9999999999999273;1.0;0.9999999999999273;0.9999999999999273
967_12;0;12;0;0.93835664;1.0;0.9999999999996539;0.9999999999996539;1.0;0.9999999999996539;0.9999999999996539
999_12;0;12;0;0.99866694;1.0;0.9999999999999261;0.9999999999999261;1.0;0.9999999999999261;0.9999999999999261
