Case ID;Actual;Prefix Length;Prediction;Prediction Probability;SHAP Subset Stability;SHAP Weight Stability;SHAP Adjusted Weight Stability;SHAP Subset Stability;SHAP Weight Stability;SHAP Adjusted Weight Stability
1009_6;0;6;1;0.9994056;1.0;0.9999999999996497;0.9999999999996497;1.0;0.9999999999996497;0.9999999999996497
1034_6;0;6;0;0.92908674;1.0;0.9999999999995905;0.9999999999995905;1.0;0.9999999999995905;0.9999999999995905
1059_6;1;6;1;0.9999181;1.0;0.9999999999996049;0.9999999999996049;1.0;0.9999999999996049;0.9999999999996049
1080_6;0;6;1;0.61101896;1.0;0.9999999999995958;0.9999999999995958;1.0;0.9999999999995958;0.9999999999995958
1104_6;1;6;1;0.9999982;1.0;0.9999999999998443;0.9999999999998443;1.0;0.9999999999998443;0.9999999999998443
914_6;1;6;1;0.9999908;1.0;0.9999999999997141;0.9999999999997141;1.0;0.9999999999997141;0.9999999999997141
964_6;1;6;1;0.9979557;1.0;0.9999999999998969;0.9999999999998969;1.0;0.9999999999998969;0.9999999999998969
974_6;0;6;0;0.8839698;1.0;0.9999999999999616;0.9999999999999616;1.0;0.9999999999999616;0.9999999999999616
