Case ID,Actual,Prefix Length,Prediction,Prediction Probability
1010_12,0,12,0,0.9909592
1052_12,1,12,1,0.8112596
949_12,1,12,1,0.5303188
952_12,0,12,0,0.7326724
955_12,1,12,0,0.70855236
962_12,1,12,1,0.97632253
967_12,0,12,0,0.93835664
999_12,0,12,0,0.99866694
