Case ID;Actual;Prefix Length;Prediction;Prediction Probability;SHAP Subset Stability;SHAP Weight Stability;SHAP Adjusted Weight Stability
Case135_12;1;12;1;1.0;1.0;0.9998417412946996;0.9998417412946996
Case210_12;0;12;0;1.0;1.0;0.999832940551486;0.999832940551486
Case240_12;1;12;1;1.0;1.0;0.9998561501303245;0.9998561501303245
Case263_12;0;12;0;1.0;1.0;0.9997892098053535;0.9997892098053535
Case265_12;0;12;0;1.0;1.0;0.9998335739287162;0.9998335739287162
Case55_12;1;12;1;1.0;1.0;0.9998366575328373;0.9998366575328373
Case61_12;1;12;1;1.0;1.0;0.9998468172266857;0.9998468172266857
Case90_12;0;12;0;1.0;1.0;0.9998077495764183;0.9998077495764183
