Case ID;Actual;Prefix Length;Prediction;Prediction Probability;SHAP Subset Stability;SHAP Weight Stability;SHAP Adjusted Weight Stability;LIME Subset Stability;LIME Weight Stability;LIME Adjusted Weight Stability;ACV Subset Stability;ACV Weight Stability;ACV Adjusted Weight Stability;LINDA Subset Stability;LINDA Weight Stability;LINDA Adjusted Weight Stability
Case109_2;1;2;1;1.0;1.0;0.8694104294183411;0.8694104294183411;0.9544700460829492;0.9816632637508051;0.9816632637508051;;1.0;1.0;;1.0;1.0
Case195_2;0;2;0;1.0;1.0;0.7943779859466966;0.7943779859466966;0.9060522151898734;0.9795239831421716;0.9795239831421716;;1.0;1.0;;1.0;1.0
Case199_2;1;2;1;1.0;1.0;0.790427803117679;0.790427803117679;0.8928436281073528;0.9852477566643016;0.9852477566643016;;1.0;1.0;;1.0;1.0
Case219_2;1;2;1;1.0;0.832274011299435;0.7124887782313413;0.7124887782313413;0.8819625642262519;0.9822441123992236;0.9822441123992236;;1.0;1.0;;1.0;1.0
Case240_2;1;2;1;0.9999999999999148;0.7121648235115892;0.7805227314995975;0.7805227314995975;0.927003934103762;0.9817206762227249;0.9817206762227249;;1.0;1.0;1.0;1.0;1.0
Case274_2;0;2;0;1.0;0.7841236176336919;0.9596076414570024;0.9596076414570024;0.9164506236569008;0.9103407322602326;0.9103407322602326;;1.0;1.0;;1.0;1.0
Case39_2;0;2;1;0.6631226741368845;0.6402060293894865;0.494029207313031;0.494029207313031;0.890505901155643;0.9802990601576566;0.9802990601576566;;1.0;1.0;1.0;1.0;1.0
Case60_2;0;2;1;1.0;0.32909604519774016;0.4075858794819691;0.4075858794819691;0.902832811825228;0.9858451730004772;0.9858451730004772;;1.0;1.0;;1.0;1.0
