Case ID,Actual,Prefix Length,Prediction,Prediction Probability
Case127,1,1,1,0.9999700019705444
Case188,1,1,1,1.0
Case21,1,1,1,1.0
Case236,0,1,0,1.0
Case252,0,1,1,0.9995349382348621
Case39,0,1,1,0.9999368206974099
Case42,1,1,1,0.9752656150567215
Case97,0,1,0,0.9999999999998579
