"Case ID;Actual;Prefix Length;Prediction;Prediction Probability;SHAP Subset Stability;SHAP Weight Stability;SHAP Adjusted Weight Stability";LIME Subset Stability;LIME Weight Stability;LIME Adjusted Weight Stability
"Case100_5;0;5;0;1.0;1.0;0.7807033445628238;0.7807033445628238";;1.0;1.0
"Case110_5;1;5;1;1.0;1.0;0.9849338864934644;0.9849338864934644";;1.0;1.0
"Case211_5;0;5;0;1.0;1.0;0.9841259802833799;0.9841259802833799";;1.0;1.0
"Case240_5;1;5;1;1.0;1.0;0.9958584726835831;0.9958584726835831";;1.0;1.0
"Case33_5;1;5;1;1.0;1.0;0.9173359728150379;0.9173359728150379";;1.0;1.0
"Case58_5;0;5;0;1.0;1.0;0.9929558171316527;0.9929558171316527";;1.0;1.0
"Case70_5;1;5;1;1.0;1.0;0.9916317899330297;0.9916317899330297";;1.0;1.0
"Case96_5;0;5;0;1.0;1.0;0.8685696921604776;0.8685696921604776";;1.0;1.0
