Case ID;Actual;Prefix Length;Prediction;Prediction Probability;SHAP Subset Stability;SHAP Weight Stability;SHAP Adjusted Weight Stability
Case12_6;0;6;0;1.0;1.0;0.7574921195863435;0.7574921195863435
Case18_6;1;6;1;1.0;1.0;0.9769505029989561;0.9769505029989561
Case207_6;1;6;1;1.0;1.0;0.8981892972805768;0.8981892972805768
Case208_6;1;6;1;1.0;1.0;0.7616172006172387;0.7616172006172387
Case254_6;0;6;0;1.0;1.0;0.9982202521736355;0.9982202521736355
Case268_6;1;6;1;1.0;1.0;0.9476495809006862;0.9476495809006862
Case56_6;0;6;0;1.0;1.0;0.9974211279507004;0.9974211279507004
Case62_6;0;6;0;1.0;1.0;0.9975504576265621;0.9975504576265621
