Case ID;Actual;Prefix Length;Prediction;Prediction Probability;SHAP Subset Stability;SHAP Weight Stability;SHAP Adjusted Weight Stability
Case207_11;1;11;1;1.0;1.0;0.9998595895848404;0.9998595895848404
Case209_11;0;11;0;1.0;1.0;0.9998378491997943;0.9998378491997943
Case263_11;0;11;0;1.0;1.0;0.9998115642449372;0.9998115642449372
Case277_11;1;11;1;1.0;1.0;0.9998112878242563;0.9998112878242563
Case27_11;0;11;0;1.0;1.0;0.9998735929354431;0.9998735929354431
Case3_11;0;11;0;1.0;1.0;0.9998495215652154;0.9998495215652154
Case44_11;1;11;1;1.0;1.0;0.9998358416952571;0.9998358416952571
Case95_11;1;11;1;1.0;1.0;0.9998164996178447;0.9998164996178447
