Case ID;Actual;Prefix Length;Prediction;Prediction Probability;SHAP Subset Stability;SHAP Weight Stability;SHAP Adjusted Weight Stability
Case210_9;0;9;0;1.0;1.0;0.9998861650776236;0.9998861650776236
Case211_9;0;9;0;1.0;1.0;0.9979079069479014;0.9979079069479014
Case249_9;1;9;0;1.0;1.0;0.9999169597328321;0.9999169597328321
Case250_9;0;9;0;1.0;1.0;0.9692701473620037;0.9692701473620037
Case274_9;0;9;0;1.0;1.0;0.9997644199705178;0.9997644199705178
Case37_9;1;9;1;1.0;1.0;0.9998518888343058;0.9998518888343058
Case6_9;1;9;1;1.0;1.0;0.9998612512096279;0.9998612512096279
Case73_9;1;9;1;1.0;1.0;0.999742727717736;0.999742727717736
