Case ID;Actual;Prefix Length;Prediction;Prediction Probability;SHAP Subset Stability;SHAP Weight Stability;SHAP Adjusted Weight Stability;LIME Subset Stability;LIME Weight Stability;LIME Adjusted Weight Stability
Case118_3;1;3;1;1.0;1.0;0.9634820732267779;0.9634820732267779;0.9342040170179083;0.9844648606476616;0.9844648606476616
Case125_3;0;3;1;1.0;0.5814451158106748;0.7826602069395782;0.7826602069395782;0.9160441263539164;0.9786375569593186;0.9786375569593186
Case127_3;1;3;1;1.0;0.5984905660377359;0.8985974339834716;0.8985974339834716;0.942786101754703;0.9826243867573959;0.9826243867573959
Case248_3;1;3;1;1.0;0.8325780463242698;0.8287979356737555;0.8287979356737555;0.9608693642007221;0.9551831084546897;0.9551831084546897
Case34_3;0;3;1;1.0;0.5814451158106748;0.9170770641513313;0.9170770641513313;0.900365312498623;0.9758599803264169;0.9758599803264169
Case87_3;1;3;1;1.0;0.3303121852970795;0.8930162679770811;0.8930162679770811;0.9109672459662095;0.970109919594247;0.970109919594247
Case90_3;0;3;0;1.0;0.7845804988662132;0.9297317483268046;0.9297317483268046;0.9487093788564377;0.9726888901559;0.9726888901559
Case99_3;0;3;1;1.0;0.7845804988662132;0.9312209750994677;0.9312209750994677;0.8617869648706653;0.9392748505962234;0.9392748505962234
