Case ID,Actual,Prefix Length,Prediction,Prediction Probability
Case103,1,1,1,0.9999568924736912
Case105,0,1,1,1.0
Case265,0,1,0,1.0
Case35,1,1,1,0.9999990136054924
Case6,1,1,0,0.9774532901302335
Case69,0,1,0,0.9999876659483903
