Case ID;Actual;Prefix Length;Prediction;Prediction Probability;SHAP Subset Stability;SHAP Weight Stability;SHAP Adjusted Weight Stability
Case118_3;1;3;1;1.0;1.0;0.9634820732267779;0.9634820732267779
Case125_3;0;3;1;1.0;0.5814451158106748;0.7826602069395782;0.7826602069395782
Case127_3;1;3;1;1.0;0.5984905660377359;0.8985974339834716;0.8985974339834716
Case248_3;1;3;1;1.0;0.8325780463242698;0.8287979356737555;0.8287979356737555
Case34_3;0;3;1;1.0;0.5814451158106748;0.9170770641513313;0.9170770641513313
Case87_3;1;3;1;1.0;0.3303121852970795;0.8930162679770811;0.8930162679770811
Case90_3;0;3;0;1.0;0.7845804988662132;0.9297317483268046;0.9297317483268046
Case99_3;0;3;1;1.0;0.7845804988662132;0.9312209750994677;0.9312209750994677
