Case ID;Actual;Prefix Length;Prediction;Prediction Probability;SHAP Subset Stability;SHAP Weight Stability;SHAP Adjusted Weight Stability
Case111_4;1;4;1;1.0;1.0;0.7369515094504313;0.7369515094504313
Case188_4;1;4;1;1.0;1.0;0.8122019146796824;0.8122019146796824
Case190_4;0;4;0;1.0;1.0;0.985279199264123;0.985279199264123
Case210_4;0;4;1;1.0;0.832744751814793;0.7908463841945221;0.7908463841945221
Case225_4;1;4;1;1.0;1.0;0.827280777951652;0.827280777951652
Case236_4;0;4;0;1.0;1.0;0.47193355466409315;0.47193355466409315
Case242_4;1;4;1;1.0;1.0;0.8457261777027998;0.8457261777027998
Case72_4;0;4;0;1.0;1.0;0.8848895120131;0.8848895120131
