Case ID;Actual;Prefix Length;Prediction;Prediction Probability;SHAP Subset Stability;SHAP Weight Stability;SHAP Adjusted Weight Stability
Case115_8;1;8;1;1.0;1.0;0.9703189312246718;0.9703189312246718
Case119_8;0;8;1;1.0;1.0;0.8552523328573449;0.8552523328573449
Case127_8;1;8;1;1.0;1.0;0.963496433358231;0.963496433358231
Case251_8;0;8;0;1.0;1.0;0.9385891428036295;0.9385891428036295
Case27_8;0;8;0;1.0;1.0;0.9656715291073407;0.9656715291073407
Case28_8;1;8;1;1.0;1.0;0.9797220197577351;0.9797220197577351
Case61_8;1;8;1;1.0;1.0;0.9789439215809231;0.9789439215809231
Case9_8;0;8;0;1.0;1.0;0.9615073113461914;0.9615073113461914
