Case ID;Actual;Prefix Length;Prediction;Prediction Probability;SHAP Subset Stability;SHAP Weight Stability;SHAP Adjusted Weight Stability;LIME Subset Stability;LIME Weight Stability;LIME Adjusted Weight Stability;ACV Subset Stability;ACV Weight Stability;ACV Adjusted Weight Stability
Case210_9;0;9;0;1.0;1.0;0.9998861650776236;0.9998861650776236;;1.0;1.0;;1.0;1.0
Case211_9;0;9;0;1.0;1.0;0.9979079069479014;0.9979079069479014;;1.0;1.0;;1.0;1.0
Case249_9;1;9;0;1.0;1.0;0.999916959732832;0.999916959732832;;1.0;1.0;;1.0;1.0
Case250_9;0;9;0;1.0;1.0;0.9692701473620036;0.9692701473620036;;1.0;1.0;;1.0;1.0
Case274_9;0;9;0;1.0;1.0;0.9997644199705178;0.9997644199705178;;1.0;1.0;;1.0;1.0
Case37_9;1;9;1;1.0;1.0;0.9998518888343058;0.9998518888343058;;1.0;1.0;;1.0;1.0
Case6_9;1;9;1;1.0;1.0;0.999861251209628;0.999861251209628;;1.0;1.0;;1.0;1.0
Case73_9;1;9;1;1.0;1.0;0.9997427277177359;0.9997427277177359;;1.0;1.0;;1.0;1.0
