Case ID;Actual;Prefix Length;Prediction;Prediction Probability;SHAP Subset Stability;SHAP Weight Stability;SHAP Adjusted Weight Stability
Case127_10;1;10;1;1.0;1.0;0.9998445734620988;0.9998445734620988
Case251_10;0;10;0;1.0;1.0;0.9997953419794157;0.9997953419794157
Case274_10;0;10;0;1.0;1.0;0.9997742868302903;0.9997742868302903
Case32_10;1;10;1;1.0;1.0;0.9998593238994691;0.9998593238994691
Case38_10;1;10;1;1.0;1.0;0.9998410839627215;0.9998410839627215
Case44_10;1;10;1;1.0;1.0;0.9997874786160997;0.9997874786160997
Case67_10;0;10;0;1.0;1.0;0.9998553801334651;0.9998553801334651
Case9_10;0;10;0;1.0;1.0;0.9997267781869692;0.9997267781869692
