"Case ID;Actual;Prefix Length;Prediction;Prediction Probability;SHAP Subset Stability;SHAP Weight Stability;SHAP Adjusted Weight Stability";LIME Subset Stability;LIME Weight Stability;LIME Adjusted Weight Stability
"Case127;1;1;1;0.9999700019705444;0.8097324723247232;0.8140123348677811;0.8140123348677811";0.9488636363636364;0.9904621751146454;0.9904621751146454
"Case188;1;1;1;1.0;0.39449541284403666;0.9647201376489173;0.9647201376489173";0.9057519849203176;0.9927574486649872;0.9927574486649872
"Case21;1;1;1;1.0;0.6382530912917653;0.8972991894686773;0.8972991894686773";0.9262678106327562;0.9910056505275687;0.9910056505275687
"Case236;0;1;0;1.0;1.0;0.9935131081605351;0.9935131081605351";0.9769565946036535;0.9945995477795659;0.9945995477795659
"Case252;0;1;1;0.999534938234862;0.5787377450980393;0.9748031863953022;0.9748031863953022";0.9488636363636364;0.9930783952496514;0.9930783952496514
"Case39;0;1;1;0.99993682069741;0.49448529411764697;0.9520883505632749;0.9520883505632749";0.9890751628793898;0.9909355643481419;0.9909355643481419
"Case42;1;1;1;0.9752656150567216;0.746309963099631;0.9561250848825786;0.9561250848825786";0.9663649706457925;0.9894030954200901;0.9894030954200901
"Case97;0;1;0;0.999999999999858;1.0;0.9923904718951287;0.9923904718951287";0.9889344921937873;0.9927864688812889;0.9927864688812889
