Case ID;Actual;Prefix Length;Prediction;Prediction Probability;SHAP Subset Stability;SHAP Weight Stability;SHAP Adjusted Weight Stability;LIME Subset Stability;LIME Weight Stability;LIME Adjusted Weight Stability;ACV Subset Stability;ACV Weight Stability;ACV Adjusted Weight Stability
Case127;1;1;1;0.9999700019705444;0.8097324723247232;0.8140123348677811;0.8140123348677811;0.9488636363636364;0.9904621751146454;0.9904621751146454;;1.0;1.0
Case188;1;1;1;1.0;0.3944954128440367;0.9647201376489172;0.9647201376489172;0.9057519849203176;0.9927574486649872;0.9927574486649872;;1.0;1.0
Case21;1;1;1;1.0;0.6382530912917653;0.8972991894686773;0.8972991894686773;0.9262678106327562;0.9910056505275688;0.9910056505275688;;1.0;1.0
Case236;0;1;0;1.0;1.0;0.9935131081605352;0.9935131081605352;0.9769565946036536;0.994599547779566;0.994599547779566;;1.0;1.0
Case252;0;1;1;0.9995349382348621;0.5787377450980393;0.9748031863953022;0.9748031863953022;0.9488636363636364;0.9930783952496514;0.9930783952496514;;1.0;1.0
Case39;0;1;1;0.9999368206974101;0.494485294117647;0.9520883505632748;0.9520883505632748;0.9890751628793898;0.990935564348142;0.990935564348142;;1.0;1.0
Case42;1;1;1;0.9752656150567216;0.7463099630996309;0.9561250848825786;0.9561250848825786;0.9663649706457924;0.98940309542009;0.98940309542009;;1.0;1.0
Case97;0;1;0;0.9999999999998579;1.0;0.9923904718951287;0.9923904718951287;0.9889344921937872;0.9927864688812889;0.9927864688812889;;1.0;1.0
