Case ID,Actual,Prefix Length,Prediction,Prediction Probability
Case194,1,1,1,1.0
Case195,0,1,0,1.0
Case239,0,1,1,0.9999981973352637
Case250,0,1,0,1.0
Case256,1,1,0,1.0
Case54,1,1,1,1.0
Case65,0,1,1,0.9999999999992895
Case70,1,1,1,0.999999999999801
