Case ID;Actual;Prefix Length;Prediction;Prediction Probability;SHAP Subset Stability;SHAP Weight Stability;SHAP Adjusted Weight Stability;LIME Subset Stability;LIME Weight Stability;LIME Adjusted Weight Stability
Case127_10;1;10;1;1.0;1.0;0.9998445734620988;0.9998445734620988;;1.0;1.0
Case251_10;0;10;0;1.0;1.0;0.9997953419794157;0.9997953419794157;;1.0;1.0
Case274_10;0;10;0;1.0;1.0;0.9997742868302903;0.9997742868302903;;1.0;1.0
Case32_10;1;10;1;1.0;1.0;0.9998593238994691;0.9998593238994691;;1.0;1.0
Case38_10;1;10;1;1.0;1.0;0.9998410839627215;0.9998410839627215;;1.0;1.0
Case44_10;1;10;1;1.0;1.0;0.9997874786160997;0.9997874786160997;;1.0;1.0
Case67_10;0;10;0;1.0;1.0;0.9998553801334651;0.9998553801334651;;1.0;1.0
Case9_10;0;10;0;1.0;1.0;0.9997267781869692;0.9997267781869692;;1.0;1.0
