Case ID;Actual;Prefix Length;Prediction;Prediction Probability;SHAP Subset Stability;SHAP Weight Stability;SHAP Adjusted Weight Stability;LIME Subset Stability;LIME Weight Stability;LIME Adjusted Weight Stability
Case109_2;1;2;1;1.0;1.0;0.8694104294183411;0.8694104294183411;0.9544700460829493;0.9816632637508051;0.9816632637508051
Case195_2;0;2;0;1.0;1.0;0.7943779859466966;0.7943779859466966;0.9060522151898734;0.9795239831421716;0.9795239831421716
Case199_2;1;2;1;1.0;1.0;0.790427803117679;0.790427803117679;0.8928436281073528;0.9852477566643016;0.9852477566643016
Case219_2;1;2;1;1.0;0.832274011299435;0.7124887782313413;0.7124887782313413;0.8819625642262519;0.9822441123992236;0.9822441123992236
Case240_2;1;2;1;0.9999999999999148;0.7121648235115892;0.7805227314995975;0.7805227314995975;0.927003934103762;0.9817206762227249;0.9817206762227249
Case274_2;0;2;0;1.0;0.7841236176336919;0.9596076414570023;0.9596076414570023;0.9164506236569008;0.9103407322602326;0.9103407322602326
Case39_2;0;2;1;0.6631226741368845;0.6402060293894865;0.494029207313031;0.494029207313031;0.890505901155643;0.9802990601576566;0.9802990601576566
Case60_2;0;2;1;1.0;0.32909604519774016;0.4075858794819691;0.4075858794819691;0.9028328118252279;0.985845173000477;0.985845173000477
