Case ID;Actual;Prefix Length;Prediction;Prediction Probability;SHAP Subset Stability;SHAP Weight Stability;SHAP Adjusted Weight Stability
Case109_2;1;2;1;1.0;1.0;0.8694104294183411;0.8694104294183411
Case195_2;0;2;0;1.0;1.0;0.7943779859466966;0.7943779859466966
Case199_2;1;2;1;1.0;1.0;0.790427803117679;0.790427803117679
Case219_2;1;2;1;1.0;0.832274011299435;0.7124887782313413;0.7124887782313413
Case240_2;1;2;1;0.9999999999999148;0.7121648235115892;0.7805227314995975;0.7805227314995975
Case274_2;0;2;0;1.0;0.7841236176336919;0.9596076414570023;0.9596076414570023
Case39_2;0;2;1;0.6631226741368845;0.6402060293894865;0.494029207313031;0.494029207313031
Case60_2;0;2;1;1.0;0.32909604519774016;0.4075858794819691;0.4075858794819691
