Case ID;Actual;Prefix Length;Prediction;Prediction Probability;SHAP Subset Stability;SHAP Weight Stability;SHAP Adjusted Weight Stability;LIME Subset Stability;LIME Weight Stability;LIME Adjusted Weight Stability;ACV Subset Stability;ACV Weight Stability;ACV Adjusted Weight Stability
Case115_8;1;8;1;1.0;1.0;0.9703189312246718;0.9703189312246718;;1.0;1.0;;1.0;1.0
Case119_8;0;8;1;1.0;1.0;0.8552523328573449;0.8552523328573449;;1.0;1.0;;1.0;1.0
Case127_8;1;8;1;1.0;1.0;0.9634964333582309;0.9634964333582309;;1.0;1.0;;1.0;1.0
Case251_8;0;8;0;1.0;1.0;0.9385891428036296;0.9385891428036296;;1.0;1.0;;1.0;1.0
Case27_8;0;8;0;1.0;1.0;0.9656715291073408;0.9656715291073408;;1.0;1.0;;1.0;1.0
Case28_8;1;8;1;1.0;1.0;0.9797220197577352;0.9797220197577352;;1.0;1.0;;1.0;1.0
Case61_8;1;8;1;1.0;1.0;0.9789439215809232;0.9789439215809232;;1.0;1.0;;1.0;1.0
Case9_8;0;8;0;1.0;1.0;0.9615073113461914;0.9615073113461914;;1.0;1.0;;1.0;1.0
