Case ID,Actual,Prefix Length,Prediction,Prediction Probability
Case109_2,1,2,1,1.0
Case195_2,0,2,0,1.0
Case199_2,1,2,1,1.0
Case219_2,1,2,1,1.0
Case240_2,1,2,1,0.9999999999999147
Case274_2,0,2,0,1.0
Case39_2,0,2,1,0.6631226741368845
Case60_2,0,2,1,1.0
