Case ID;Actual;Prefix Length;Prediction;Prediction Probability;SHAP Subset Stability;SHAP Weight Stability;SHAP Adjusted Weight Stability;LIME Subset Stability;LIME Weight Stability;LIME Adjusted Weight Stability
Case17_13;1;13;1;1.0;1.0;0.9997989945330842;0.9997989945330842;;1.0;1.0
Case19_13;1;13;1;1.0;1.0;0.9998913908310721;0.9998913908310721;;1.0;1.0
Case21_13;1;13;1;1.0;1.0;0.9998307183981825;0.9998307183981825;;1.0;1.0
Case265_13;0;13;0;1.0;1.0;0.9997297186992999;0.9997297186992999;;1.0;1.0
Case269_13;0;13;0;1.0;1.0;0.9998858698755873;0.9998858698755873;;1.0;1.0
Case273_13;0;13;0;1.0;1.0;0.9996880476176898;0.9996880476176898;;1.0;1.0
Case89_13;0;13;0;1.0;1.0;0.9997963237163793;0.9997963237163793;;1.0;1.0
Case95_13;1;13;1;1.0;1.0;0.9997941573728374;0.9997941573728374;;1.0;1.0
