Case ID,Actual,Prefix Length,Prediction,Prediction Probability
Case185_9,0,9,0,1.0
Case210_9,0,9,0,0.9999999997382929
Case257_9,1,9,1,1.0
Case258_9,1,9,0,0.9999998560314328
Case27_9,0,9,0,1.0
Case37_9,1,9,1,1.0
Case38_9,1,9,1,1.0
Case41_9,0,9,0,1.0
